id_cliente,nome,email,idade,cidade,data_cadastro,telefone
679,GUSTAVO SLIVA,gustavo.sliva@gmail.com,32,rio de janeiro,2023-02-16 00:00:00,(70)92664-8803
880,Lucas dos Mendes,lucas.dos.mendes@empresa.com.br,41,sãopualo,2022-06-21 00:00:00,0000
901,  pedro rocha ,,44, Salvador,2021-07-26 00:00:00,(83)91748-8658
244, Diego Pinto  ,diego.pinto256@yahoo.com.br,32,Niteroi,2022-05-11 00:00:00,XXXXX
329,HELENA MOURA,helena.moura@hotmail.com,79,sãopaulo,2023-04-25 00:00:00,(50)93669-3911
462,M. Araujo,m.araujo@yahoo.com.br,40,Recife,2022-03-02 00:00:00,(96)92072-6543
255,CAIMLA MOURA,caimla.moura@empresa.com.br,66,SAO PAULO,2022-03-24 00:00:00,(87)95764-1606
82,EDUARDO SOUZA,eduardo.souza@gmail.com,999,Fortaleza,2021-02-04 00:00:00,(60)99856-6435
44, Larissa Campos,larissa.camposgmail.com,64,Salvadro,2020-01-16 00:00:00,(69)92275-6129
951,RAFAEL MOURA,rafael.moura@yahoo.com.br,41,SAOPAULO,2022-10-27 00:00:00,(74)93110-5162
1146,MARIANA SOUZA,mariana.souza@ ,78,CTBA,2023-01-15 00:00:00,(37)93996-7778
662,PAULO ALMEIDA,paulo.almeida@outlook.com,79,Brasília,2023-06-19 00:00:00,(36)96313-8251
856,Carlos Araujo,carlos.araujo@gmail.com,,sãopaulo,2022-04-02 00:00:00,
209,vitor almeida,vitor.almeida348@empresa.com.br,-1,bh,2021-08-09 00:00:00,XXXXX
931,mateus nunes sr.,mateus.nunes.sr.@outlook.com,77,SJC,2021-06-28 00:00:00,(37)96287-2574
399,Valentina da Mendes,valentina.da.mendes@gmail.com,76,BH,2021-03-18 00:00:00,(79)99300-5007
1049,Tiago de Campos,tiago.de.campos@hotmail.com,58,brasília,2021-03-10 00:00:00,(31)98513-4897
1184,LIVIA SILVA,,70,sp,2022-09-15 00:00:00,
744,Camila Pinto,camila.pinto@empresa.com.br,2,RIO DE JANEIRO,2022-09-08 00:00:00,(31)95621-4471
577,carlos silva ,carlos.silva@empresa.com.br,47,Manaus,2021-12-04 00:00:00,(84)92689-6573
975,valentina gomes,valentina.gomes@outlook.com,28, SP,2021-06-16 00:00:00,(61)95769-8679
668,JULIA DO PINTO,julia.do.pinto@hotmail.com,61,SJC,2022-10-15 00:00:00,(47)98863-1112
1099,Vitor Barbosa,vitor.barbosa@yahoo.com.br,47,Belo Horizonte,2023-03-26 00:00:00,(32)99763-8731
673,DIEGO SOUZA,diego.souza@hotmail.com,71,  Fortaleza,2022-04-27 00:00:00,(56)92747-3234
391,Samueld o Ribeiro,samueld.o.ribeiro@outlook.com,78,CTBA,2022-06-01 00:00:00,
618,AnaS ouza,anas.ouza@empresa.com.br,78,Brasília,2023-01-11 00:00:00,(96)95808-3725
197,  Laura Nunes ,laura.nunes112@yahoo.com.br,64,belo horizonte,2021-09-01 00:00:00,(29)93444-8421
630, Clara Ferreira  ,clara.ferreira589@yahoo.com.br,-1,SÃO PAULO,2021-05-19 00:00:00,(38)93228-5562
880,Lucas dos Mendes,lucas.dos.mendes@empresa.com.br,41,sãopualo,2022-06-21 00:00:00,0000
986, Sofia Lima,sofia.lima@empresa.com.br,trinta,,2020-08-22 00:00:00,(31)94798-4155
584,SAMUEL ROCHA,samuel.rocha@hotmail.com,43,Sao Jose dos Campos,2022-03-17 00:00:00,(93)91116-5994
797,Maria Ribeiro,maria.ribeiro@outlook.com,41,SÃO PUALO,2020-08-22 00:00:00,(64)98961-7348
193,PEDRO SOUZA,pedro.souza@yahoo.com.br,84,belo horizonte,2021-11-15 00:00:00,XXXXX
452,diego campos,diego.campos@ ,64,Sao Paulo,2023-10-25 00:00:00,(85)97911-7451
997,IGOR NUNES JR,igor.nunes@user#mail.com,52,Niterói,2021-09-16 00:00:00,(15)94617-7759
491, IGO RNUNES ,igo.rnunes@outlook.com,29,CAMPINAS,2023-02-06 00:00:00,(86)95970-6913
424,Vitor Santana ,vitor.santana@hotmail.com,26,recife,2021-07-28 00:00:00,(58)91372-7378
295,LauraC osta,laurac.osta@gmail.com,44,recfie,2022-05-07 00:00:00,
383,Sandra Martins,sandra.martins@yahoo.com.br,66,Sao Paulo,2020-05-01 00:00:00,XXXXX
169,Fernanda Nunes,fernanda.nunes@yahoo.com.br,, salvador ,2022-11-29 00:00:00,(81)93627-2128
940,  bruno ribeiro,,80,SP,2022-10-15 00:00:00,(53)97924-6987
1048,Camila Carvalho,,43, rio de janeiro  ,2021-05-20 00:00:00,(60)92538-4167
378,Lucas Souza,lucas.souza@empresa.com.br,64,Goiania  ,2021-12-16 00:00:00,0000
993,ANA OLIVEIRA,ana.oliveira@gmail.com,27,Fortaleza,2020-08-19 00:00:00,(84)93141-1757
1038,JOÃO ALMEIDA,,34,NITERÓI,2023-01-15 00:00:00,0000
666,RENATO DE SANTAAN  ,renato.de.santaan207@gmail.com,71,Niterói,2021-11-18 00:00:00,(20)93702-7985
622, Fernanda dos Pinto  ,fernanda.dos.pinto@user#mail.com,48,SãoPaulo,2023-01-03 00:00:00,(83)92690-3473
431,GUSTAVOT EIXEIRA,gustavot.eixeira@mail(at)domain.com,17,Fortaleza,2022-02-17 00:00:00,(69)91008-5124
772,Marcos do Martins,marcos.do.martins@empresa.com.br,24,bh,2022-08-24 00:00:00,(15)91979-3443
554,  larissa souza,larissa.souza@yahoo.com.br,18,  VILA VELHA  ,2022-02-27 00:00:00,(28)98629-2008
948,BRUON ARAUJO,bruon.araujo@yahoo.com.br,20,rio de janerio,2021-11-08 00:00:00,(63)96907-9995
1109,  helena souza  ,helena.souza@yahoo.com.br,-25,Manaus,2023-05-19 00:00:00,(93)97089-2862
718,Diego dos Mratins,diego.dos.mratins@empresa.com.br,49,SAO JOSE DOS CAMPOS,2022-03-06 00:00:00,(89)91570-6834
50,Mateus de Costa,mateus.de.costa@outlook.com,37, Campinas  ,2021-02-28 00:00:00,(41)96070-8684
888,Maria do Almeida,maria.do.almeida@yahoo.com.br,79,BRASILIA,2021-11-01 00:00:00,(13)99947-7408
260,clara mendes,clara.mendes@outlook.com,999, Vila Velha ,2022-10-04 00:00:00,
819,camila silva ,camila.silva@yahoo.com.br,55,SP,2021-06-05 00:00:00,(79)98156-8541
738,gustavo silva,gustavo.silva@None,67,RJ,2021-11-03 00:00:00,
655,h ugo pinto ,h.ugo.pinto@outlook.com,-25,SãoPaulo,2021-09-26 00:00:00,(34)92848-4924
669,Ana Silva,ana.silva836@yahoo.com.br,70,GIOANIA,2021-11-23 00:00:00,(71)94263-1616
619,Smauel do Santana,,48,BELO HORIZONTE,2022-04-08 00:00:00,(75)93372-5370
79,HUGO TEIXEIRA,hugo.teixeira@hotmail.com,39,Desconhecido,2023-09-01 00:00:00,
64,ALICE CARVALHO,,76,POA,2021-03-06 00:00:00,XXXXX
1000,PAUOL MENDES,pauol.mendes@outlook.com,-25,SJC,2021-12-21 00:00:00,XXXXX
835,pedro barbosa,pedro.barbosa@gmail.com,64,Niterói ,2021-09-08 00:00:00,(49)91736-1431
959,CAMILA FERREIRA,,46,desconhecido,2021-02-07 00:00:00,
304,RAFAEL COSAT,rafael.cosat@empresa.com.br,46, Roi  ,2023-01-28 00:00:00,(43)98803-3016
171,bruno souza,bruno.souza@outlook.com,42,manasu,2021-01-30 00:00:00,(18)95355-9667
1074,MARIA ALMEIDA,maria.almeida@empresa.com.br,34,poa  ,2021-11-27 00:00:00,(45)98170-2310
77,marcos ribeiro,marcos.ribeiro@hotmail.com,42,Niteroi  ,2023-04-10 00:00:00,(37)97498-4921
788,mateus souza,mateus.souza@yahoo.com.br,45,BELO HORIZONTE,2022-07-05 00:00:00,(24)95276-7564
674,  Julia Almeida ,julia.almeida@outlook.com,trinta,RECIFE,2022-03-14 00:00:00,(61)97355-4625
129,LUCAS DA SOUZA,lucas.da.souza@gmail.com,74,RJ,2021-11-07 00:00:00,XXXXX
869,Mateus de Rocha ,mateus.de.rocha@hotmail.com,85,  BH  ,2021-08-16 00:00:00,(39)99158-2372
535, Laura Mendes ,laura.mendes@outlook.com,49,vilav elha,2021-05-31 00:00:00,(21)99993-9946
298,Samuel Gomes,samuel.gomes@yahoo.com.br,65,DESCONHECIDO,2022-10-04 00:00:00,(14)93422-5281
586,Carlos Ribeiro,carlos.ribeiro@mail(at)domain.com,74,  Brasília  ,2021-07-24 00:00:00,(33)93542-4507
950,BEATRIZ DA SILVA,beatriz.da.silva@outlook.com,,BH,2021-11-11 00:00:00,(29)91499-9668
716,Calros Mendes,calros.mendes@yahoo.com.br,60,SP,2022-08-03 00:00:00,(69)93224-9043
611,HUGO FERREIRA,hugo.ferreira@outlook.com,59,  Fortaleza,2020-08-08 00:00:00,XXXXX
786,Gustavo Almeida,gustavo.almeida@gmail.com,64,NITERÓI,2020-06-11 00:00:00,(87)92386-3535
742,  camila silva  ,camila.silva@gmail.com,107,salvador,2022-02-21 00:00:00,(57)96765-8627
45,camila teixeira,camila.teixeira@empresa.com.br,66,  Nitero i ,2023-08-20 00:00:00,(93)93419-4871
732,LIVIA ROCHA,livia.rocha791@user#mail.com,58,SP,2021-02-24 00:00:00,(13)95699-7513
309,vitor lima,vitor.lima@hotmail.com,23,  SP  ,2021-03-15 00:00:00,(62)95014-1556
1196,H. Lima,,29,BH,2021-12-07 00:00:00,
32,João Costa,joão.costa@outlook.com,85,SAO PAULO,2023-06-17 00:00:00,
1064,eduardo ribeiro,eduardo.ribeiro@gmail.com,-1,  Rio de Janeiro,2021-06-22 00:00:00,(14)98155-4425
359,Diego Moura,diego.moura@yahoo.com.br,42,goiania ,2022-11-04 00:00:00,
410,mariana olievira,mariana.olievira@hotmail.com,52,SãoPaulo,2021-12-09 00:00:00,(44)98202-5334
124,Rafael do Araujo ,rafael.do.araujo@empresa.com.br,58,manaus,2020-04-21 00:00:00,(31)99021-2442
87,TIAGO BARBOSA,tiago.barbosa@ ,24, SJC,2023-07-30 00:00:00,(59)92211-8357
761,Tiago Costa,tiago.costa@hotmail.com,22,POA,2022-07-30 00:00:00,(27)97133-5117
694,pedro carvalho,pedro.carvalho@empresa.com.br,33,Belo Horizonte,2021-12-14 00:00:00,(45)98129-1147
561,Vitor Almeida,vitor.almeida@gmail.com,22,POA,2022-10-23 00:00:00,
102,eRnato Araujo,ernato.araujo@outlook.com,74,POA,2023-06-15 00:00:00,XXXXX
423,Julia Pereira,julia.pereira@hotmail.com,29,Brasília,2021-07-14 00:00:00,(74)98600-5690
1144, Carlos da Pereira jr,carlos.da.pereira.jr@yahoo.com.br,83,,2021-03-03 00:00:00,(60)95097-8541
562,Vitor Ferreira,vitor.ferreira@yahoo.com.br,74,SÃO PAULO,2022-09-17 00:00:00,(42)93407-6412
219,Gustavo do Nunes,gustavo.do.nunes@yahoo.com.br,-25,BH,2022-05-31 00:00:00,(48)98405-7031
310,Julia Rocha,julia.rocha@empresa.com.br,26,  SP  ,2022-02-23 00:00:00,XXXXX
299,LIVIA CAMPOS  ,livia.campos@gmail.com,48,Goiania,2022-12-16 00:00:00,(22)92790-6642
290,Helena Almeida,helena.almeida@user#mail.com,75,sao paulo,2021-09-03 00:00:00,
1020,sofia rocha,,999,  curitbia  ,2021-07-26 00:00:00,
582,Vitor Nunes,vitor.nunes@outlook.com,52,SãoPaulo  ,2021-02-21 00:00:00,
114,DIEGO SILVA,diego.silva@outlook.com,146,SALVADOR,2023-01-12 00:00:00,(72)94271-2589
549,Maria Souza  ,maria.souza@mail(at)domain.com,63,Sao Paulo,2022-03-10 00:00:00,(75)95749-5786
707,  Maria dos Souza  ,maria.dos.souza@None,53,bh,2021-10-10 00:00:00,(69)97073-8176
848,b. ipnto,b.ipntooutlook.com,50, campinas ,2021-04-24 00:00:00,(95)94360-5483
1063,LARISSA OLIVEIRA,larissa.oliveira@mail(at)domain.com,72,Sao Jose dos Campos,2021-10-23 00:00:00,(97)97172-1078
175,Marcos Oliveira,marcos.oliveira@outlook.com,71,CURITIBA,2020-05-06 00:00:00,(91)97266-1886
650,Eduardo de Amleida,eduardo.de.amleida@gmail.com,80,Sao Paulo,2022-03-11 00:00:00,(16)97277-4831
536, Pedro Nunes ,pedro.nunesNone,92,BH,2021-02-14 00:00:00,
980,clara martins,clara.martins@hotmail.com,35,DESCONHECIDO,2021-11-08 00:00:00,(83)91195-4613
221,Diego Teixeira,diego.teixeira@hotmail.com,22,sp,2021-07-05 00:00:00,(33)93514-3641
296,MARCOS DA COSTA ,marcos.da.costa@outlook.com,41,RJ,2021-05-31 00:00:00,(65)99278-8101
345,  Renato Teixeira Filho  ,renato.teixeira.filho@hotmail.com,68,RJ,2023-06-06 00:00:00,(85)92596-1597
52,Maria dos Mendes  ,maria.dos.mendes@yahoo.com.br,76,ctba  ,2021-10-10 00:00:00,(47)94893-5934
71,m. costa,m.costa122@yahoo.com.br,80, Desconhecido ,2021-10-05 00:00:00,(69)97121-7813
440,BRUNO RIBEIRO,bruno.ribeiro@gmail.com,64,São Paulo,2021-06-10 00:00:00,(59)93042-2521
24,renato mendes,renato.mendes@hotmail.com,83,RECIFE ,2023-12-13 00:00:00,(46)91745-1893
644,  camila gomes jr.,camila.gomes.jr.@yahoo.com.br,trinta,sp,2022-03-08 00:00:00,(81)91100-3964
156,SANDRA TEIXEIRA,sandra.teixeira@gmail.com,44,Brasília,2020-10-10 00:00:00,(22)97536-6603
683,Rafael Silva,rafael.silva@outlook.com,42,São Paulo,2022-06-08 00:00:00,(35)98343-9140
108,B. Ribeiro,b.ribeiro@hotmail.com,47, Manaus ,2023-03-31 00:00:00,(78)95082-9907
59,ROBERTO TEIXEIRA,roberto.teixeira996@empresa.com.br,75,BRASÍLIA,2020-11-12 00:00:00,(27)98088-9238
1169, ALICE MENDES  ,alice.mendes@empresa.com.br,57,POA,2021-12-02 00:00:00,(32)96097-7359
978,Samuel dos Moura,samuel.dos.moura@gmail.com,85,sp,2022-08-09 00:00:00,(19)95079-7520
645,rafael mendes,rafael.mendes@empresa.com.br,30,POA,2021-08-09 00:00:00,(83)98598-8707
1070,ROBERTO BARBOSA,roberto.barbosa@yahoo.com.br,20,sp,2022-08-30 00:00:00,XXXXX
962,  Mateus Souza  ,mateus.souza@empresa.com.br,62,Campinas,2021-10-18 00:00:00,(38)95028-1321
448,  Sofia Silva ,sofia.silva170@hotmail.com,44,SJC,2021-05-19 00:00:00,(62)95857-7386
1166, PEDRO DO TEIXEIRA,pedro.do.teixeira736@yahoo.com.br,44,bh,2021-07-07 00:00:00,(64)91590-9577
372,JOÃO TEIXEIRA,joão.teixeirayahoo.com.br,80,  Rio de Janeiro,2021-07-25 00:00:00,(28)95560-5963
1157,m. almeida,m.almeida@gmail.com,20,Niteroi,2023-08-17 00:00:00,(32)95028-6869
724,Hugo da Pinto ,hugo.da.pinto994@yahoo.com.br,60,SJC,2021-12-06 00:00:00,XXXXX
1107,LAURA COSTA,laura.costa818@outlook.com,42,bh ,2021-06-07 00:00:00,(44)93122-3448
803,sofia campos,sofia.campos@yahoo.com.br,49,Sao Pualo,2021-05-13 00:00:00,(51)98540-3017
266,Vitor Ribeiro,vitor.ribeiro@yahoo.com.br,66,Belo Horizonte,2023-07-10 00:00:00,XXXXX
248,SAMUEL RIBEIRO,samuel.ribeiro@yahoo.com.br,49,POA,2020-04-13 00:00:00,(95)98208-1871
486,C. Souza,c.souza@outlook.com,31,rio de janeiro,2022-02-18 00:00:00,(12)95885-5276
55,pedro arauoj,pedro.arauoj@yahoo.com.br,59,SãoPaulo,2021-02-25 00:00:00,XXXXX
882,Rafael Silva,rafael.silva@yahoo.com.br,56,sp,2021-10-14 00:00:00,(11)99768-8731
680,samuel ribeiro,samuel.ribeiro@empresa.com.br,24,SãoPaulo,2022-01-10 00:00:00,(47)95173-9308
57,Bruno Rocha,bruno.rocha@outlook.com,19, Campinas  ,2021-02-01 00:00:00,(73)94279-3009
110,Mariana Santana,mariana.santana@empresa.com.br,-1,RIO,2022-10-17 00:00:00,(27)96582-3907
753,Camila da Teixeira,camila.da.teixeira@contato@@empresa..com,70,SALVADOR,2022-07-22 00:00:00,(21)97554-4178
965,MARIA CARVALHO,maria.carvalho@empresa.com.br,34,Camipnas,2020-09-24 00:00:00,(25)96665-4448
927,  Lucas Moura,lucas.mourayahoo.com.br,60,GOIANIA,2020-05-04 00:00:00,(64)95488-1132
278,camila araujo,camila.araujo@None,22,Curitiba ,2022-08-13 00:00:00,(70)96425-6499
479,lviia moura,,22,Goiania,2022-04-23 00:00:00,(71)95719-2003
542,Mariana Moura,mariana.moura@yahoo.com.br,41,Manuas,2020-10-19 00:00:00,(52)91750-6507
1037, Helena daC ampos ,helena.dac.ampos ,20,POA,2022-01-01 00:00:00,(33)94407-1780
333,Pedro Pinto,,999,Vila Velha,2020-11-06 00:00:00,0000
895,.T Pinto,.t.pinto@yahoo.com.br,58,PORTO ALEGRE  ,2022-02-15 00:00:00,(22)99755-9730
827,PAULO CAMPOS,paulo.campos@mail(at)domain.com,44,poa,2022-01-30 00:00:00,(20)96101-2046
907,CARLOS RIBEIRO,carlos.ribeiro@gmail.com,83,Desconhecido,2020-12-22 00:00:00,(18)93379-7050
552,MARIA PINTO,maria.pinto@outlook.com,38,Salvador,2020-05-21 00:00:00,(19)97548-5387
334,Igor da Costa,igor.da.costa@yahoo.com.br,79,Salvador,2022-04-19 00:00:00,(99)94593-2429
812,VITOR MENDES,vitor.mendes@yahoo.com.br,75,Campinas,2022-03-20 00:00:00,(93)99946-8914
705,  Camila Souza ,camila.souza186@hotmail.com,68,BELO HORIZONTE,2020-09-15 00:00:00,XXXXX
436,Bruno Ribeiro,bruno.ribeiro@yahoo.com.br,24,Niteroi,2022-11-06 00:00:00,(34)96263-8673
922,PAULO PERIERA,paulo.periera@outlook.com,23,RIO,2022-03-20 00:00:00,(53)99249-4684
728,JLUIA DE PINTO,jluia.de.pinto@hotmail.com,84,,2021-06-15 00:00:00,(90)91732-7360
498,  rafael silva  ,rafael.silva@empresa.com.br,-25, SP,2021-10-27 00:00:00,(12)95918-6622
351,RENATO SANTANA,renato.santana@yahoo.com.br,trinta, Niteroi ,2021-12-16 00:00:00,(57)94407-7402
893,Lucas Barbosa,lucas.barbosa@empresa.com.br,61,Sao Paulo,2021-05-11 00:00:00,(34)97965-8082
1108,Sandra Carvalho,sandra.carvalho@yahoo.com.br,999,Goianai,2021-03-28 00:00:00,
347, Eduardo da Ribeiro ,eduardo.da.ribeiro@yahoo.com.br,27, SAO JOSE DOS CAMPOS,2021-08-23 00:00:00,(23)98276-9247
579,Maria Moura,maria.moura@gmail.com,81,sjc,2021-02-08 00:00:00,XXXXX
747,  Samuel dos Araujo  ,samuel.dos.araujo@hotmail.com,63,Vila Vehla ,2021-08-08 00:00:00,(70)93007-6925
1122,vitor oliveira filho,vitor.oliveira.filho@yahoo.com.br,18,  Porto Alegre,2021-10-26 00:00:00,(46)96783-3673
210,SOFIA DA OLIVEIRA,sofia.da.oliveira315@gmail.com,37,sjc,2020-11-22 00:00:00,
515,Gustavo Silva,gustavo.silva@hotmail.com,47,  CTBA  ,2022-11-15 00:00:00,0000
426,DIEGO ARAUJO,diego.araujo@outlook.com,66,SJC,2022-05-02 00:00:00,(65)93032-2697
847,alice santana,alice.santana@hotmail.com,54,soã paulo,2023-04-18 00:00:00,(60)95786-8539
826,Roberto Costa,roberto.costa@gmail.com,81,Recife ,2020-10-15 00:00:00,(67)94868-2663
199, Alice Moura ,alice.moura17@hotmail.com,71,sp,2021-09-29 00:00:00,(90)93945-8444
590,M. Rocha,m.rocha@empresa.com.br,30,  ctba  ,2021-10-21 00:00:00,(93)93743-6705
241,VALENTINA PEREIRA,valentina.pereira@yahoo.com.br,70,RIO DE JANEIRO,2022-12-10 00:00:00,XXXXX
211,Camila Ribeiro,camila.ribeiro@hotmail.com,47,DESCONHECIDO,2023-02-16 00:00:00,0000
1010,Helena do Teixeira,helena.do.teixeira@gmail.com,62,sjc,2020-09-22 00:00:00,(94)98190-4432
625,  TIAGO GOMES,tiago.gomes@gmail.com,64, CTBA  ,2021-07-04 00:00:00,XXXXX
11,VITOR NUNES,vitor.nunes@hotmail.com,52,Recife,2021-06-10 00:00:00,0000
148,Heelna Barbosa,heelna.barbosa@outlook.com,31,Brasília,2023-01-25 00:00:00,0000
997,Igor Nunes,igor.nunes@user#mail.com,52,Niterói,2021-09-16 00:00:00,(15)94617-7759
1182,joão ferreira,joão.ferreira658@outlook.com,64,  POA,2020-08-04 00:00:00,(83)94915-1500
1120, Renato Nunes,renato.nunes@yahoo.com.br,16,SP,2021-04-22 00:00:00,(72)94162-9497
807,SAMUEL DA CAMPOS,samuel.da.campos@contato@@empresa..com,72,Belo Horizotne,2021-09-12 00:00:00,(38)93535-4019
681,EFRNANDA ROCHA,efrnanda.rocha@outlook.com,22,brasília,2021-06-17 00:00:00,(91)94695-3474
635,Laura Costa Sr.,laura.costa.sr.@yahoo.com.br,38,Belo Horizonte,2022-04-21 00:00:00,(80)91777-6420
840,Fernanda Silva ,fernanda.silva@outlook.com,81, rio ,2022-03-11 00:00:00,(89)91759-2237
991,CARLOS SANTANA,carlos.santana@ ,66,RJ,2022-08-08 00:00:00,(27)98642-6235
782,Igor Ferreira,igor.ferreiramail(at)domain.com,34,rio de janeiro,2022-03-11 00:00:00,(42)91146-3992
291, Lucas Santana,,22,SJC,2022-10-22 00:00:00,(67)91858-1076
844,SOFIA RIBEIRO,sofia.ribeiro@hotmail.com,65, PORTO ALEGRE,2022-07-12 00:00:00,(64)94219-9962
966,C. TEIXEIRA,c.teixeira@yahoo.com.br,49,GOIANIA,2021-07-17 00:00:00,(24)94657-6613
894,C. MARITNS,c.maritns@hotmail.com,16,CBTA,2022-10-16 00:00:00,(70)93495-8107
1042, Valentina Campos ,,61,Sao Jose dos Campos,2023-03-13 00:00:00,(50)93150-3917
425,roberto araujo,roberto.araujo@gmail.com,46,Sao Jose dos Campos,2022-03-29 00:00:00,(19)91112-1529
543,Renato Lima,,25,  SP,2021-10-31 00:00:00,(86)97703-2970
136,Sandra Moura,sandra.moura@empresa.com.br,999,SAO PAULO,2023-02-11 00:00:00,(18)95835-4342
529,Laura Silva,laura.silva@outlook.com,45,BRASÍLIA,2022-07-06 00:00:00,(68)94915-7504
234,Mariana Barbosa,mariana.barbosa@empresa.com.br,85,SÃO PAULO,2022-03-10 00:00:00,(59)98250-8531
468,C. ILMA,c.ilma@hotmail.com,40,Vila Velha,2021-10-16 00:00:00,(36)91924-7411
416,CARLOS ALMEIDA,carlos.almeida@empresa.com.br,26,BH,2022-06-02 00:00:00,(84)99306-7291
368,mateus campos,mateus.campos@empresa.com.br,61,CTBA,2024-01-29 00:00:00,(28)95954-4975
307,F. Campos,f.campos@hotmail.com,58,SP,2023-05-03 00:00:00,(33)98987-7419
159,LUCAS RIBEIRO,lucas.ribeiro@empresa.com.br,39, fortaleza,2021-06-25 00:00:00,XXXXX
141,  Sandra Silva  ,sandra.silvahotmail.com,18,SAO PAULO ,2022-07-04 00:00:00,(51)91276-7381
465,camila araujo,camila.araujo@mail(at)domain.com,97,RIO DE JANEIRO,2021-01-29 00:00:00,(60)94741-7091
889,Ana Oliveira,ana.oliveira@empresa.com.br,999,  Rio  ,2021-06-23 00:00:00,
568,V. Martins,v.martins894@gmail.com,76,  DESCONHECIOD  ,2021-04-30 00:00:00,(78)99741-5305
678,Livia de Martnis,livia.de.martnis@outlook.com,23,sãopaulo,2023-06-01 00:00:00,(44)98989-3795
1082,B. BARBOSA,b.barbosa@yahoo.com.br,999,Porto Algere,2022-06-13 00:00:00,(35)96937-4964
271,TIAGO CAMPOS,tiago.camposyahoo.com.br,16,Recife,2021-05-26 00:00:00,(79)92329-2270
297,FERNANDA DO LIMA,fernanda.do.lima@hotmail.com,77,são pualo,2021-10-04 00:00:00,(61)97113-7292
66,Fernanda Campos,fernanda.campos@empresa.com.br,999,POA,2021-08-10 00:00:00,(79)96608-9950
1157,m. almeida,m.almeida@gmail.com,20,Niteroi,2023-08-17 00:00:00,(32)95028-6869
1118,Tiago Souza Filho,tiago.souza.filho@hotmail.com,58, SÃPOAULO ,2021-11-08 00:00:00,XXXXX
909,Beatriz Souza ,beatriz.souza@empresa.com.br,24,Desconhecido,2020-07-06 00:00:00,(75)99014-4745
478,Helena Nunes,helena.nunes77@mail(at)domain.com,46,VILA VELHA,2022-10-11 00:00:00,XXXXX
313,Pedro Souza,pedro.souza@outlook.com,9,  rio de janeiro,2021-08-01 00:00:00,(65)92218-5177
97,IGOR OLIVEIRA,igor.oliveira489@gmail.com,trinta,rio,2022-11-06 00:00:00,(72)92160-4751
185, Valentina Pereira  ,valentina.pereira@gmail.com,31,sao paulo,2022-04-14 00:00:00,(59)97235-1719
286,Camila Campos,camila.campos@outlook.com,66,  SÃO PAULO ,2021-05-30 00:00:00,XXXXX
232,Roberto Mendes,roberto.mendes@gmail.com,66,bh,2021-09-17 00:00:00,(36)96548-4281
164,Livia Moura,livia.moura@empresa.com.br,999,BH,2021-03-22 00:00:00,(66)95799-4788
463, GUSTAVO CARVALHO  ,gustavo.carvalho@None,84,poa,2022-11-20 00:00:00,XXXXX
222,  Gustavo dos Pereira,gustavo.dos.pereira@empresa.com.br,67,DESCONHECIDO,2024-01-23 00:00:00,(75)96427-5842
1114,ANA ARAUJO JR.,ana.araujo.jr.@empresa.com.br,65,BRASÍLIA,2020-07-12 00:00:00,(75)98405-5389
157,BRUNO NUNES,bruno.nunes@hotmail.com,47,SJC  ,2022-05-05 00:00:00,XXXXX
362,JULIA DE ROCHA,julia.de.rocha752@empresa.com.br,79,RIO DE JANEIRO,2023-04-03 00:00:00,
632,Roberto Moura,roberto.moura@gmail.com,92,Rio,2022-03-07 00:00:00,0000
1041,paulo costa,paulo.costa@yahoo.com.br,67,ãSoPaulo,2022-01-30 00:00:00,(31)96318-6232
287,ROBERTO DO SANTANA,roberto.do.santana531@outlook.com,-25, Niteroi ,2021-06-28 00:00:00,
200,Valentina Mendes,valentina.mendes39@outlook.com,30,fortaleza,2022-01-30 00:00:00,(77)92281-9574
1034,MARCOS COSTA,marcos.costa@empresa.com.br,41,Recife,2022-03-23 00:00:00,(43)98396-5414
1051,Julia Lima,julia.lima@gmail.com,34,porto laegre,2022-02-22 00:00:00,
863, helena santana ,helena.santana@yahoo.com.br,19, bh,2022-03-28 00:00:00,
324,sofia ribeiro sr.,sofia.ribeiro.sr.677@gmail.com,76, RJ ,2021-12-17 00:00:00,(98)93134-6426
443,Diego Santana,diego.santana@mail(at)domain.com,57,São Paluo ,2021-07-17 00:00:00,(32)93591-2640
245,Tiago Gomes  ,tiago.gomes@empresa.com.br,70,RECIFE,2021-09-17 00:00:00,(66)98433-9096
382,SOFIA ALMEIDA,sofia.almeida@yahoo.com.br,19,Belo Horizonte,2020-01-20 00:00:00,(81)97358-5709
1177,GUSTAVO DA COSTA,gustavo.da.costa227@yahoo.com.br,68,,2021-12-15 00:00:00,(64)93384-5104
574,gustavo mendes,gustavo.mendes@hotmail.com,48,poa,2021-08-25 00:00:00,(91)92081-2376
1055,  julia silva,julia.silva@empresa.com.br,57,  Proto Alegre,2022-01-09 00:00:00,(77)91422-2296
935,Pedro Souza,pedro.souza@empresa.com.br,46,Salvador,2022-08-07 00:00:00,(20)97738-5085
1193,  amria barbosa,amria.barbosa@outlook.com,35,SP,2023-03-22 00:00:00,(92)97810-2861
353,helena pereira jr.,,32,  RJ  ,2022-10-13 00:00:00,(66)99399-7552
925,  Camila Campos  ,,58,Mnaaus,2023-02-21 00:00:00,(65)98419-1471
1162,Clara Carvalho,clara.carvalho@hotmail.com,73,Manaus,2020-05-06 00:00:00,XXXXX
1113,DIEGO BARBOSA,diego.barbosa@hotmail.com,16,Rio de Janeiro,2021-09-04 00:00:00,(36)92220-8699
1007, marcos de mendes ,marcos.de.mendes@outlook.com,84,RECIFE,2022-10-06 00:00:00,(82)99568-2865
1032,  HELENA PINTO ,helena.pinto@yahoo.com.br,85,Cuirtiba,2023-08-19 00:00:00,(14)96250-9186
1135,VITOR BARBOSA,vitor.barbosa@outlook.com,56,rio de janeiro,2020-11-03 00:00:00,XXXXX
606,RENATO DA MENDES,renato.da.mendes@empresa.com.br,66,SÃOPAULO,2020-12-31 00:00:00,(59)97287-9958
706,Lucas Carvalho,lucas.carvalho@outlook.com,33,FORTALEZA,2022-03-23 00:00:00,XXXXX
553,Gustavo Costa,gustavo.costa@gmail.com,83,Curitiba ,2021-04-29 00:00:00,0000
891,CAIMLA OLIVEIRA,caimla.oliveira@gmail.com,74,NIETRÓI,2020-08-09 00:00:00,
179,CARLOSF ERREIRA,carlosf.erreira889@yahoo.com.br,64,POA,2021-10-26 00:00:00,
498,Rafael Silva,rafael.silva@gmail.com,-25, SP,2021-10-27 00:00:00,(12)95918-6622
932,  DIEGO BARBOSA  ,diego.barbosa@empresa.com.br,67,Brasília,2022-07-23 00:00:00,XXXXX
276,C. Barbosa,,53,NITEROI,2022-03-04 00:00:00,(69)97290-8605
597,João de Pereira  ,,78,SÃOPAULO  ,2021-01-17 00:00:00,
490,  TIAGO RIBEIRO  ,tiago.ribeiro@empresa.com.br,58,fortaleza,2022-08-27 00:00:00,(79)91120-5610
89,Sofia Araujo,sofia.araujo@empresa.com.br,34,bh,2020-12-09 00:00:00,(68)96225-2100
652,HUGO COSTA,hugo.costa@outlook.com,81,MANAUS,2022-04-06 00:00:00,(90)97677-3416
910,Fernanda da Santana,fernanda.da.santana@gmail.com,72,Mnaaus,2022-07-23 00:00:00,(17)91169-3909
406,Tiago Gomes,tiago.gomes@hotmail.com,71, salvador  ,2022-12-16 00:00:00,(96)96668-7948
454,ANA RIBEIRO,ana.ribeiro@yahoo.com.br,61,Recife,2020-03-25 00:00:00,(51)99146-4050
731,ALCIE MENDES,alcie.mendes@gmail.com,73, RCEIFE,2020-10-17 00:00:00,(99)96320-3227
813,ANA RIBEIRO,ana.ribeiro@outlook.com,84,Niteroi,2022-07-04 00:00:00,(60)94158-9873
1181,Rafael do Rocha,,31,BH,2020-11-01 00:00:00,(29)92571-8576
332,Maria Rocha,maria.rocha@gmail.com,58,sp,2022-04-16 00:00:00,(34)97967-3461
267,Pedro Nunes,pedro.nunes@gmail.com,52,  Rio  ,2020-06-23 00:00:00,(13)96569-8160
60,ANA PEREIRA,ana.pereira@mail(at)domain.com,84,SÃO PAULO,2021-11-27 00:00:00,(88)96531-1674
520,FERNANDA DO ALMEIDA,fernanda.do.almeida@hotmail.com,24,SÃOAPULO,2023-06-04 00:00:00,(21)98530-6615
757,c. gomes ,c.gomes158@hotmail.com,58,BH,2020-08-04 00:00:00,(47)96383-1547
1102,DIEGO GOMES,diego.gomes89@hotmail.com,19,Salvador,2021-06-04 00:00:00,(63)91319-3431
1163,Vitor Costa  ,vitor.costa@yahoo.com.br,49,  Desconhecido  ,2022-09-01 00:00:00,(26)93523-6404
1008,DiegoA raujo,diegoa.raujo@empresa.com.br,64,PORTO ALEGRE,2021-01-27 00:00:00,(92)92839-5757
746,sofia gomes,sofia.gomes@outlook.com,59,belo hoirzonte,2021-07-18 00:00:00,(28)94837-7096
495,I. Almeida,i.almeida377@gmail.com,36,  BH  ,2023-02-21 00:00:00,(70)96692-5791
328,Sandra dos Pereira,sandra.dos.pereira@outlook.com,91,RIO,2023-06-19 00:00:00,(85)92743-7258
412,Eduardo Campos,eduardo.campos@gmail.com,39,DESCONHECIDO,2022-07-02 00:00:00,(84)98126-7542
709,joão ribeiro,joão.ribeiro@hotmail.com,43,Manaus,2020-01-22 00:00:00,(89)99055-9827
381,SOFIA GOMES,sofia.gomesgmail.com,65,RIO DE JANEIRO,2020-08-31 00:00:00,(60)98274-1727
1025,Gustavo Pereira,gustavo.pereira@hotmail.com,64, Niteroi  ,2021-09-21 00:00:00,(44)92281-4955
84,aLrissa Rocha,alrissa.rocha442@yahoo.com.br,68,sp,2022-03-04 00:00:00,0000
130,ana do santana,,32,PORT OALEGRE,2021-01-17 00:00:00,XXXXX
671,roberto teixeira,roberto.teixeira@yahoo.com.br,55,  Recife,2022-01-19 00:00:00,(47)94709-5417
809, M. Morua ,m.morua@outlook.com,16,  sjc ,2022-06-08 00:00:00,(92)97611-5298
977,L. Araujo,l.araujo@empresa.com.br,-1,belo horizonte,2022-11-23 00:00:00,XXXXX
858,RafaelR ibeiro,rafaelr.ibeiro@yahoo.com.br,,POA,2021-11-12 00:00:00,(24)95713-6397
261,Fernanda dos Teixeira,fernanda.dos.teixeira@yahoo.com.br,42,Niterói,2021-08-18 00:00:00,(36)95940-2380
576,  Sandra Costa  ,sandra.costa@ ,999, BRASÍLIA,2023-02-09 00:00:00,(59)96437-8481
589,Gustavo Costa,gustavo.costa@gmail.com,75,POA,2022-02-18 00:00:00,(58)99426-6855
954,Ana Mendes,ana.mendes@contato@@empresa..com,26,VILA VELHA,2023-10-17 00:00:00,(43)99536-6286
900,Roberto Mendes,,62,POA,2023-09-22 00:00:00,(63)94578-5125
139,F. Souza,f.souza@yahoo.com.br,36,Curitiba,2022-01-31 00:00:00,(90)99691-8780
293,Juli aRocha,juli.arocha@gmail.com,29,Goiania  ,2022-03-09 00:00:00,(99)93177-6440
1003,mariana rocha,mariana.rocha@hotmail.com,-1,BH,2022-08-15 00:00:00,0000
142,  Julia de Nunes,julia.de.nunes@yahoo.com.br,76,SÃOPAULO,2021-04-20 00:00:00,(29)95883-7113
591,MARIA OLIVEIRA,,42,BRASÍLIA,2023-08-23 00:00:00,
1089,ALICE DOS MARTINS,alice.dos.martins@outlook.com,75,SAO PAULO,2024-03-02 00:00:00,0000
808,  camila moura  ,,77,são paulo,2022-11-05 00:00:00,(32)99248-5984
140,Roberto dos Moura,roberto.dos.moura@gmail.com,63,poa,2022-05-12 00:00:00,(23)93742-9814
789,Mateus Teixeira,,16,CTBA,2021-01-31 00:00:00,(94)95757-1110
911,João Costa,joão.costa@gmail.com,22,  RIO,2022-01-06 00:00:00,(55)95875-2127
225,BEATRIZ COSTA,beatriz.costa@yahoo.com.br,33, Rio de Janeiro  ,2022-07-05 00:00:00,(14)91040-3523
595,H. Oliveira,h.oliveira@gmail.com,26, Curitiba  ,2022-08-30 00:00:00,(31)91124-4634
275,Rafael Santana Filho,rafael.santana.filho@gmail.com,82,SAO JOSE DOS CAMPOS,2023-06-28 00:00:00,(26)92401-1994
945,Valentina Lima,valentina.lima@empresa.com.br,25,POA,2021-07-03 00:00:00,(64)96214-9757
544, IGOR MOURA  ,igor.moura@gmail.com,16,desconhecido,2023-03-02 00:00:00,(84)95549-1001
377,D. Ferreira,,20,BH,2023-04-28 00:00:00,(27)95432-1683
875, BEATRIZ GOMES  ,beatriz.gomes@None,,  porto alegre,2021-09-27 00:00:00,(25)92103-3266
421,livia pinto,livia.pinto@empresa.com.br,17,Belo Horizonte,2022-11-27 00:00:00,(97)97390-5189
616,  Helena Nunes  ,helena.nunes@outlook.com,61,CTBA,2021-02-18 00:00:00,(32)97963-2247
667,Samuel Lima,samuel.lima@outlook.com,42,,2022-02-25 00:00:00,(99)96058-4326
721, Vitor Moura  ,vitor.moura477@outlook.com,23,SP,2020-06-16 00:00:00,0000
814,gustavo silva,,57,BH,2022-02-24 00:00:00,(77)97530-6283
534,BEATRIZ COSTA,beatriz.costa@outlook.com,84, SJC  ,2023-07-27 00:00:00,(59)93507-5598
623,Julia Moura,julia.moura@None,29,SÃO PAULO  ,2021-12-04 00:00:00,(16)91488-9321
343,Livia Martins,livia.martins@yahoo.com.br,30,RJ ,2020-07-01 00:00:00,(59)92022-6922
524,João Lima,,20,FORTALEZA,2020-12-05 00:00:00,(48)99619-2174
937,Samuel Martins  ,samuel.martins@hotmail.com,47,RIO,2022-01-28 00:00:00,(97)97908-2454
322,Roberto Lima,roberto.lima@user#mail.com,60,Sao Paulo,2021-12-24 00:00:00,(65)95059-3498
356,Marcos Pereira,marcos.pereira@hotmail.com,69,SP,2021-08-04 00:00:00,(47)91292-1076
271,TIAGO CAMPOS ,tiago.camposyahoo.com.br,16,Recife,2021-05-26 00:00:00,(79)92329-2270
913,sandra campos,sandra.campos@empresa.com.br,27,manasu,2022-04-28 00:00:00,(73)98019-8899
773,Vitor Lima,vitor.lima@yahoo.com.br,59,Niteroi,2021-11-27 00:00:00,0000
40,livia moura sr.,livia.moura.sr.@hotmail.com,57,bh,2023-09-10 00:00:00,XXXXX
31,  Fernanda Martins,fernanda.martins@gmail.com,35,PORTO ALEGRE,2022-12-15 00:00:00,0000
243,joão barbosa,joão.barbosa@empresa.com.br,,Porto Alegre,2022-03-04 00:00:00,(75)92087-6764
507,sofia ribeiro,sofia.ribeiro@hotmail.com,53,Rio de Janeiro,2021-10-30 00:00:00,XXXXX
137,sandra souza,sandra.souza391@yahoo.com.br,56,,2020-08-09 00:00:00,0000
311,  MARIANA BARBOSA,mariana.barbosa@outlook.com,trinta,salvador,2022-03-07 00:00:00,(99)93948-1087
1040,larissa ribeiro,larissa.ribeiro7@mail(at)domain.com,104,recife,2021-07-14 00:00:00,(58)93618-5006
555, LAURA SOUZA,laura.souza@gmail.com,28,Goiania,2020-11-09 00:00:00,(22)94243-9070
1100, RENATO BARBOSA ,renato.barbosa@gmail.com,24,  SJC  ,2019-12-27 00:00:00,(84)92979-2900
944,  fernanda oliveira filho  ,fernanda.oliveira@gmail.com,74,rio de janeiro,2021-10-05 00:00:00,(97)93727-4701
4, Gustavo Nunes,gustavo.nunes@hotmail.com,,eRcife,2021-08-05 00:00:00,(93)96573-2827
112,Pedro Gomse,pedro.gomse@outlook.com,25,Rio,2021-11-23 00:00:00,(53)98317-1186
651,ALICE DO COSTA,alice.do.costa@gmail.com,40,goiania,2021-04-06 00:00:00,
1076,Liiva Rocha,liiva.rocha@ ,82,recife,2022-07-15 00:00:00,
708,Paulo Nunes,paulo.nunes@None,84,Recife ,2023-04-08 00:00:00,(68)92342-8571
890,Ana Souza,ana.souza@gmail.com,51,  são paulo,2021-06-30 00:00:00,(39)98266-7834
804,Beatriz Moura,beatriz.moura@gmail.com,49,  aMnaus ,2023-05-31 00:00:00,(71)92453-9881
725,Julia Ribeiro,julia.ribeiro@outlook.com,81,RBASÍLIA,2022-01-27 00:00:00,(69)95240-1387
315,DIEGO OLIVEIRA,diego.oliveira948@hotmail.com,55,Fortaleza,2021-03-20 00:00:00,(17)93797-6210
995,Marcos Pinto,marcos.pinto@contato@@empresa..com,68,sãopaulo,2022-04-22 00:00:00,(84)98697-8365
320,ana do carvalho,,35,curitiba,2021-12-11 00:00:00,(65)93984-9788
1011, Fernanda Silva  ,fernanda.silva@mail(at)domain.com,36,SJC,2022-04-04 00:00:00,XXXXX
414,laura souza,laura.souza@mail(at)domain.com,63,São Paulo,2022-07-21 00:00:00,(70)94977-2569
6, Gustavo Teixeira  ,gustavo.teixeira@hotmail.com,67,Brasília,2021-11-27 00:00:00,(39)91117-2163
101,BEATRIZ DA GOMES,beatriz.da.gomes@gmail.com,47,SÃ OPAULO,2021-09-13 00:00:00,(12)93684-9133
778,Vitor dos Almeida,vitor.dos.almeida@hotmail.com,25,CTBA,2023-01-26 00:00:00,(93)95441-4633
383, Sandra Martins jr ,sandra.martins@yahoo.com.br,66,Sao Paulo,2020-05-01 00:00:00,XXXXX
530,JOÃO DE MENDES,joão.de.mendes@yahoo.com.br,84,Brasília,2020-11-20 00:00:00,XXXXX
1030, BRUNO PINTO,bruno.pinto@yahoo.com.br,44,SJC,2023-08-11 00:00:00,(88)94911-7939
364,Valentina Santana,valentina.santanaempresa.com.br,82,Vila Velha,2022-08-03 00:00:00,(29)97722-4608
714,MATEUS ARAUJO,mateus.araujo@yahoo.com.br,48,RJ  ,2021-08-13 00:00:00,(37)96484-9772
366,Livia Teixeira,livia.teixeira@hotmail.com,10,rio de janeiro,2020-02-25 00:00:00,
228,Sandra Teixeira,sandra.teixeira@hotmail.com,84,gioania,2023-04-20 00:00:00,(99)96940-3277
395,Eduardo Campos,eduardo.campos@hotmail.com,73,belo horizonte,2022-12-25 00:00:00,(27)98925-9014
693,LUCAS DOS MOURA,lucas.dos.moura131@yahoo.com.br,68,sp,2022-06-14 00:00:00,(93)95046-9864
967,Igor Moura,igor.moura@hotmail.com,149,Sao Jose dos Campos,2020-11-14 00:00:00,(62)91725-3545
661,VITOR ROCHA,vitor.rocha@hotmail.com,80, bh,2021-02-03 00:00:00,(74)92979-9284
67,  renato campos ,renato.campos@yahoo.com.br,51,rio de janeiro,2020-03-30 00:00:00,(47)92294-6674
68,  Vitor Moura  ,vitor.moura@outlook.com,76,SP,2022-09-13 00:00:00,(71)98822-4267
450, osfia ferreira  filho,osfia.ferreira.filhoempresa.com.br,74,sp,2021-05-09 00:00:00,(43)92848-8643
212,beatriz de silva,beatriz.de.silva@hotmail.com,20,Recife,2022-03-14 00:00:00,
13,ROBERTO MENDES,roberto.mendes@yahoo.com.br,47, RJ,2022-09-25 00:00:00,(40)94652-1387
550,Helena da Santana,,80,Recife,2023-07-23 00:00:00,XXXXX
717,Julia Martins ,julia.martins@gmail.com,24,POA,2021-03-10 00:00:00,(38)97630-5652
300,Fernanda Ferreira  ,fernanda.ferreira@empresa.com.br,39,POA  ,2020-05-30 00:00:00,(63)98220-2789
487,MARCOS COSTA FILHO,marcos.costa.filho@outlook.com,74,rj,2021-02-22 00:00:00,0000
866,f. souza,f.souza726@gmail.com,28,bh,2023-03-06 00:00:00,(76)97036-6798
1119,Sandra oSuza,sandra.osuza@empresa.com.br,26,CURITIAB,2023-05-17 00:00:00,(98)97636-6128
1069,LIVIA RIBEIRO FILHO,,83,rio de janeiro,2021-03-12 00:00:00,(19)96900-7710
1136,M. Barbosa,m.barbosagmail.com,52,BH,2022-12-31 00:00:00,(45)94354-4498
1183,Bruno Souza,bruno.souza@hotmail.com,65,Campinas,2021-06-04 00:00:00,(53)94319-7039
1143, Livia Mendes,livia.mendes@contato@@empresa..com,85,Sao Jose dos Campos  ,2021-06-21 00:00:00,(25)96952-1451
876,Fernanda Silva,fernanda.silva@outlook.com,64,São Paulo,2022-08-20 00:00:00,(21)94388-7245
736,Vitor Mendes,vitor.mendesyahoo.com.br,81,rio de janeiro ,2022-04-11 00:00:00,XXXXX
1165, L. Lima ,l.lima@yahoo.com.br,43,Rio de Janeiro,2022-01-01 00:00:00,(82)96834-1127
1012,Ana Costa,ana.costa@gmail.com,79,BH,2022-06-29 00:00:00,(61)94515-1216
614,Camila Carvalho,camila.carvalhooutlook.com,63,RJ,2023-08-24 00:00:00,(48)91887-2776
1079,ROBERTO PINTO JR.,roberto.pinto.jr.@hotmail.com,34,  Salvador,2022-09-13 00:00:00,(37)98488-5590
274,roberto do martins,roberto.do.martins@outlook.com,44,aSo Paulo ,2020-07-26 00:00:00,(65)92219-5095
429,fernanda teixeira,fernanda.teixeira@user#mail.com,31,Manasu,2023-06-11 00:00:00,(96)91538-7528
363, valentina pinto,valentina.pinto@gmail.com,-1,recife,2021-12-03 00:00:00,(48)94740-9606
238,laura do ferreira,laura.do.ferreira@yahoo.com.br,39,Niteroi,2021-03-25 00:00:00,(92)99728-8106
908,GUSTAVO ABRBOSA FILHO,gustavo.abrbosa.filho@yahoo.com.br,58,rio de janeiro  ,2023-04-01 00:00:00,(66)97103-4686
3,Paulo Nunes,paulo.nunes@gmail.com,trinta,NITERÓI,2021-06-26 00:00:00,
7,  ANA DE ROCHA ,ana.de.rocha@outlook.com,28,SP,2023-09-27 00:00:00,(93)92612-1993
482,PEDRO LIMA,pedro.lima@empresa.com.br,65,Curitiba,2022-09-15 00:00:00,(66)93830-3474
312,ROBERTO MARTINS,,62,,2020-12-15 00:00:00,(95)91001-5068
1071,Samuel Oliveira,,139,Niteroi,2021-01-19 00:00:00,(49)96680-9366
1176,Marcos Ribeiro,marcos.ribeiro770@gmail.com,33,sp,2022-09-23 00:00:00,0000
537,  Mariana Moura  ,mariana.moura@None,79,Salvador,2022-02-23 00:00:00,XXXXX
942,tiago de oliveira,tiago.de.oliveira@yahoo.com.br,68,POA,2021-08-01 00:00:00,(96)97281-9971
934,  Camila Silva,camila.silva@empresa.com.br,51,BELO HORIZONTE,2021-08-20 00:00:00,(40)98937-6622
216,Camila Rocha,,80,Sao Pauol,2021-07-24 00:00:00,(12)97662-4571
439,L. SILVA,l.silva@hotmail.com,35,RIO DE JANEIRO  ,2024-01-29 00:00:00,0000
28,Maria Campos,maria.campos@gmail.com,36,Belo Horizonte,2023-03-05 00:00:00,0000
525,LARISSA DOS COSTA ,larissa.dos.costa@hotmail.com,81,rio de janeiro,2023-01-02 00:00:00,(41)98557-3436
430,lucas ribeiro,lucas.ribeiro@hotmail.com,74,SaoPaulo  ,2022-03-12 00:00:00,(18)94403-4728
428,larissa silva,larissa.silva@hotmail.com,19,Niteroi,2021-05-12 00:00:00,(90)93791-6639
846,MRAIA LIMA,mraia.lima@empresa.com.br,999,bh,2022-04-26 00:00:00,(86)95879-8242
527,Hugo Santana,hugo.santana@outlook.com,48,Curitiba,2021-05-23 00:00:00,(34)97846-1629
949,Pedro Campos,pedro.campos417@hotmail.com,50,Belo Horizonte,2021-10-11 00:00:00,(24)97265-7234
1188,roberto costa,roberto.costa@outlook.com,84,Rio,2022-06-28 00:00:00,
580,laurat eixeira,laurat.eixeira@hotmail.com,83,  SP ,2023-07-15 00:00:00,(24)95644-2427
355,Valentina Ferreira ,valentina.ferreira@hotmail.com,56,Goiania,2020-08-11 00:00:00,(88)94476-9638
1093, julia ferreira,julia.ferreira552@empresa.com.br,65,DESCONHECDIO,2022-08-28 00:00:00,(13)96453-6598
494,Mariana d aSilva,mariana.d.asilva@hotmail.com,110,SJ C ,2020-10-20 00:00:00,(36)95379-1399
257,Mateus Gomes,mateus.gomes@gmail.com,28,Sao Jose dos Campos,2022-04-09 00:00:00,(33)99248-1523
292,ANA BARBOSA,ana.barbosa@gmail.com,37,campinas,2023-03-22 00:00:00,(80)97472-8010
26,  Sofia Araujo,sofia.araujo@gmail.com,-1,  curitiba ,2020-12-05 00:00:00,(44)94241-7965
337, JULIA DE COSTA ,julia.de.costa@yahoo.com.br,36,RJ ,2020-06-04 00:00:00,(34)92264-8674
1148,Rafael Costa,rafael.costa@empresa.com.br,49,CTBA,2021-06-20 00:00:00,(93)91591-3125
48,MARIANA SOUZA,mariana.souza@outlook.com,65,rio de janeiro,2023-05-29 00:00:00,(55)96082-7421
319,EDUARDO ROCHA,eduardo.rocha@hotmail.com,77,RIO DE JANEIRO,2022-12-13 00:00:00,(15)98586-8999
107,Aan Campos,aan.campos@gmail.com,67,bh,2021-11-08 00:00:00,(36)98265-3110
870,beatriz gomes,beatriz.gomes@outlook.com,42,sp,2022-01-01 00:00:00,(27)98843-9771
56, Mariana Nunes ,mariana.nunes@outlook.com,25,Brasília,2023-04-22 00:00:00,(67)91570-3068
567,LAURA DE SLIVA,laura.de.sliva@yahoo.com.br,41,  Niteroi ,2021-12-22 00:00:00,0000
214,Ana Nunes,ana.nunes234@yahoo.com.br,41,BH,2023-01-27 00:00:00,XXXXX
121,Mateus Moura,mateus.moura@empresa.com.br,66,Fortaleza,2021-11-08 00:00:00,(49)92771-8892
610,EDUARDO COSTA,,34,SP,2022-05-05 00:00:00,(90)94026-7463
480,Vitor Santana Jr.  ,vitor.santana.jr.@hotmail.com,80,Manaus,2022-01-30 00:00:00,(31)92059-2009
696,bruno araujo,bruno.araujo@outlook.com,84,  São Paulo  ,2022-11-21 00:00:00,(26)91514-3687
73,L. Costa,l.costa@gmail.com,24,DESCONHECIDO  ,2021-05-15 00:00:00,(59)98348-7184
411,  Beatriz Lima ,beatriz.lima@empresa.com.br,80,salvador,2021-06-04 00:00:00,
672,DIEGO DA FERREIRA,diego.da.ferreira@hotmail.com,82,FORTALEZA,2021-06-21 00:00:00,(18)93839-2886
810,diego oliveira,diego.oliveira@empresa.com.br,25,RJ,2021-02-22 00:00:00,(12)95621-4400
733,JUILA DA SOUZA,juila.da.souza901@empresa.com.br,32,Fortaleza,2020-11-27 00:00:00,(58)91188-9155
433,Sandra Santana,sandra.santana@hotmail.com,36,Recife,2023-01-08 00:00:00,(40)95306-8732
677,MARIANA MARTINS  ,,-25,BH,2022-07-22 00:00:00,0000
1103,Sandar Mendes,sandar.mendes735@outlook.com,-1,rio de janeiro,2023-03-13 00:00:00,
852,Livia Moura,livia.moura@yahoo.com.br,trinta,SAO JOSE DOS CAMPOS,2023-07-15 00:00:00,(26)95690-3774
599,Camila Santana,camila.santana@hotmail.com,48,  SJC,2023-07-30 00:00:00,(13)91525-1943
992,MARIA PEREIRA,maria.pereira@None,40,Rio de Janeiro,2021-08-17 00:00:00,(79)91171-7983
1134,  sandra costa ,sandra.costa@outlook.com,47,RJ,2022-11-29 00:00:00,(31)91116-5292
546,BRUNO SANTANA SR.,bruno.santana.sr.235@gmail.com,82,Goiania,2021-04-14 00:00:00,(31)99730-4532
326,Carlos Costa,carlos.costa@empresa.com.br,18,  sãopaulo,2020-08-03 00:00:00,(61)99110-9723
1111,Eduardo Carvalho,eduardo.carvalho@empresa.com.br,43,  SÃO PAULO  ,2022-04-06 00:00:00,(55)96944-2322
1006,mateus oliveira ,,999,Sao Paulo,2022-06-29 00:00:00,(20)96014-4110
317,Mariana Martins,mariana.martins@yahoo.com.br,46,,2022-03-16 00:00:00,(21)95683-9074
860,Reanto Lima,reanto.lima@outlook.com,46,sjc,2021-05-11 00:00:00,(74)97096-6014
902,Vitor Rocha,vitor.rocha142@None,30,BH,2022-10-31 00:00:00,(13)94030-2543
573,fernanda oliveira,fernanda.oliveira@outlook.com,35,  Campinas,2022-03-02 00:00:00,(16)99753-5399
740,  IGOR SOUZA ,igor.souza@outlook.com,65,Niterói,2020-01-15 00:00:00,(44)92614-5667
1066,sandra silva jr.,sandra.silva.jr.@gmail.com,82,Niteroi,2021-10-14 00:00:00,(47)98708-5184
629,LIVIA LIMA,livia.lima730@outlook.com,71,RJ,2022-07-02 00:00:00,(68)91874-5330
1159,hugo araujo ,hugo.araujo@outlook.com,42,fortaleza,2021-01-05 00:00:00,(24)97139-2386
61,Maria dos Oliveira,maria.dos.oliveira@yahoo.com.br,25,  Goiania,2020-11-18 00:00:00,(55)97532-3142
434,Pedro Carvalho,pedro.carvalho@empresa.com.br,18,SJC,2022-03-23 00:00:00,0000
781, Diego de Nunes ,,999,SJC,2022-09-10 00:00:00,0000
93,PAULO OLIVEIRA,paulo.oliveira117@empresa.com.br,62,SALVADOR,2021-02-04 00:00:00,(94)95055-5877
936,  Eduardo Moura ,eduardo.moura@user#mail.com,58,são paulo,2021-08-16 00:00:00,XXXXX
466,Alice Souza,alice.souza844@yahoo.com.br,40,  SCJ ,2023-07-02 00:00:00,(20)92874-2888
352,LUCAS LIMA,lucas.lima183@hotmail.com,20,SP,2020-06-26 00:00:00,XXXXX
1016, PAULO FERREIRA,paulo.ferreira@user#mail.com,39,bh,2023-05-10 00:00:00,(96)97697-1104
281,  mateus almeida  ,mateus.almeida@yahoo.com.br,81,,2021-09-25 00:00:00,(21)98711-2062
784,CLARA FERREIRA,clara.ferreira@outlook.com,67, CURITIBA,2022-05-25 00:00:00,(78)97680-5648
600,IGOR BARBOSA,igor.barbosa@yahoo.com.br,24,SJC,2022-11-08 00:00:00,
360,EDUARDO ARAUJO,eduardo.araujo@empresa.com.br,51,Curitiba,2023-10-16 00:00:00,
106, igor da rocha ,igor.da.rocha@hotmail.com,54,sjc,2021-11-04 00:00:00,(56)97492-9412
594,Rafael Carvalho  ,rafael.carvalho100@outlook.com,34,RJ,2021-10-11 00:00:00,(27)94473-1443
907,CARLOS RIBEIRO,carlos.ribeiro@gmail.com,83,Desconhecido,2020-12-22 00:00:00,(18)93379-7050
571,Paulo da Santana,paulo.da.santana@outlook.com,78,sao jose dos campos,2021-03-03 00:00:00,(76)93903-9904
483, MARIANA DO ALMEIDA ,mariana.do.almeida@yahoo.com.br,36,PORTOA LEGRE,2021-05-12 00:00:00,(29)94852-9499
539,julia silva,julia.silva@yahoo.com.br,61,Rio de Janeiro,2020-11-30 00:00:00,(66)98595-3598
933, L. Martins  ,l.martins@mail(at)domain.com,73,SP,2021-02-02 00:00:00,(20)99893-9276
183,mariana barbosa,mariana.barbosa@hotmail.com,78,goianai,2022-12-15 00:00:00,(89)99784-9605
1139,mariana rocha ,mariana.rocha@outlook.com,79,RJ,2022-12-27 00:00:00,(12)91061-8361
514,  IGOR SANTANA  ,igor.santana@hotmail.com,24, vila velha  ,2020-06-23 00:00:00,
111,Tiago da Souza,tiago.da.souza@gmail.com,71,Sao Jose dos Campos,2021-04-13 00:00:00,(86)93872-7199
371,helena pinto,helena.pinto@outlook.com,79, BH ,2022-06-28 00:00:00,0000
459,Camila Costa,camila.costa@outlook.com,22,Goiania  ,2023-08-09 00:00:00,XXXXX
240,IGOR DOS COSTA,igor.dos.costa@user#mail.com,,niterói,2022-04-09 00:00:00,XXXXX
1080,Rafael Ribeiro Filho,rafael.ribeiro.filho@empresa.com.br,53,BH,2021-01-16 00:00:00,(52)94932-7336
1160,SANDRA SANTANA,sandra.santana@gmail.com,69,Vila Velha,2022-07-27 00:00:00,XXXXX
1091,Sandra Costa  ,sandra.costa@yahoo.com.br,85,Salvador,2020-10-05 00:00:00,
205,EDUARDO PREEIRA,eduardo.preeira@outlook.com,32,bh,2023-08-23 00:00:00,0000
218,LARISSA MENDES,larissa.mendes@outlook.com,62,ctab,2020-05-28 00:00:00,0000
877, João Ribeiro ,joão.ribeiro@mail(at)domain.com,43,BH ,2022-04-13 00:00:00,0000
262,  carlos nunes ,carlos.nunes@gmail.com,54,Campinas,2021-07-28 00:00:00,XXXXX
1117,Mateus Araujo Sr.,mateus.araujo.sr.@empresa.com.br,46,CTBA,2022-11-04 00:00:00,(16)97472-3584
702,Marcos Pereira,marcos.pereira@ ,75,Porto Alegre,2022-08-04 00:00:00,(97)96263-6320
559,LARUA ROCHA,larua.rocha@gmail.com,999,bh,2023-01-04 00:00:00,0000
340,Livia Oliveira,livia.oliveira@outlook.com,59,rio de janeiro,2021-08-02 00:00:00,(89)92228-3496
722,MARCOS PINTO  ,marcos.pinto@empresa.com.br,19,Sao Jose dos Campos,2023-01-29 00:00:00,
598,lucas ribeiro,,-25, BH,2023-08-28 00:00:00,
528,JOÃO MOURA,joão.moura@outlook.com,41,curitiba,2022-09-12 00:00:00,(69)91729-5661
184,CARLOS DO ARAUJO,carlos.do.araujo@outlook.com,72, bh  ,2021-07-08 00:00:00,(70)98400-2481
138,Rafael Pinto,rafael.pinto@hotmail.com,38,Campinas,2021-01-29 00:00:00,0000
1154,MARCOS DA TEIXEIRA,marcos.da.teixeira@outlook.com,68,DESCONHECIDO,2023-05-06 00:00:00,(16)97626-6953
765,Paulo Santana,paulo.santana@empresa.com.br,-25,SJC ,2020-04-19 00:00:00,
912,Sandra Costa,,47,RIO,2021-12-21 00:00:00,
81,eduardo costa,eduardo.costa@yahoo.com.br,20,são paulo,2023-03-04 00:00:00,(93)96427-2562
775,Marcos Teixeira,marcos.teixeira@yahoo.com.br,54,  Fortaleza  ,2022-03-09 00:00:00,0000
751,DIEGO OLIVEIRA  ,diego.oliveira@empresa.com.br,48,SÃOPAUOL,2021-04-15 00:00:00,(34)98812-4441
1031,valentina almeida,valentina.almeida@outlook.com,84,sp,2022-03-17 00:00:00,(88)94938-8554
30,  Joao Nunes ,joao.nunes@empresa.com.br,81,campinas,2021-04-30 00:00:00,(47)95891-9022
627,Hugo Pinot Jr.,hugo.pinot.jr.32@empresa.com.br,39,BH,2021-01-03 00:00:00,(41)93072-1364
621,  Marcos Nunes  ,marcos.nunes@yahoo.com.br,80,POA,2022-01-13 00:00:00,(86)99645-9429
472,HUGO MARTINS  ,hugo.martins@outlook.com,63,Manaus,2021-07-30 00:00:00,(36)94558-6532
988,Mateus Araujo,mateus.araujo@empresa.com.br,82,SAO JOSE DOS CAMPOS,2023-02-01 00:00:00,(52)95056-8275
166,RAFAEL DE RIBEIRO,rafael.de.ribeiro@gmail.com,55,Sao Jose dos Campos,2020-04-22 00:00:00,0000
249,RAFAEL DA COSTA,rafael.da.costa@gmail.com,30,NITEROI,2021-09-17 00:00:00,(76)95469-4479
308,P. Campos,,40,goiania,2023-11-03 00:00:00,(94)93681-3253
917,LARISSA DO CAMPOS,larissa.do.campos@outlook.com,42, NITERÓI ,2022-01-28 00:00:00,(76)98914-1357
523,Gustavo Lima,gustavo.lima@yahoo.com.br,17,sp,2021-11-11 00:00:00,
335, gustavo de carvalho ,gustavo.de.carvalho@yahoo.com.br,69,RIO,2023-08-16 00:00:00,(59)91431-7958
98,HUGO OLIVEIRA,hugo.oliveira@hotmail.com,60,Campinas,2021-08-20 00:00:00,(28)93017-7291
533,Lucas Araujo,lucas.araujo@empresa.com.br,21,SAO PAULO,2022-10-11 00:00:00,(11)96163-8593
1086,  paulo de almeida,paulo.de.almeida@hotmail.com,67,Porto Alegre,2020-11-19 00:00:00,XXXXX
873,diego etixeira,diego.etixeira@empresa.com.br,18,recife,2022-03-02 00:00:00,(49)98161-7082
821,MARIA MOURA,maria.moura413@empresa.com.br,27,BH,2023-01-23 00:00:00,(30)95831-3403
968,EDUARDO FERREIRA,eduardo.ferreirayahoo.com.br,72,MANAUS,2022-08-26 00:00:00,(99)95023-5765
615,Alice Moura,alice.moura@empresa.com.br,67,sp ,2020-04-17 00:00:00,XXXXX
1128,VITOR MENDES,vitor.mendes961@yahoo.com.br,33,POA,2021-01-21 00:00:00,(51)91234-3207
303,DIEGOC AMPOS,diegoc.ampos@empresa.com.br,,,2022-07-07 00:00:00,(23)97305-5814
95,mateus mendes,mateus.mendes@empresa.com.br,25,Manaus,2022-03-30 00:00:00,(52)91040-2526
389,livia silva,,81,  Niteroi  ,2021-07-06 00:00:00,(54)92765-1741
236,maria dos teixeira,maria.dos.teixeira251@yahoo.com.br,26,  desconheicdo ,2022-05-30 00:00:00,(64)95368-1334
1050,TIAGO CAMPOS,tiago.campos@empresa.com.br,20,Fortaleza,2022-04-21 00:00:00,0000
771,laura rocha,laura.rocha800@gmail.com,49,Brasília,2021-10-20 00:00:00,(77)95291-5518
306,aLura Teixeira,alura.teixeira@empresa.com.br,32, poa ,2021-10-14 00:00:00,(69)93415-5643
1084,Maria Gomes,maria.gomes@None,45,  RJ  ,2020-07-22 00:00:00,(65)99959-7815
999,Eduardo Ferreira,eduardo.ferreira@hotmail.com,69,Brsaília,2022-12-21 00:00:00,
250,joão araujo,joão.araujo@yahoo.com.br,26,CTBA,2022-11-29 00:00:00,(94)98423-6323
868,Rafael Campos,,69,  sao paulo  ,2020-08-15 00:00:00,(20)91980-3553
72,Roberto Lima,roberto.lima@outlook.com,84,sp,2021-08-17 00:00:00,(76)98298-1911
95,mateus mendes,mateus.mendes@empresa.com.br,25,Manaus,2022-03-30 00:00:00,(52)91040-2526
592,Julia Almeida  ,,39,Sao Paulo,2022-08-26 00:00:00,(42)94243-4507
34,paulo oliveira,paulo.oliveira@hotmail.com,18,SJC,2022-04-05 00:00:00,(17)99138-5689
833,Julia Nunes,,46,rj,2022-01-06 00:00:00,(39)95401-9916
449,EDUARDO MENDES,eduardo.mendes774@outlook.com,36,Vila Velha,2021-12-03 00:00:00,(42)96741-2155
446,Mariana Silva Jr.,mariana.silva.jr.@outlook.com,72,SP,2022-03-13 00:00:00,(73)99993-8476
1019,Valentina Martins Jr.,valentina.martins.jr.@hotmail.com,22, CTBA ,2021-11-14 00:00:00,(78)98369-1060
1192,samueld a carvalho,samueld.a.carvalho@yahoo.com.br,48,RIO DE JANEIRO,2020-09-21 00:00:00,(79)96167-6316
737,Diego Barbosa,diego.barbosahotmail.com,52,manaus,2022-12-26 00:00:00,(78)93404-8595
78,ROBERTO RIBEIRO,roberto.ribeiro@empresa.com.br,21,fortaleza,2021-02-25 00:00:00,(36)96404-4768
85, Hugo Oliveira ,hugo.oliveira@yahoo.com.br,-25,,2023-05-02 00:00:00,(87)94203-8501
585,  Beatriz Souza Jr. ,beatriz.souza.jr.467@empresa.com.br,60,PORTO ALEGRE,2022-08-12 00:00:00,
83,hugo costa ,hugo.costayahoo.com.br,78,Rio,2021-03-20 00:00:00,XXXXX
458,Renato Moura,,114,Savlador,2023-11-02 00:00:00,(43)91451-9041
899,samuel do ferreira,samuel.do.ferreira@gmail.com,69,BH,2021-02-20 00:00:00,(82)94746-6786
437,  Sofia Martins ,sofia.martins@outlook.com,20,,2021-07-03 00:00:00,(73)95630-6468
862,FERNADNA MARTINS,fernadna.martins@contato@@empresa..com,66,rio de janeiro,2023-06-20 00:00:00,(34)94938-3307
971, SAMUEL SOUZA,samuel.souza@mail(at)domain.com,55, Recife  ,2021-07-27 00:00:00,(19)95391-9522
405,Lucas Almeida,lucas.almeida@outlook.com,43,soã paulo,2022-03-29 00:00:00,(67)97969-8728
1088, LIVIA CARVALHO  ,livia.carvalho@empresa.com.br,-1,Bel oHorizonte,2021-06-25 00:00:00,(37)91990-7955
1028,ANA DA RIBEIRO,ana.da.ribeiro@contato@@empresa..com,49,Sao Jose dos Campos,2022-05-28 00:00:00,XXXXX
701,Julia d aPinto,julia.d.apinto@yahoo.com.br,71,Belo Horizonte,2020-11-10 00:00:00,(47)96456-6696
105,EDUARDO ROCHA  ,eduardo.rocha@gmail.com,23,CURITIBA,2022-11-12 00:00:00,(52)96211-8417
583,  carlos souza,carlos.souza@user#mail.com,70,salvador,2021-05-07 00:00:00,(90)99038-3360
906,camila silva,camila.silva@outlook.com,59,,2023-01-07 00:00:00,(18)96091-6498
63,Ana Gomes,ana.gomes576@yahoo.com.br,25,bh,2021-10-22 00:00:00,
282,paulo araujo,paulo.araujo@empresa.com.br,20,RIO DE JANEIRO,2022-05-03 00:00:00,(84)93575-7129
715,PEDRO MENDES SR.,pedro.mendes.sr.@gmail.com,81,Niteroi,2021-01-09 00:00:00,(38)91354-7746
239,Ana Araujo,ana.araujo@empresa.com.br,46, BH ,2021-12-18 00:00:00,(15)94309-3610
224,Sandra Maritns,sandra.maritns@empresa.com.br,73,NITEROI,2022-01-29 00:00:00,(65)97786-3286
146,Alice Teixeira Sr.,alice.teixeira.sr.@yahoo.com.br,17,Brasília,2022-11-10 00:00:00,XXXXX
1164,clar ateixeira,clar.ateixeira@hotmail.com,24,,2022-03-29 00:00:00,(99)94308-5526
374,M. BABROSA,m.babrosa@hotmail.com,41,rio de janeiro ,2021-09-15 00:00:00,(91)92576-4334
119,Diego Pinto,diego.pinto@yahoo.com.br,19, SãoPaulo,2020-08-01 00:00:00,(70)99275-7503
874,João Santana,joão.santana@yahoo.com.br,63,SP,2020-10-13 00:00:00,(94)99678-3194
251,Matesu Almeida,matesu.almeida@empresa.com.br,52,manaus,2023-01-20 00:00:00,(56)92574-7020
578,Alice Santana,alice.santana@yahoo.com.br,59,poa,2020-11-19 00:00:00,(61)97049-6993
10,Julia Teixeira,julia.teixeira@empresa.com.br,25,São Paulo  ,2021-03-20 00:00:00,(58)95669-3584
450, osfia ferreira ,osfia.ferreira@outlook.com,74,sp,2021-05-09 00:00:00,(43)92848-8643
953,Maria Ferreira,maria.ferreira@yahoo.com.br,81,Desconhecido,2022-01-11 00:00:00,(20)94375-7379
390,Bruno Carvalho,bruno.carvalho@outlook.com,74,BH,2023-05-21 00:00:00,0000
739,  CLARA GMOES ,clara.gmoes@gmail.com,80, B H,2022-02-13 00:00:00,(17)92313-2465
1075,João Mendes,joão.mendes@hotmail.com,73,porto alegre,2022-12-24 00:00:00,(38)91997-3061
558,Sandra Gomes,sandra.gomes@outlook.com,59,  CURITIBA  ,2022-01-17 00:00:00,(16)97010-1348
461,  l. aarujo,l.aarujo@outlook.com,79,sãopaulo,2022-07-24 00:00:00,0000
1149,HELENA SILVA,helena.silva@yahoo.com.br,46,CTBA,2022-02-14 00:00:00,
145,Sofia Moura,sofia.moura@outlook.com,41,RJ,2022-05-08 00:00:00,XXXXX
502,Sofia Ribeiro,sofia.ribeiro@gmail.com,134,niterói,2022-05-29 00:00:00,(19)92429-5305
1152,A. TEIXERIA,a.teixeria@yahoo.com.br,75,Porto Alegre,2023-02-20 00:00:00,0000
540,ANA SOUZA,ana.souza@outlook.com,41,Goiania,2021-02-23 00:00:00,
178,  CARLOS ROCHA,carlos.rocha@ ,84,rio de janeiro,2023-07-22 00:00:00,(13)97170-9631
221,diego teixeira jr,diego.teixeira@hotmail.com,22,sp,2021-07-05 00:00:00,(33)93514-3641
755,Lucas Pinot,lucas.pinot@yahoo.com.br,23,sp,2022-10-17 00:00:00,(81)95976-6831
631, diego santana  ,diego.santana@hotmail.com,69,são paulo,2020-11-01 00:00:00,0000
395,Eduardo Campos ,eduardo.campos@hotmail.com,73,belo horizonte,2022-12-25 00:00:00,(27)98925-9014
8, ALICE RIBEIRO,,28,sao paulo,2021-04-02 00:00:00,(18)93697-7209
603,SANDRA D OSANTANA,sandra.d.osantana@outlook.com,81,Recife,2023-01-06 00:00:00,(79)99251-5747
919,LUCAS OLIVERIA  ,lucas.oliveria@empresa.com.br,83,Recife,2022-11-01 00:00:00,(90)91931-6172
358,  ANA SILVA ,ana.silva@ ,54,são paulo,2023-04-02 00:00:00,(27)96231-3424
330,Alice Campos Jr.,alice.campos.jr.@gmail.com,-1,vila velha,2021-12-04 00:00:00,
763,RENATO PNITO,renato.pnito@yahoo.com.br,57,goiaina,2022-05-16 00:00:00,(95)93757-6937
904, ROBERTO MENDES ,roberto.mendes@yahoo.com.br,,Sao Paulo,2023-02-13 00:00:00,(49)96636-6856
259,Roberto Souza,roberto.souza@hotmail.com,72,CURITIBA,2022-08-13 00:00:00,0000
947,sandra almeida,sandra.almeida@outlook.com,38,RIO DE JANEIRO,2022-10-16 00:00:00,(17)92664-3840
972,MARIA ALMEIDA,maria.almeida@empresa.com.br,81,SãoPaulo,2021-04-12 00:00:00,(44)92119-3318
706,Lucas Carvalho,lucas.carvalho@outlook.com,33,FORTALEZA,2022-03-23 00:00:00,XXXXX
1101,Diego do Pereira,diego.do.pereira@outlook.com,78,Rio de Janeiro,2020-10-19 00:00:00,(34)94951-9143
915,Beatriz Pinto,beatriz.pinto@mail(at)domain.com,30, Goiania,2021-03-06 00:00:00,0000
526,fernanda de souza,fernanda.de.souza@hotmail.com,54,Desconhecido,2021-03-21 00:00:00,0000
886,Gustavo Pinto,gustavo.pinto@gmail.com,24,bh,2021-11-09 00:00:00,(37)95286-8679
711,JOÃO CAMPOS,,32,niteroi,2023-05-07 00:00:00,(84)91967-9701
815, tiago carvalho  ,tiago.carvalho@outlook.com,-1,CURITIBA ,2021-06-19 00:00:00,(86)98738-5851
1186,renato campos,renato.campos577@hotmail.com,67,rio de janeiro,2022-01-30 00:00:00,(83)92836-3740
441,MARIANA ARAUJO,mariana.araujo520@hotmail.com,30,,2020-10-07 00:00:00,0000
532,Julia Martins,julia.martins@mail(at)domain.com,27,são paulo,2021-08-25 00:00:00,(54)97377-8084
227, Paulo dos Teixeira ,paulo.dos.teixeira@contato@@empresa..com,39,Vila Velha,2020-12-04 00:00:00,(99)96939-2570
229,  vitor pinto,vitor.pinto@gmail.com,123,  VILA VELHA  ,2021-01-07 00:00:00,(16)92085-5942
1040,larissa ribeiro,larissa.ribeiro7@mail(at)domain.com,104,recife,2021-07-14 00:00:00,(58)93618-5006
213,Rafael Pereira,rafael.pereira@user#mail.com,38,SÃOPAULO,2021-06-27 00:00:00,(69)91709-2710
80,Diego Costa,diego.costaempresa.com.br,18,poa,2021-12-08 00:00:00,(33)92753-2578
149,Maria da Rocha ,maria.da.rocha@outlook.com,26, Rio de Janeiro  ,2022-07-09 00:00:00,XXXXX
1014,HUGO SANTANA,hugo.santana@yahoo.com.br,29,SãoPaulo,2023-03-01 00:00:00,(32)99304-1196
766,BRUNO SOUZA,bruno.souza@gmail.com,69,,2023-06-05 00:00:00,0000
637,Lucas Pinto Sr.,lucas.pinto.sr.@empresa.com.br,50,Goiania,2022-09-20 00:00:00,(83)96854-1975
134,MARCOS MARTINS,marcos.martins@empresa.com.br,83,Campinas,2023-06-12 00:00:00,(27)92696-7347
849,SANDRA PEREIRA ,sandra.pereira411@contato@@empresa..com,-25,Fortlaeza,2020-08-13 00:00:00,(15)93466-9677
409,P. Teixeira  ,p.teixeira@gmail.com,16,rio de janeiro,2021-09-18 00:00:00,
756,marcos teixeira,marcos.teixeira@empresa.com.br,11,salvador,2020-06-18 00:00:00,
508,Larissa Moura,larissa.moura@empresa.com.br,64,sjc,2022-09-04 00:00:00,(81)95539-9374
1027,PEDRO BARBOSA,pedro.barbosa@gmail.com,32,Porto Alegre,2021-07-17 00:00:00,(57)96278-3066
505,DiegoM oura,diegom.oura@hotmail.com,68,manaus,2023-01-03 00:00:00,(64)92086-2390
851,LUCAS AMLEIDA,lucas.amleida@gmail.com,34,rio de janeiro,2020-05-31 00:00:00,(26)93171-9742
348,carlos campos,carlos.campos@empresa.com.br,63,SAO JOSE DOS CAMPOS,2022-09-23 00:00:00,(64)91535-1254
387,Beatriz Oliveira,beatriz.oliveira@outlook.com,53,DESCONHECIDO,2021-08-10 00:00:00,(25)94949-8291
1,Jluia Silva,jluia.silva@gmail.com,73, Fortaleza ,2023-07-16 00:00:00,(22)97224-2584
361,LIVIA SANTANA,livia.santana280@empresa.com.br,97,CAMPINAS  ,2021-09-06 00:00:00,(24)91817-5078
1179,RAFAEL SANTANA,rafael.santana@outlook.com,69,BELO HORIZONTE,2021-11-24 00:00:00,(40)91525-3423
476,  Beatriz da Carvalho,beatriz.da.carvalho@gmail.com,69,SÃOPAULO,2023-04-23 00:00:00,(32)91852-4912
843,BRUNO EFRREIRA,,47,bh,2020-07-31 00:00:00,(61)98115-6206
837,CLARA CAMPOS,clara.campos@yahoo.com.br,57,rio de janeiro,2022-05-13 00:00:00,
817, laura souza  ,laura.souza@gmail.com,78,sp,2022-06-07 00:00:00,(45)99628-1215
173,Sandra Pinto,sandra.pinto@outlook.com,62,,2021-12-27 00:00:00,(11)91567-5660
451,CAMILA TEIXIERA,camila.teixiera@yahoo.com.br,71,CURITIBA,2020-09-20 00:00:00,(92)99320-6387
126,Mateus Ribeiro  ,mateus.ribeiro@None,65,VILA VELHA,2020-03-23 00:00:00,
885,CARLO SPINTO,carlo.spinto@yahoo.com.br,41,VILA VELHA,2023-05-19 00:00:00,0000
531,rafael silva filho,rafael.silva.filho@yahoo.com.br,28,Vial Velha,2021-09-02 00:00:00,(19)95424-3932
91,m. ferreira,m.ferreira@outlook.com,30,bh,2022-11-22 00:00:00,(97)93194-6131
1053,samuel mendes   jr,samuel.mendes@hotmail.com,47,sp,2021-03-03 00:00:00,(88)91608-8072
182, BRUNO NUNES ,bruno.nunes@yahoo.com.br,68,  RECIFE,2022-04-05 00:00:00,(75)98680-7126
712,Tiago Nunes,tiago.nunes@contato@@empresa..com,67,SP,2022-08-05 00:00:00,(83)95019-4424
415,HUGO COSTA,hugo.costa@yahoo.com.br,38,  Vila Velha ,2020-11-01 00:00:00,
252,Valentina Almeida,valentina.almeida@gmail.com,35,Desconhecido,2021-07-03 00:00:00,
70,Lucas Ribeiro,lucas.ribeiro@empresa.com.br,-25,sao jose dos campos,2022-01-23 00:00:00,(22)97567-2562
132, Valentina Rocha ,valentina.rocha@gmail.com,23,Sao Jose dos Campos,2021-05-26 00:00:00,(57)91889-4652
301,aPulo Oliveira,apulo.oliveira217@outlook.com,133,,2020-08-12 00:00:00,(71)96521-8036
723,Roberto Oliveira Sr. ,roberto.oliveira.sr.407@hotmail.com,-25,  SãoPaulo  ,2021-02-16 00:00:00,(68)98773-3953
327,valentina oliveira  ,valentina.oliveira@outlook.com,44,ri ode janeiro ,2021-08-06 00:00:00,(17)95079-4440
1052,S. MOURA,s.moura@yahoo.com.br,32,curitiba,2022-03-10 00:00:00,(38)94802-3242
500,beatriz lima,beatriz.lima@yahoo.com.br,68,SP,2019-11-22 00:00:00,(67)92132-9225
719,Vitor Martins,vitor.martins@yahoo.com.br,23,recife,2020-09-03 00:00:00,(70)91461-8776
1001,SAMUEL ROCHA,samuel.rocha@empresa.com.br,72,,2021-09-25 00:00:00,(39)94218-6009
496,Fernanda Campos,fernanda.campos@outlook.com,trinta,Desconhecido,2023-03-01 00:00:00,
1161,Julia Teixeiar,julia.teixeiar@yahoo.com.br,57,Campinas,2022-07-21 00:00:00,(14)98268-7766
339,C. SOUZA,c.souza418@hotmail.com,80,SAO JOSE DOS CAMPOS,2022-09-17 00:00:00,XXXXX
422,alice souza,alice.souza640@empresa.com.br,71,CURITIBA,2021-04-14 00:00:00,(79)93157-7200
165,JOÃO NUNES,joão.nunes@empresa.com.br,50,rio de janeiro,2023-06-24 00:00:00,(68)95458-9060
29,Tiago Pereira,tiago.pereira@empresa.com.br,72,NITERÓI,2023-04-27 00:00:00,XXXXX
517,HUGO BARBOSA SR.,hugo.barbosa.sr.@hotmail.com,58,Niterói,2021-01-25 00:00:00,(17)95020-3384
194,  RENATO NUNES ,,-1,SP,2021-09-12 00:00:00,(91)98304-6826
943,Fernanda dos Pinto,fernanda.dos.pinto@yahoo.com.br,46,Fortaleza,2022-07-24 00:00:00,(79)97919-3862
845,Sfoia Ribeiro,sfoia.ribeiro@yahoo.com.br,85,  Sao Jose dos Cmapos,2020-09-18 00:00:00,(22)91478-5011
170,Eduardo Costa,eduardo.costa@outlook.com,65,Rio de Janeiro,2021-02-08 00:00:00,XXXXX
768,RAFAEL DOS MENDES,rafael.dos.mendes@contato@@empresa..com,74,SãoPaulo,2019-12-25 00:00:00,(99)94414-5112
653,gustavo gomes,gustavo.gomes@yahoo.com.br,23,BH,2021-07-13 00:00:00,(41)92270-2289
174,M. ARAUJO,m.araujo@outlook.com,74,BH,2021-12-15 00:00:00,(49)92505-7550
519,  MARIA MARTINS  ,maria.martins@outlook.com,24,,2022-08-18 00:00:00,(67)95376-3358
1002,Sofia Campos,sofia.campos@empresa.com.br,81,SP,2022-02-15 00:00:00,(91)94411-1826
760,VITOR OLIVEIRA,vitor.oliveira@outlook.com,34,goiania,2023-08-04 00:00:00,(95)99733-5400
492,LIVIA SOUZA,livia.souza@empresa.com.br,78,PORTO ALEGRE,2021-07-10 00:00:00,(11)91511-1819
74,hugo oliveira,hugo.oliveira@gmail.com,70,SALVADOR,2023-07-04 00:00:00,(15)97868-1256
1044,Hugo Silva ,hugo.silva@hotmail.com,16,DESCONHECIDO,2023-07-09 00:00:00,(84)99457-4723
588,Larissa Rocha,larissa.rocha@outlook.com,23,Belo Horizonte,2022-04-15 00:00:00,(52)93265-9502
658,SAMUEL ALMEIDA,samuel.almeida@hotmail.com,57,curitiba,2024-01-05 00:00:00,(56)93498-8197
235,CARLOS SOUZA,carlos.souza@outlook.com,76,Salvador,2022-03-03 00:00:00,(47)96250-2006
215,  liiva santana  ,liiva.santana@empresa.com.br,37,fortaleza,2023-01-20 00:00:00,(70)95573-1237
163,beatriz moura,,76,ctba,2021-07-23 00:00:00,XXXXX
133,livia ribeiro,livia.ribeiro@yahoo.com.br,79,sp,2021-12-24 00:00:00,0000
842,Valentina Mendes,valentina.mendes@hotmail.com,76,SJC,2022-07-31 00:00:00,(62)97077-6447
794,  Fernanda de Satnana  ,fernanda.de.satnana@outlook.com,18,brasília,2021-04-22 00:00:00,(59)95628-8165
1024,Sofia Campos,sofia.campos@gmail.com,23,rio de janeiro,2021-08-17 00:00:00,(25)98825-8477
186,PAULO RIBEIRO,paulo.ribeiro@empresa.com.br,16,RECIFE,2023-09-10 00:00:00,(41)94553-8794
42,Larissa Pinto,larissa.pinto@hotmail.com,19,  recife ,2021-01-13 00:00:00,
109,Maria Barbosa,maria.barbosa@yahoo.com.br,45,saopaulo,2023-12-27 00:00:00,(39)97363-6813
926,diego costa  ,diego.costa@outlook.com,23,CURITIBA,2021-03-06 00:00:00,XXXXX
569,Bruno Almeida,bruno.almeida11@empresa.com.br,37, brasilia,2021-01-06 00:00:00,0000
1187,fernanda souza,fernanda.souza@yahoo.com.br,22,Porto Alegre,2022-08-17 00:00:00,(57)99869-2976
1056,Paulo Mendes,paulo.mendes@gmail.com,109,  NITERÓI ,2021-07-16 00:00:00,(38)98422-8631
1200,Bruno Nunes,bruno.nunes@yahoo.com.br,56,Rio de Janeiro,2021-06-08 00:00:00,(38)92676-6886
484,Samuel Almeida Sr.,samuel.almeida.sr.@yahoo.com.br,76,sao paulo,2022-11-26 00:00:00,(71)95596-6582
469, Hugo Costa,hugo.costa@hotmail.com,-1,CURITIBA,2022-02-20 00:00:00,
25,Roberto Gomes,,78,são paulo,2022-06-17 00:00:00,0000
713,Renato Rocha Jr.,renato.rocha.jr.@yahoo.com.br,64,Rio,2021-12-17 00:00:00,(42)97437-1697
839,rafeal rocha,,58,Manaus,2022-02-01 00:00:00,(23)92570-5739
985,Renato do Mendes,renato.do.mendes@hotmail.com,72,Niterói,2023-01-09 00:00:00,(63)93364-7164
1054,  LIVIA SILVA SR.,livia.silva.sr.@outlook.com,25,Salvador,2020-06-04 00:00:00,(31)97191-3403
367,  Renato Gomes,renato.gomes@gmail.com,70,BH,2022-10-30 00:00:00,(83)98140-6283
1122,Vitor Oliveira,vitor.oliveira@outlook.com,18,  Porto Alegre,2021-10-26 00:00:00,(46)96783-3673
881,Sandra Oliveira   ,sandra.oliveira@yahoo.com.br,77,BELO HORIZONTE,2022-01-04 00:00:00,(88)94408-1070
384,T. FERREIRA,t.ferreira@outlook.com,24,ctba,2020-09-21 00:00:00,XXXXX
455,Hugo Almeida,hugo.almeida@outlook.com,66,  RECIFE  ,2021-09-03 00:00:00,(79)96796-7500
265,  iDego Souza ,idego.souza@yahoo.com.br,69,  sao paluo ,2021-03-19 00:00:00,(64)98883-6074
824,ana nunes,ana.nunes160@empresa.com.br,67,  são paulo  ,2021-03-01 00:00:00,(81)99959-2634
233,Alice Pereira,alice.pereira@outlook.com,74,sp,2022-03-13 00:00:00,(19)99161-1438
445,mateus costa  ,mateus.costa@outlook.com,32,Belo Horizonet,2022-09-11 00:00:00,
396,diego campos,diego.campos@empresa.com.br,,campinas,2023-01-14 00:00:00,(91)92807-6401
1142, Maria Gomes  ,maria.gomes@outlook.com,25, recife,2021-11-03 00:00:00,(33)99009-7549
177, SAMUEL BARBOSA ,,57,BH,2022-10-01 00:00:00,(67)93389-8216
19,ANA ALMEIDA,ana.almeida@yahoo.com.br,85, SAO JOSE ODS CAMPOS ,2022-01-12 00:00:00,(32)98657-3091
1094,Laura Moura,laura.moura274@hotmail.com,50,MANAUS,2021-04-06 00:00:00,(14)91145-4782
1068,SANDRA ARAUJO,,33,Campinas,2023-12-06 00:00:00,(88)98126-3981
887,LAURA PINTO,laura.pinto@mail(at)domain.com,48,bh,2021-04-24 00:00:00,(97)94933-3552
596,Larissa Souza,larissa.souza@yahoo.com.br,60,BH,2022-02-02 00:00:00,(43)98565-8113
62, CLARA ARAUJO ,clara.araujo@hotmail.com,36,Porto lAegre,2021-11-13 00:00:00,(38)96781-1797
273,Igor Lima,igor.lima@outlook.com,24,sp,2021-10-09 00:00:00,(13)99731-5143
1171,EDUARDO OLIVEIRA,eduardo.oliveira@hotmail.com,44,CTBA,2022-02-08 00:00:00,XXXXX
279,Pedro Mendes,pedro.mendes@empresa.com.br,42,b h ,2021-04-25 00:00:00,(57)91719-1486
918,Marcos Barbosa,marcos.barbosa@gmail.com,30,brasília,2021-12-11 00:00:00,(17)97178-3378
695,vitor gomes,vitor.gomes@empresa.com.br,-1,Salvador,2021-10-23 00:00:00,(47)97645-5518
369,Valentina Carvaloh,valentina.carvaloh@user#mail.com,53,fortaleza,2021-12-09 00:00:00,
967,Igor Moura,igor.moura@hotmail.com,149,Sao Jose dos Campos,2020-11-14 00:00:00,(62)91725-3545
969,Julia Nunes,julia.nunes@gmail.com,60,  recife,2022-04-26 00:00:00,(45)91547-9009
938,DIEGO SOUZA,diego.souza@hotmail.com,21,POA,2021-05-10 00:00:00,(58)95466-5699
779,julia ribeiro,julia.ribeiro@hotmail.com,114,Vila Velha,2021-04-14 00:00:00,(17)94335-1509
905,T. CAMPOS ,t.campos@gmail.com,-25,SJC,2020-05-16 00:00:00,(43)92663-3847
548,  aMriana Nunes  ,amriana.nunes503@hotmail.com,44,  Goiania  ,2022-01-24 00:00:00,(32)95527-6532
989,Diego Gomes,diego.gomes@hotmail.com,47,  Niteroi ,2021-06-04 00:00:00,(84)93158-9846
689,SAMUEL ARAUJO,samuel.araujo@outlook.com,36,POA,2022-06-16 00:00:00,(65)97714-1343
981,laura pinto,laura.pinto@yahoo.com.br,58,SÃO PAULO,2021-10-15 00:00:00,(37)94916-8343
457,Mariana Araujo,mariana.araujo@hotmail.com,47,SAO JOSE DOS CAMPOS,2022-07-26 00:00:00,(51)92717-4732
394, Gustavo Costa ,gustavo.costa@None,-1, PORTO ALEGRE  ,2022-09-15 00:00:00,(92)96713-8933
676,  Roberto Moura,roberto.moura@yahoo.com.br,56,Sa oPaulo,2022-02-22 00:00:00,(65)97403-6543
994,Juli aNunes,juli.anunes@empresa.com.br,84,,2021-04-10 00:00:00,(26)92266-8034
729,JOÃO NUNES,joão.nunes944@empresa.com.br,81,RJ  ,2020-12-25 00:00:00,(77)92395-6215
420,Camila Peerira,camila.peerira@empresa.com.br,21,RCEIFE,2024-02-21 00:00:00,(27)95501-5375
376,AN APINTO SR.,an.apinto.sr.@None,23,SALVADOR,2023-02-04 00:00:00,0000
413,Diego Rocha,diego.rocha@empresa.com.br,36,POA,2021-02-02 00:00:00,(83)93286-3128
75,Gustavo de Almeida ,gustavo.de.almeida@gmail.com,56,Fortaleza,2021-08-11 00:00:00,(49)95508-1998
1167,E. Araujo,e.araujo@hotmail.com,48,  BRASÍLIA ,2020-06-22 00:00:00,
941,Gustavo Ribeiro,gustavo.ribeiro585@user#mail.com,47,SJC,2022-01-02 00:00:00,(87)99222-7538
501,  mariana martins ,mariana.martins@gmail.com,25,RIO DE JANEIRO,2020-08-30 00:00:00,(16)95952-3992
944,fernanda oliveira,fernanda.oliveira@gmail.com,74,rio de janeiro,2021-10-05 00:00:00,(97)93727-4701
617,Fernanda Pereira Filho,fernanda.pereira.filho@outlook.com,63,  RJ  ,2022-10-05 00:00:00,(43)96931-5396
115,Maria Almeida,maria.almeida@hotmail.com,112,  CTB A ,2022-07-22 00:00:00,(86)94727-1999
418,CAMILA SOUZA SR.,camila.souza.sr.@gmail.com,83,  rio de janeiro ,2023-04-07 00:00:00,XXXXX
602,L. COSTA ,l.costa@outlook.com,73, Sao Jose dos Campos  ,2022-09-17 00:00:00,0000
605,Alice Oliveira,alice.oliveira@outlook.com,77,BRASÍLIA,2022-05-25 00:00:00,(22)97938-2843
90,pedro souza,pedro.souza@outlook.com,39,Manaus,2021-11-21 00:00:00,
1199,larissa santana,larissa.santana@outlook.com,81,,2021-08-21 00:00:00,(90)95870-9908
1194,Marcos Costa,marcos.costa@user#mail.com,63,BH,2021-08-26 00:00:00,(98)93643-7297
754, VITOR SOUZA,vitor.souza@gmail.com,71,  RIO,2020-10-16 00:00:00,(31)96731-6325
499,hugo acrvalho,hugo.acrvalho@empresa.com.br,60,,2021-06-16 00:00:00,(59)91633-8986
1197,joão santana,joão.santana@ ,41,curitiba,2020-07-07 00:00:00,(66)96234-2909
963,  Samuel Martins ,samuel.martinsempresa.com.br,18,SJC,2021-08-24 00:00:00,(88)99271-2059
1138,Eduardo Araujo,eduardo.araujo@empresa.com.br,81,SP,2022-01-05 00:00:00,
12,IGOR DA SOUZA,igor.da.souza@user#mail.com,94,fortaleza,2022-11-23 00:00:00,(42)92684-6794
397,M. Pinto,,999,BH,2020-08-18 00:00:00,(31)97125-6431
920,Paulo de Costa,paulo.de.costa964@None,19,Porto Alegre,2021-08-01 00:00:00,(36)92542-3755
556,Marcos Costa,marcos.costa984@yahoo.com.br,83,nitero i ,2023-03-25 00:00:00,XXXXX
43,A. OLIVEIRA,a.oliveira@outlook.com,22,Brasilia,2023-07-08 00:00:00,(55)98043-2816
168,PEDRO ALMEIDA FILHO,pedro.almeida.filho@gmail.com,76,goiania  ,2021-08-17 00:00:00,0000
417,livia silva,livia.silva@yahoo.com.br,30,aSo Jose dos Campos,2023-01-15 00:00:00,(36)99436-8454
577,Carlos Silva,carlos.silva@empresa.com.br,47,Manaus,2021-12-04 00:00:00,(84)92689-6573
268,MARIANA DOS MENDES,mariana.dos.mendes@gmail.com,57,SAOPAULO,2021-10-02 00:00:00,(26)91849-4318
990,DIEGO TEIXEIAR,diego.teixeiar@yahoo.com.br,66,rio de janeiro,2020-08-07 00:00:00,(13)96311-2287
427,Fernanda Ferreira ,fernanda.ferreira@gmail.com,59,rio de janeiro,2024-01-14 00:00:00,XXXXX
691,  ana martins,ana.martins@hotmail.com,59,Manaus,2021-05-15 00:00:00,(24)95060-8111
545,Camila Carvalho,camila.carvalho@hotmail.com,32,rio de janeiro  ,2022-06-16 00:00:00,(49)98074-3521
1168,Gustavo Nunes,gustavo.nunes@outlook.com,47,Campinas,2022-08-07 00:00:00,(34)95816-4053
675, BEATRIZ OLIVEIRA,beatriz.oliveira@mail(at)domain.com,29,São Paulo,2021-12-15 00:00:00,(80)91459-1535
690, Paulo dos Silva,,38,rj,2022-07-23 00:00:00,(64)93800-2023
1098,igor gomes,igor.gomes@hotmail.com,27,brasília,2022-01-24 00:00:00,(90)95650-6535
1182,joão ferreira,joão.ferreira658@outlook.com,64,  POA,2020-08-04 00:00:00,(83)94915-1500
160,Fernanda Lima,fernanda.lima168@outlook.com,-25,PORTO ALEGRE,2022-07-25 00:00:00,(43)96638-1324
964, LIVIA LIMA FILHO  ,livia.lima.filho@empresa.com.br,47,POA,2021-12-21 00:00:00,(51)91601-8887
258,BRUNO RIBEIRO,,35,Niteroi,2022-01-21 00:00:00,(25)92734-2669
923, Laura Mendes ,laura.mendes@hotmail.com,50,são paulo,2022-04-23 00:00:00,(43)99086-7897
336,calra souza,,39,Porto Alegre,2022-04-20 00:00:00,(99)91216-5698
16,Roberto Silva,roberto.silva@hotmail.com,27,SJC,2021-11-09 00:00:00,
983,LAURA PEREIRA,laura.pereira@gmail.com,53,SãoPaulo,2022-05-23 00:00:00,(72)97775-2922
325,CALRA CARVALHO,calra.carvalho@gmail.com,40,GOIANIA,2023-03-11 00:00:00,(36)99741-3517
769,Larissa Santana S.r,larissa.santana.s.r@empresa.com.br,21,Niterói,2021-03-28 00:00:00,0000
608,Valentina Rocha,valentina.rocha76@outlook.com,47,BH  ,2021-12-12 00:00:00,(63)91006-6598
1097,João Mendes  ,joão.mendes@empresa.com.br,76, SJC,2022-04-13 00:00:00,(19)98320-4353
859,GUSTAVO DOS GOMES,gustavo.dos.gomes@yahoo.com.br,32,SALVADOR,2020-12-01 00:00:00,
799,  C. Barbosa ,,43,  FORTALEZA,2022-08-16 00:00:00,XXXXX
223,Diego Gomes,diego.gomes@gmail.com,44,  CTBA,2020-08-18 00:00:00,
180,V. Matrins,v.matrins264@outlook.com,19,,2021-03-25 00:00:00,(54)97436-3248
100,DIEOG CARVALHO,,,POA,2021-02-08 00:00:00,(79)93501-5546
758,Sofia Barbosa,sofia.barbosa@hotmail.com,137,São Paulo,2023-05-11 00:00:00,(31)91942-8279
522,  lucas costa  ,lucas.costa@yahoo.com.br,24,Vila Velha,2020-10-05 00:00:00,(58)92937-6046
762,Mateus Costa,mateus.costa@gmail.com,64,SJC,2022-01-01 00:00:00,(66)96804-2560
23,LAURA SILVA,laura.silva738@outlook.com,46, Goiania,2022-03-06 00:00:00,(58)98753-9698
357, L. Gomes,l.gomes@yahoo.com.br,22,bh,2022-09-16 00:00:00,(24)91479-4670
734,Camila Mendes,camila.mendes@hotmail.com,54,BH,2021-09-25 00:00:00,0000
1035,  Beatriz da Oliveira ,beatriz.da.oliveira165@empresa.com.br,36,Rio de Janeiro,2023-12-30 00:00:00,(29)93721-5140
1156,valentina souza,valentina.souza@gmail.com,50,,2022-01-07 00:00:00,(81)96168-4532
612,DIEGO CARVALHO,diego.carvalho@outlook.com,56,rio,2022-03-11 00:00:00,(18)97209-8954
1061,lCara Martins,lcara.martins@gmail.com,62, SÃO PAULO  ,2021-02-18 00:00:00,(91)94762-3877
341,Samuel Pereira ,samuel.pereira@yahoo.com.br,,RJ,2021-12-15 00:00:00,(73)91648-6955
432,DIEGO PINTO,diego.pinto@outlook.com,39,Porto Alegre,2021-01-30 00:00:00,(23)98261-6610
850,ROBERTO MENDES,roberto.mendes@hotmail.com,58,rio de janeiro,2021-05-23 00:00:00,(96)92575-8957
218,LARISSA MENDES,larissa.mendes@outlook.com,62,ctab,2020-05-28 00:00:00,0000
204,SANDRA MOURA,sandra.moura@empresa.com.br,40,poa,2020-02-21 00:00:00,(12)97737-2600
987, GUSTAVO SOUZA  ,gustavo.souza@empresa.com.br,16,bh,2021-10-22 00:00:00,(87)96005-2480
1005,Renato Silva,renato.silva@ ,66,CURITIBA,2022-05-16 00:00:00,(66)92971-7725
94,CARLOS MARTINS,carlos.martins@outlook.com,42,sao jose dos campos,2020-11-06 00:00:00,(45)99428-2560
869,Mateus de Rocha,mateus.de.rocha@hotmail.com,85,  BH  ,2021-08-16 00:00:00,(39)99158-2372
69,LARISSA RIBEIRO JR.,,38,Desconhecido,2021-04-18 00:00:00,XXXXX
250,joão araujo,joão.araujo@yahoo.com.br,26,CTBA,2022-11-29 00:00:00,(94)98423-6323
285,Fernanda Barbosa,fernanda.barbosa@mail(at)domain.com,19,BH,2022-06-13 00:00:00,(54)94694-7867
697,alice costa sr.,alice.costa.sr.@outlook.com,40,NITEROI,2022-01-12 00:00:00,(87)98761-5291
86,Lucas Costa,lucas.costa@hotmail.com,38,,2021-10-12 00:00:00,(99)99044-4971
435,hugo ribeiro ,hugo.ribeiro@gmail.com,47, rj ,2021-07-28 00:00:00,
865,Maria do Gomes,maria.do.gomes@outlook.com,32,SJC  ,2022-09-21 00:00:00,(56)91124-4030
154,Sofia de Carvalho,sofia.de.carvalho@mail(at)domain.com,82,rio de janeiro,2020-03-18 00:00:00,(94)91004-3579
76,Roberto Teixeira,roberto.teixeira@empresa.com.br,46,nitreoi,2022-05-25 00:00:00,(60)94978-5177
1085,BEATRIZ SANTANA,beatriz.santana@outlook.com,55,  Salvador  ,2023-06-06 00:00:00,(63)95948-6905
790,Pedro Rocha,pedro.rochagmail.com,37,são paulo,2021-09-22 00:00:00,
581,Carlos Carvalho,carlos.carvalho@gmail.com,60,BH,2021-01-10 00:00:00,(52)99297-7807
447,lucas cmapos,lucas.cmapos@yahoo.com.br,26,,2021-02-05 00:00:00,(76)94192-3321
704,FERNANDA GOMES,fernanda.gomes@outlook.com,20,  belo horizonte,2023-09-27 00:00:00,(93)99538-3985
189,Tiago Ferreira,tiago.ferreira25@yahoo.com.br,42,sao jose dos campos,2021-06-09 00:00:00,(99)95614-5168
272,Sandra Silva,sandra.silva@gmail.com,5,  Vila Velha  ,2020-08-10 00:00:00,(74)96947-1602
237,Diego ods Teixeira,diego.ods.teixeira@yahoo.com.br,25,SJC,2022-10-11 00:00:00,(39)92506-2552
488,Roberto Lima,roberto.lima@contato@@empresa..com,trinta,Sao Paulo,2023-03-08 00:00:00,XXXXX
1049,Tiago de Campos filho,tiago.de.campos.filho@empresa.com.br,58,brasília,2021-03-10 00:00:00,(31)98513-4897
560,BRUNO IRBEIRO,bruno.irbeiro@outlook.com,34,rceife,2022-09-14 00:00:00,XXXXX
118, Alice Costa ,,51,sjc,2022-06-20 00:00:00,(67)96257-5414
638,Joao Santana,joao.santana@outlook.com,72,Sao Paulo,2022-05-16 00:00:00,(56)96999-1459
1121,  J. Pereira,j.pereira@gmail.com,67,Manaus,2022-03-12 00:00:00,(39)97746-9720
802,João Rocha,joão.rocha@empresa.com.br,24,BH,2023-05-10 00:00:00,0000
751,DIEGO OLIVEIRA  ,diego.oliveira@empresa.com.br,48,SÃOPAUOL,2021-04-15 00:00:00,(34)98812-4441
513,  CAMILA FERREIRA  ,camila.ferreira@gmail.com,36,são paulo,2022-05-29 00:00:00,0000
634,  Beartiz Pinto,,67,RIO,2023-06-12 00:00:00,(43)99585-4964
853,GUSTAVO MOURA,,39,bh,2021-08-03 00:00:00,(74)96109-2229
1058,Mateus Araujo,,82,,2020-11-27 00:00:00,(61)99892-9442
1147,João Teiexira,joão.teiexira@hotmail.com,53,sjc,2021-12-30 00:00:00,(17)93756-7269
127,Diego Martins,diego.martins@outlook.com,31,RIO DE JANEIRO ,2022-06-10 00:00:00,(48)93627-1645
791, Fernanda Ribeiro,fernanda.ribeiro@yahoo.com.br,69,Porto Alegre,2022-04-03 00:00:00,(11)98707-7775
830,SOFIA PEERIRA,sofia.peerira@yahoo.com.br,27,bh,2020-08-23 00:00:00,(85)98091-7374
117,Tiago do Oliviera,tiago.do.oliviera@outlook.com,28,Sao Jose dos Campos,2022-03-30 00:00:00,(15)93821-5512
474,BRUNO DE OLIVEIRA,bruno.de.oliveira@yahoo.com.br,73,PORTO ALEGRE,2021-12-24 00:00:00,
741,L. ARAUJO,l.araujo@gmail.com,72,POA,2023-11-07 00:00:00,(25)97807-2733
1053,Samuel Mendes  ,samuel.mendes@hotmail.com,47,sp,2021-03-03 00:00:00,(88)91608-8072
58,Mateus Oliveira,,36,goiania,2021-10-30 00:00:00,(74)91430-6912
604,Valentina Silva ,valentina.silva@hotmail.com,17, salvador ,2022-03-31 00:00:00,(59)92394-5907
787,  MATEUS DE BARBOSA  ,mateus.de.barbosa@gmail.com,20,niteori,2021-10-12 00:00:00,(92)99905-8701
831,Maria Martins,maria.martins@yahoo.com.br,30,CURITBIA,2022-11-15 00:00:00,(20)95696-2620
120,Julia dos Campos,julia.dos.campos@yahoo.com.br,36,Niteroi,2023-01-28 00:00:00,(13)91145-8767
657,Maria Silva,maria.silva@None,51,Campinas,2021-12-02 00:00:00,(74)91796-2842
984,Lucas do Pereira,lucas.do.pereira@outlook.com,53,POA,2020-05-28 00:00:00,(44)97229-9657
1004,TIAG ONUNES FILHO,tiag.onunes.filho@yahoo.com.br,trinta,Recife  ,2023-04-07 00:00:00,(20)92493-5087
106, igor da rocha ,igor.da.rocha@hotmail.com,54,sjc,2021-11-04 00:00:00,(56)97492-9412
636,Laura Souza,laura.souza35@hotmail.com,57,  SP,2021-12-15 00:00:00,(70)99315-7355
370,eduardo costa,eduardo.costa1@outlook.com,82,  SP ,2022-07-03 00:00:00,(34)94849-9957
269, GUSTAVO PINTO  ,gustavo.pinto568@hotmail.com,47,Vila Velah,2021-10-30 00:00:00,(32)95016-9806
656,joão martisn ,joão.martisn@outlook.com,30,rio de janeiro,2021-06-18 00:00:00,(69)94702-2708
820,Clara Pinto,clara.pinto@outlook.com,82, Niteroi,2020-06-21 00:00:00,0000
823,ROBERTO FERREIRA,roberto.ferreira@outlook.com,21,SJC,2022-08-25 00:00:00,0000
921,Livia Carvalho,livia.carvalho@gmail.com,22,bh  ,2020-10-25 00:00:00,(74)96702-4088
47,BRUNO GOMES SR.,bruno.gomes.sr.@empresa.com.br,146,Manaus,2023-01-16 00:00:00,XXXXX
350,Eduardo Santana,eduardo.santana448@yahoo.com.br,trinta, sp,2021-12-23 00:00:00,0000
774,  Vitor Campos,vitor.campos@outlook.com,73,poa,2021-10-13 00:00:00,(16)97344-8712
196,Livia do Lima,livia.do.lima@empresa.com.br,54,salvador ,2021-08-19 00:00:00,(86)98063-8132
103,Julia Rocha Jr.  ,julia.rocha.jr.@hotmail.com,25,  Fortaleza,2023-02-11 00:00:00,(50)96362-2415
5,LARISSA MENDES FILHO,larissa.mendes.filho@yahoo.com.br,36,Salvador,2022-09-15 00:00:00,(50)94923-1949
620,S. Ribeiro,s.ribeiro@empresa.com.br,,BH,2021-02-17 00:00:00,(65)91876-9711
572,Tiago da Mendes,tiago.da.mendes@empresa.com.br,67,NITEROI,2021-08-19 00:00:00,(11)97162-9857
53,Julia Souza,julia.souza@yahoo.com.br,26,POA,2022-01-01 00:00:00,(60)98702-1713
264,Beatriz da Oliveira,beatriz.da.oliveira@yahoo.com.br,78,  campinas ,2021-06-19 00:00:00,(26)94483-8461
1137,bruno pinto,bruno.pinto@hotmail.com,21,campinas,2023-01-19 00:00:00,(56)97772-2127
444,Joao Carvalho,joao.carvalho@gmail.com,85,bh,2020-12-13 00:00:00,XXXXX
1032,  HELENA PINTO ,helena.pinto@yahoo.com.br,85,Cuirtiba,2023-08-19 00:00:00,(14)96250-9186
783,ROBERTO FERREIRA,,64, Belo Horizonte,2021-07-11 00:00:00,(21)99729-8202
838,SANDRA LIMA ,sandra.lima@gmail.com,67,manaus,2022-08-30 00:00:00,(11)93339-8009
924,MARIANA PEREIRA,mariana.pereira@yahoo.com.br,45,SP,2021-02-26 00:00:00,(77)96532-1755
692,Roberto Gomes  ,roberto.gomes@outlook.com,24,POA,2023-01-31 00:00:00,(72)99077-7318
305,MATEUS NUNES,,64,Manaus,2022-06-29 00:00:00,
342,Lariss aBarbosa,lariss.abarbosa@gmail.com,17, SP,2022-06-19 00:00:00,(96)92531-6716
946,Beatriz Carvalho,beatriz.carvalho@outlook.com,25,Desconhecido,2022-09-30 00:00:00,(90)93913-4524
314,Helena Barbosa,helena.barbosa@hotmail.com,36,Curitiba,2021-07-11 00:00:00,(79)92802-9984
150,VALENTINA FERREIRA,,69,SJC,2021-12-17 00:00:00,XXXXX
125,MATEUS PINTO,mateus.pinto@outlook.com,60,rio de janeiro ,2022-10-07 00:00:00,(78)96535-8105
1106,Alice Pinto,alice.pinto@hotmail.com,118,VILA VELHA,2022-04-22 00:00:00,XXXXX
575,Larissa Carvalho,larissa.carvalho@empresa.com.br,39,  São Paulo,2021-06-08 00:00:00,(79)99068-7299
698,Lucsa Nunes,,67,SP,2022-12-16 00:00:00,(23)95277-4138
665,HUGO OLIVEIRA  ,hugo.oliveira@yahoo.com.br,70,rj,2020-12-07 00:00:00,(68)99964-9137
51,Rafael Carvalho,rafael.carvalho@yahoo.com.br,82, NITEROI  ,2021-01-12 00:00:00,(39)98391-6727
939,GUSTAVO GOMES,gustavo.gomes@hotmail.com,49,Niteori,2021-09-27 00:00:00,
727,  CARLOS ARAUJO,carlos.araujo@empresa.com.br,58,  são paulo  ,2023-04-09 00:00:00,(62)98429-4920
800,Helena Ribeiro,helena.ribeiro@empresa.com.br,118,BH,2022-01-17 00:00:00,(86)93245-1718
834,CARLOS OLIVEIRA,,54,RJ,2020-09-25 00:00:00,(55)92026-8502
354,Rafael Ferreira,rafael.ferreira@empresa.com.br,56,recife,2023-01-31 00:00:00,
1198, Vitor Moura  ,vitor.moura290@gmail.com,50,POA,2021-07-30 00:00:00,(61)94105-2982
143,J. Nunes  ,j.nunes@outlook.com,30,sãopaulo,2021-10-03 00:00:00,(20)95762-2103
471,Clar aRocha,clar.arocha@outlook.com,42,,2022-01-17 00:00:00,(69)98410-8272
1009,vitor costa,vitor.costa@empresa.com.br,63,sp,2022-02-21 00:00:00,(44)97349-8877
654,Clara Campos,clara.campos@yahoo.com.br,50,Campinas,2022-07-22 00:00:00,(71)95437-7439
400,Hug oSilva,hug.osilva@gmail.com,28,Salvador ,2022-02-21 00:00:00,(83)94808-1965
979,M. Ribeiro,m.ribeiro@yahoo.com.br,41,Vila Velha,2022-01-19 00:00:00,0000
998, sofia souza,sofia.souza@empresa.com.br,78,,2022-04-06 00:00:00,(12)91188-2077
321,igor pereira,igor.pereira@hotmail.com,41,,2022-07-11 00:00:00,(26)97899-9012
20, Sandra Silva ,sandra.silva@empresa.com.br,76,SÃO PAULO,2023-12-31 00:00:00,(16)91508-5051
685,JULIA OLIVEIRA,julia.oliveira@hotmail.com,68,SãoaPulo,2022-09-24 00:00:00,(90)99427-1443
36,Julia Martins,julia.martins@gmail.com,49,Fortaleza,2021-11-02 00:00:00,(89)94626-2035
825,fernanda teixeira,,102,bh,2023-02-22 00:00:00,(39)98881-3404
903,PEDRO ALMEIDA,pedro.almeida@empresa.com.br,28,SP,2022-08-29 00:00:00,(69)95328-3441
506,Fernanda dos Moura,fernanda.dos.moura@yahoo.com.br,33,Porto Alegre,2022-07-13 00:00:00,(45)95734-9413
828,Pedro Lima,pedro.lima@empresa.com.br,84,RECIFE,2022-06-21 00:00:00,(17)93328-4803
1115,  marcos pinto  ,marcos.pinto@empresa.com.br,73, Vila Velha  ,2022-10-02 00:00:00,(22)98935-8057
408,LIVIA LIMA,livia.lima@hotmail.com,23,  CTBA ,2023-04-18 00:00:00,(13)96450-6185
818,Pedro Ribeiro,,44,FORTALEZA,2021-05-28 00:00:00,XXXXX
867,PEDRO SILVA,pedro.silva395@hotmail.com,84,vila velha,2020-10-17 00:00:00,(26)95844-6779
538,Diego Teixeira,diego.teixeira@yahoo.com.br,47,S P ,2022-03-29 00:00:00,(25)91046-4443
759, laura pinto ,laura.pinto16@yahoo.com.br,50,MANAUS,2023-05-16 00:00:00,0000
1112,Maria Csota,maria.csota@empresa.com.br,84,Curitiba,2022-08-25 00:00:00,(34)96085-3402
974,  igor barbosa,igor.barbosa@yahoo.com.br,18,BRASÍLIA,2020-10-08 00:00:00,(38)98283-8026
39,FERNANDA COSTA,fernanda.costa@contato@@empresa..com,76,ctba,2023-12-02 00:00:00,(95)99543-5941
176,pedro da araujo,pedro.da.araujo@outlook.com,32,belo horzionte,2022-12-15 00:00:00,(28)98879-4245
246,JULIA ROCHA,julia.rocha@yahoo.com.br,19,RIO DE JANEIRO,2022-04-15 00:00:00,(21)91169-8682
811,FERNANDA MENDES,fernanda.mendes@ ,25,BRASÍLIA,2021-09-09 00:00:00,(11)92199-3989
1129,hugo costa,,32,RJ,2021-04-07 00:00:00,(16)93046-7485
1062,Carlos da Oliveira,carlos.da.oliveira@yahoo.com.br,73,  campinas  ,2021-12-10 00:00:00,(94)93715-1920
1036,roberto costa,roberto.costa@ ,53,SALVDAOR,2020-10-22 00:00:00,(28)99925-8699
785,  Bruno Costa,bruno.costa@hotmail.com,106,bh,2022-01-13 00:00:00,(59)93528-9981
51,RAFAEL CARVALHO JR,rafael.carvalho@yahoo.com.br,82, NITEROI  ,2021-01-12 00:00:00,(39)98391-6727
490,  TIAGO RIBEIRO  ,,58,fortaleza,2022-08-27 00:00:00,(79)91120-5610
155,Beatriz Ferreira  ,beatriz.ferreira@yahoo.com.br,74,  DESCONHECIDO,2021-06-01 00:00:00,(25)99409-5222
639,SOFIA CAMPOS JR.,sofia.campos.jr.@hotmail.com,-25,sp,2022-03-05 00:00:00,(20)99892-5913
663, h elena costa  ,h.elena.costa@hotmail.com,39,  sãopaulo ,2020-04-20 00:00:00,(42)98844-5008
854,Joao Costa,joao.costa@yahoo.com.br,44,SAO PAULO,2022-04-06 00:00:00,(95)97584-4411
288,pedro mendes,pedro.mendes@empresa.com.br,78,  CTBA ,2020-11-03 00:00:00,(33)97800-5081
626,alice carvalho,alice.carvalho@None,21, POA  ,2020-11-04 00:00:00,(83)97639-3610
1172,diego lima,diego.lima@yahoo.com.br,63, JSC ,2022-09-05 00:00:00,(94)97952-5278
686,ROBERTO DA RIBEIRO,,44,GOIANIA,2021-11-03 00:00:00,(33)92249-7096
1059,João do Almeida,,31,niterói,2022-11-03 00:00:00,(21)97535-1295
1095,JOÃO DO OLIVEIRA,joão.do.oliveira@outlook.com,72,CAMPINAS,2022-10-25 00:00:00,(18)96322-8388
570,Sandra Teixeira,sandra.teixeira@outlook.com,28, curitiba,2020-10-21 00:00:00,(70)99186-9411
1189,baetriz pinto,baetriz.pinto@outlook.com,25,rio,2022-05-22 00:00:00,XXXXX
735,Marcos Gomes,marcos.gomes@hotmail.com,16,POA,2021-03-01 00:00:00,(27)95522-2254
793,renato nunes,renato.nunes504@gmail.com,72,São Paulo,2021-06-16 00:00:00,(13)95073-9944
18,ROBERTO MARTINS,roberto.martins@yahoo.com.br,85,SAO PAULO,2022-12-26 00:00:00,(80)98633-7812
128,ROBERTO LIMA  ,roberto.lima@None,74,RIO DE JANEIRO,2022-03-13 00:00:00,(51)97979-2898
323,VALENTINA SANTANA,valentina.santana@outlook.com,35,iro ,2021-11-21 00:00:00,(78)96020-4791
256,Samuel Barbosa,samuel.barbosa@gmail.com,60,CTBA,2022-04-07 00:00:00,(39)96556-8675
1191,Laura Silva,laura.silva@empresa.com.br,42,são paulo,2022-09-19 00:00:00,(20)92125-6413
928,LARISSA PEREIRA ,larissa.pereira@yahoo.com.br,38,  bh,2022-11-01 00:00:00,(84)93874-1577
21,RAFAEL SILVA ,rafael.silva@gmail.com,55,Foratleza,2023-09-02 00:00:00,(98)92983-1672
191,Pedro Teixeira,pedro.teixeira@gmail.com,65,SãoPaulo,2022-09-04 00:00:00,(74)94893-7088
116,  Hugo Araujo,hugo.araujo@outlook.com,37,RIO DE JANEIRO,2021-05-07 00:00:00,(91)93422-5225
348,carlos campos filho ,carlos.campos@empresa.com.br,63,SAO JOSE DOS CAMPOS,2022-09-23 00:00:00,(64)91535-1254
970,SANDRA MENDES,sandra.mendes@hotmail.com,67,Brasília,2021-02-10 00:00:00,(87)97676-1745
607,GUSTAVO FERREIRA,gustavo.ferreira@hotmail.com,68,RJ,2022-07-30 00:00:00,(79)97555-9727
181,Beatriz Barbosa,beatriz.barbosa@hotmail.com,33,rio de janeiro,2020-04-01 00:00:00,(83)93589-6201
302,Laura Carvalho,laura.carvalho@gmail.com,33,são paulo,2022-03-27 00:00:00,(95)98785-9436
497,Alice Oliveira,alice.oliveira@yahoo.com.br,66,POA,2022-03-07 00:00:00,(39)98432-3551
349,maria costa,maria.costa@outlook.com,32,,2021-04-24 00:00:00,(33)97604-6212
1078,Mariana Pinto,,46,Brasília,2022-09-26 00:00:00,(73)97759-1393
37,  l. gomes,l.gomes@outlook.com,28, SJC,2022-05-11 00:00:00,XXXXX
745,JULIA PINTO,julia.pinto@gmail.com,63,Desconhecido,2022-11-15 00:00:00,(42)94786-6406
1126,  ANA ALMEIDA JR.  ,ana.almeida.jr.@empresa.com.br,79,DESCONHECIDO,2022-06-06 00:00:00,(44)95595-6773
1033,diego oliveira,diego.oliveira@outlook.com,28,goiania,2021-11-09 00:00:00,(61)97476-1368
518,lucas gomes,,-25,  rio de janeiro  ,2021-11-26 00:00:00,(91)99537-7082
373,Alice Oliveira,alice.oliveira@yahoo.com.br,24,sao paulo,2021-06-07 00:00:00,(40)94876-2727
46,LUCAS COSTA,lucas.costa@outlook.com,57,Niteroi,2022-11-21 00:00:00,XXXXX
477,  P. Ferreira,p.ferreiraoutlook.com,64,bh,2021-10-03 00:00:00,(54)93168-6672
158,  carlos lima ,carlos.lima@outlook.com,66,NITEROI,2021-08-06 00:00:00,(12)94452-7216
1090,BRUNO FERREIRA,bruno.ferreira@empresa.com.br,40,RECIFE,2023-08-10 00:00:00,(29)99595-6325
172,CARLOS OLIVEIRA JR.,carlos.oliveira.jr.@hotmail.com,29,Vila Velha,2022-01-15 00:00:00,(75)96529-3591
17,Diego Pinto Sr.,diego.pinto.sr.@gmail.com,75, sao paulo  ,2022-02-07 00:00:00,(67)99270-7991
512,vitor pinto,vitor.pinto@yahoo.com.br,47,Manaus,2020-12-27 00:00:00,(68)97949-2465
49,mateus pinto,mateus.pinto@gmail.com,39,,2022-05-11 00:00:00,(73)94145-4711
192,Vitor Gmoes,vitor.gmoes@yahoo.com.br,34,Vila Velha,2020-01-28 00:00:00,(77)92897-1067
547,Vitor Mendes,vitor.mendes596@outlook.com,22,Rio,2022-09-19 00:00:00,(28)91865-9486
516,Livia Araujo,livia.araujo@empresa.com.br,79,SP,2021-10-22 00:00:00,0000
659,Sandra dos Oliveira ,sandra.dos.oliveira@yahoo.com.br,70,SÃO PAULO,2020-06-15 00:00:00,(78)92422-9099
1190,  DIEGO CARVALHO ,diego.carvalho@outlook.com,41,RIO DE JANEIRO,2021-08-12 00:00:00,(69)99367-8069
829,Pedro Moura ,pedro.moura@gmail.com,43,Vila Velha,2022-03-31 00:00:00,(31)93413-8195
1046,  ROBERTO PINTO ,roberto.pintooutlook.com,999,Porto Alegre,2021-01-01 00:00:00,(51)98578-5139
481,BRUNO LIMA,,62,goiania,2021-09-28 00:00:00,(72)97069-9187
960,alice almeida,alice.almeida@hotmail.com,22,Fortaleza,2021-08-24 00:00:00,(46)91132-4342
1174,renato campos sr.,renato.campos.sr.@yahoo.com.br,80,Niteroi,2022-07-06 00:00:00,(17)95573-3111
284,JULIA OLIVEIRA,julia.oliveira@outlook.com,49,SÃO PAULO,2022-06-28 00:00:00,(12)98733-9399
1145,MARIA GOMES,maria.gomes@empresa.com.br,65,TCBA,2020-05-30 00:00:00,(66)96006-4665
798,diego costa,,95,porto alegre,2022-10-17 00:00:00,(17)97444-4874
1023,RAFAEL SOUZA,,trinta,SÃO PUALO,2022-09-22 00:00:00,(46)94726-4807
226,Helena Gomes,helena.gomes@contato@@empresa..com,77,FORTALEZA,2022-09-18 00:00:00,(84)91287-5252
27,JULIA NUNES,julia.nunes@empresa.com.br,80, SALVADOR  ,2021-05-16 00:00:00,XXXXX
283,  helena de nunes  ,helena.de.nunes@yahoo.com.br,45,rj,2022-02-04 00:00:00,(46)94731-2612
1195,MARIANA GOMES,mariana.gomes@yahoo.com.br,47,Fortaleza,2021-10-25 00:00:00,(60)92016-6579
438, Bruno Oliveira  ,bruno.oliveira@ ,35,MANAUS,2021-10-03 00:00:00,(66)91351-7577
380,DIEGO CAMPOS SR.,diego.campos.sr.@empresa.com.br,47, POA ,2021-08-15 00:00:00,(37)93246-9535
365, Fernand aCarvalho  ,fernand.acarvalho@empresa.com.br,60,Niterói,2021-11-01 00:00:00,(89)93014-8101
230,JOÃOP EREIRA,joãop.ereira@hotmail.com,24,SP,2021-09-10 00:00:00,(79)91070-2616
38,C .Nunes,c.nunes@gmail.com,42,são paulo,2020-03-31 00:00:00,(87)91046-5542
670,HUGO FERREIRA,hugo.ferreira380@hotmail.com,38, BH  ,2021-10-27 00:00:00,(51)95751-9593
750,  Digeo Costa  ,digeo.costa@empresa.com.br,-25,VILA VELHA  ,2022-06-22 00:00:00,
1119,Sandra oSuza,sandra.osuza@empresa.com.br,26,CURITIAB,2023-05-17 00:00:00,(98)97636-6128
375,  CARLOS COSTA  ,carlos.costa@outlook.com,33,Sao Jose dos Campos,2021-06-13 00:00:00,
470,  SOFIA SILVA,,65, rio de janeiro  ,2021-06-29 00:00:00,(30)98441-9789
883,Mateus Silva,mateus.silva@gmail.com,77,amnaus,2021-10-18 00:00:00,
1067,Sandra Ferreira,sandra.ferreira@hotmail.com,84,sao paulo,2021-12-14 00:00:00,(75)99494-8454
252,Valentina Almeida,valentina.almeida@gmail.com,35,Desconhecido,2021-07-03 00:00:00,
688,Tiago Araujo,tiago.araujo@hotmail.com,71, SAO JOSED OS CAMPOS  ,2023-04-05 00:00:00,(38)92847-5610
33,L. MARTINS,l.martins892@hotmail.com,79,DESCONHECIDO,2020-02-28 00:00:00,(70)95712-9955
640,Lucas Rocha,lucas.rocha@hotmail.com,,,2022-03-27 00:00:00,(12)91314-7517
1081,Matues Teixeira,matues.teixeira@yahoo.com.br,23,,2022-08-09 00:00:00,(93)99202-3687
195,Pedro Ribeiro,pedro.ribeiro@empresa.com.br,76,RIO,2022-04-19 00:00:00,(96)96412-6320
1150,SANDRA ALMEIDA,sandra.almeida@outlook.com,56,CTBA  ,2021-11-19 00:00:00,(43)91480-6148
1158,Alice Carvalho Jr.,alice.carvalho.jr.@mail(at)domain.com,61,Rio de Jnaeiro,2023-07-28 00:00:00,XXXXX
896,VITOR OLIVEIRA,,39,POA,2020-11-03 00:00:00,(93)91272-3314
504,J. ARAUJO,j.araujo@empresa.com.br,85,  NITEROI,2023-02-25 00:00:00,(20)93698-5047
916,hugo martins,hugo.martins@gmail.com,52,BRASÍLIA,2021-06-05 00:00:00,(37)94578-1013
1043, Sofia Carvalho  ,sofia.carvalho@empresa.com.br,40, Sao Jose dos Campos ,2022-11-03 00:00:00,(52)92705-2437
1030, BRUNO PINTO filoh,bruno.pinto.filoh@None,44,SJC,2023-08-11 00:00:00,(88)94911-7939
1132,  SOFIA PEREIRA ,sofia.pereira@hotmail.com,85,sp ,2020-12-04 00:00:00,(38)99062-9471
801,Tiago Gomes  ,tiago.gomes@yahoo.com.br,52,  vila velha ,2022-05-07 00:00:00,(51)97674-7224
161,Diego Pereira,diego.pereira@empresa.com.br,34,Niteroi,2022-01-09 00:00:00,
957,Carlos Mendes,,44,Porto Alegre,2021-10-24 00:00:00,(92)94287-2329
822,Hugo Carvalho,hugo.carvalho@empresa.com.br,38,  Niterói ,2023-03-29 00:00:00,(92)98340-1911
1116,ANA PINTO,ana.pinto@outlook.com,50,Curitiba,2020-09-22 00:00:00,(81)91933-6334
878,Eduardo de Moura,,52,SAO PAULO,2021-04-05 00:00:00,(53)94128-9559
914,MARIANA DOS SOUZA,mariana.dos.souza@empresa.com.br,19,Sao Jose do sCampos ,2023-12-03 00:00:00,XXXXX
153,Pedro Teixeira,pedro.teixeira@empresa.com.br,22,SãoPaulo,2021-07-16 00:00:00,0000
1141, c. barbosa  ,c.barbosa@yahoo.com.br,55,nitreoi,2020-07-23 00:00:00,(98)92447-8763
510,sofia rocha,sofia.rocha@empresa.com.br,50,SAO JOSE DOS CAMPOS,2022-06-04 00:00:00,
1047,Pedro de Ferreira,pedro.de.ferreira@yahoo.com.br,29,  Goiania  ,2023-02-16 00:00:00,(91)91887-8570
104, Roberto da Martins  ,roberto.da.martins@outlook.com,,São Paulo,2024-02-16 00:00:00,(50)92703-4361
587,  Diego Santana,diego.santana@hotmail.com,55,RJ,2021-03-27 00:00:00,0000
1104,Samuel Araujo,samuel.araujo@empresa.com.br,81,  RIO  ,2020-10-30 00:00:00,(63)93883-7714
54,Hugo Carvalho Jr.,hugo.carvalho.jr.@None,77,MANAUS,2022-09-21 00:00:00,(36)91686-6170
152,oSfia Oliveira,osfia.oliveira437@yahoo.com.br,84,Curitiba,2022-01-06 00:00:00,(58)98925-5157
404,LAURA DO PEREIRA,laura.do.pereira@mail(at)domain.com,55,bh,2020-09-20 00:00:00,
208,João Barbosa,joão.barbosa@gmail.com,53,Manaus,2021-03-17 00:00:00,(56)98970-2390
1180,Igor Santana,igor.santana@user#mail.com,-25,salvador,2023-01-29 00:00:00,(42)94674-7826
9,João Barbosa,joão.barbosa@gmail.com,77,poa,2021-09-03 00:00:00,(97)94853-7615
1015,  laura oliveira  ,laura.oliveira@gmail.com,33,Porto Alegre,2022-01-01 00:00:00,
453,CARLOS CARVALHO,carlos.carvalho@gmail.com,53,DESCONHECIDO,2022-11-29 00:00:00,(42)95532-8307
254, Laura Santana iFlho,laura.santana.iflho@outlook.com,66,SAO JOSE DOS CAMPOS,2021-07-20 00:00:00,(94)93378-4961
897,RAFAEL SILVA,,18,bh,2022-07-22 00:00:00,(26)91256-7298
1092,Sandra da Silva,sandra.da.silva@empresa.com.br,27,SP,2021-07-04 00:00:00,(72)97547-1611
881,Sandra Oliveira  ,sandra.oliveira@yahoo.com.br,77,BELO HORIZONTE,2022-01-04 00:00:00,(88)94408-1070
1178,  LIVIA RIBEIRO ,livia.ribeirogmail.com,71,aslvador,2021-09-26 00:00:00,(22)97276-8432
624,R. CAMPOS,r.campos@hotmail.com,26,FORTALEZA,2022-01-16 00:00:00,(93)93265-4194
346,Marcos Almeida,,78,POA,2021-11-19 00:00:00,(56)99887-7977
1073,MARIANA NUNES,,999,SJC,2020-12-19 00:00:00,(32)94434-3610
263,Julia Martins,julia.martins@outlook.com,33,goiania,2020-10-30 00:00:00,(29)97974-7751
151,valentina da pereira,valentina.da.pereira@gmail.com,64,BH,2022-12-02 00:00:00,0000
473,  ROBERTO SANTANA  ,roberto.santana@hotmail.com,56,CTBA,2021-07-31 00:00:00,(91)91578-2590
641,camila do nunes,camila.do.nunes@hotmail.com,52,rio de janeiro ,2023-01-26 00:00:00,(31)96475-6375
927,  LUCAS MOURA ,lucas.mourayahoo.com.br,60,GOIANIA,2020-05-04 00:00:00,(64)95488-1132
1175,Marcos Almeida Jr.,marcos.almeida.jr.274@mail(at)domain.com,53,Fotraleza ,2022-09-30 00:00:00,(23)92852-5750
551, HELENA ROCHA  ,helena.rocha@outlook.com,37, Sao Jose dos Campos,2022-06-24 00:00:00,(89)98537-6817
929,Mariana Rocha,mariana.rocha67@gmail.com,40,Recife,2023-01-18 00:00:00,(30)95817-1036
489,Gustavo Oliveira,gustavo.oliveira213@hotmail.com,49,  Rio,2022-07-01 00:00:00,(30)93255-9201
1125,tiago carvalho,tiago.carvalho@yahoo.com.br,29, Nitreoi  ,2021-01-30 00:00:00,(22)92066-3309
147,  FERNANDA LIMA SR.,fernanda.lima.sr.665@empresa.com.br,82,manaus,2021-03-25 00:00:00,(94)92275-9465
403,EDUARDO CAMPOS,eduardo.campos@hotmail.com,38,sp,2023-05-22 00:00:00,0000
955,gustavo nunes,,32,salvador,2020-05-14 00:00:00,(53)94621-3065
1170,Eduardo Martins,eduardo.martins@yahoo.com.br,51,São Paluo,2023-05-26 00:00:00,(60)97397-7853
660,PAULO SOUZA,paulo.souza@hotmail.com,32,Campinas,2021-10-04 00:00:00,XXXXX
464,C. Barbosa,c.barbosa970@gmail.com,trinta,Campinas,2022-09-20 00:00:00,(56)99810-1859
187,L. MENDES,l.mendes875@gmail.com,trinta,sjc,2020-11-30 00:00:00,(99)93906-8460
609,Mariana dos Rocha,mariana.dos.rocha@yahoo.com.br,70,Belo Horizonte,2021-12-17 00:00:00,(71)98933-2070
144,helnea pereira,helnea.pereira@outlook.com,56,,2021-04-10 00:00:00,
752,a. costa ,a.costa@outlook.com,53,sãopaulo,2021-12-08 00:00:00,(58)93879-2696
982,Hugo Nnues,hugo.nnues@outlook.com,26, manaus  ,2021-12-05 00:00:00,(53)99189-5325
198,Sandra Gomes,sandra.gomes@yahoo.com.br,32,  Niteroi  ,2021-04-21 00:00:00,(14)94854-8073
884,Igor Costa,igor.costa@empresa.com.br,70, Desconhecido  ,2023-03-09 00:00:00,(69)97663-5849
280,rafael almeida ,,30,belo horizonte,2022-04-10 00:00:00,(19)92941-3366
294,  MARIANA MOURA ,mariana.moura22@outlook.com,55, Rio ,2022-08-18 00:00:00,(15)94900-8270
1133, Beatriz de Araujo,beatriz.de.araujo@outlook.com,80,PORTO ALEGRE,2022-10-25 00:00:00,(49)99229-9563
401,Samuel Ferreira,samuel.ferreira@empresa.com.br,77,POA,2022-10-09 00:00:00,
123,RENATO ARAUJO,renato.araujo@hotmail.com,44,Campinas,2021-01-12 00:00:00,(92)92166-8736
203,SAMUEL MENDES,samuel.mendes@gmail.com,84, Rio,2021-10-25 00:00:00,(78)91672-2595
836,MARCOS NUNES,marcos.nunes@yahoo.com.br,39, SALVADOR,2022-07-11 00:00:00,(46)97192-2371
247,  Mateus Ribeior,mateus.ribeior@outlook.com,21,São Paulo,2020-07-20 00:00:00,(44)93783-9253
458,Renat oMoura jr,,114,Savlador,2023-11-02 00:00:00,(43)91451-9041
1173,HELENA PINTO,helena.pinto@yahoo.com.br,999,são pualo,2021-10-04 00:00:00,(21)92518-9645
385,Ana de Rocha,ana.de.rocha866@yahoo.com.br,21,ERCIFE,2021-11-28 00:00:00,(58)97815-2169
855,Clara Carvalho,clara.carvalho@empresa.com.br,21,são paulo,2022-05-15 00:00:00,(64)93949-5270
220,BRUN OALMEIDA,brun.oalmeida@hotmail.com,85,Desconhecido,2021-11-20 00:00:00,(40)99513-6503
642, J. Almeida,j.almeida@outlook.com,35,  Rio,2021-05-19 00:00:00,(16)96835-5002
2,Renato Carvalho,renato.carvalho678@outlook.com,26,NITEROI,2021-06-08 00:00:00,(37)95374-2169
113,helena almeida sr.,helena.almeida.sr.@empresa.com.br,44, soãpaulo,2021-05-26 00:00:00,(81)92525-6536
699,VITOR NUNES,vitor.nunes@outlook.com,28,Manaus ,2021-11-10 00:00:00,XXXXX
952,Rafael Nunes,rafael.nunes@gmail.com,18,SAO JOSE DO SCAMPOS ,2022-07-01 00:00:00,(62)96588-1682
1123,Mateus Souza,mateus.souza@empresa.com.br,73,rj,2022-08-28 00:00:00,(27)91537-4760
442,Alice Pereria,alice.pereria@gmail.com,34,  niteroi ,2023-07-03 00:00:00,(95)95801-7089
664,Bruno de Moura,bruno.de.moura@yahoo.com.br,18,RIO,2021-05-19 00:00:00,(40)98758-6986
1140,Hugo Costa,hugo.costa@outlook.com,49,Vila Velha,2023-03-10 00:00:00,(93)98059-3721
318,João Mendes,,16,Goiania,2022-06-10 00:00:00,(88)98350-3761
649, Ana Mendes ,ana.mendes@outlook.com,-1,Manaus,2020-02-16 00:00:00,(59)91669-3607
710,B. Ferreira,b.ferreira@hotmail.com,34, Salvador,2021-01-14 00:00:00,(79)91338-8613
973,Valentina Araujo,valentina.araujo@yahoo.com.br,-1,Fortaleza,2021-02-15 00:00:00,(51)98397-5327
628,Beatriz Costa,beatriz.costa967@gmail.com,33,,2023-02-03 00:00:00,(76)96150-2929
633,B. Mendes,b.mendes@yahoo.com.br,82,ctba,2021-01-20 00:00:00,(71)92893-7773
793,renato nunes   ,renato.nunes@empresa.com.br,72,São Paulo,2021-06-16 00:00:00,(13)95073-9944
1151,Lucas Souza,lucas.souza@empresa.com.br,66,NITEROI ,2022-02-20 00:00:00,(25)96499-3402
796,Julai Pinto,julai.pinto551@empresa.com.br,22,  belo horizonte  ,2022-06-13 00:00:00,(97)93603-3404
646,Paulo Pereira,paulo.pereira@gmail.com,77,Niterói,2020-06-05 00:00:00,(28)93754-8811
1013,rafael gomes,rafael.gomes@gmail.com,68,Belo Horizonte,2022-06-18 00:00:00,XXXXX
557,EDUARDO SILVA,eduardo.silva@empresa.com.br,60,SP,2023-02-17 00:00:00,(84)95699-2783
682,Rneato Pereira,rneato.pereira@empresa.com.br,39,saopaulo ,2020-10-23 00:00:00,(93)97266-4151
578,Alice Santana,alice.santana@outlook.com,59,poa,2020-11-19 00:00:00,(61)97049-6993
1110,d. mendes,d.mendes@hotmail.com,75,recife  ,2023-04-07 00:00:00,(88)98023-9558
525,Larissa dos Costa,larissa.dos.costa@yahoo.com.br,81,rio de janeiro,2023-01-02 00:00:00,(41)98557-3436
1060,BEATRIZ TEIXEIRA,beatriz.teixeira@None,62,saopaulo,2021-05-13 00:00:00,(39)97957-9977
541,SAMUEL BARBOSA,samuel.barbosa@outlook.com,trinta,,2022-05-19 00:00:00,(43)95002-9682
749, Alice Campos ,,42,SP,2022-05-16 00:00:00,(81)97568-8796
1154,MARCOS DA TEIXEIRA,marcos.da.teixeira@gmail.com,68,DESCONHECIDO,2023-05-06 00:00:00,(16)97626-6953
485,Laura Almeida,laura.almeida@gmail.com,57,são paulo,2023-01-28 00:00:00,(35)95525-3344
96,L. MOURA,l.moura@yahoo.com.br,22,Sao Paulo ,2021-05-15 00:00:00,(27)95945-3604
1021,beatriz silva ,,82,bh,2021-11-08 00:00:00,(86)95450-9335
564,MARIANA ALMEIDA,mariana.almeida@outlook.com,52,SJC,2023-07-21 00:00:00,(66)96592-1490
743,VALENTINA DOS SOUZA,valentina.dos.souza@hotmail.com,65,Recife,2020-09-25 00:00:00,(67)96841-2086
864,SOFIA CAMPOS ,sofia.campos@empresa.com.br,71,bh,2021-06-20 00:00:00,(87)93274-3146
892,CARLOS CARVALHO,carlos.carvalho@outlook.com,55,sp,2022-10-27 00:00:00,XXXXX
1039,fernanda de nunes,fernanda.de.nunes@outlook.com,999,Nitreoi ,2022-11-21 00:00:00,(14)99955-5708
207,MARCOS PINTO,marcos.pinto39@hotmail.com,58,NITERÓI,2021-11-19 00:00:00,(19)99849-4700
393,samuel ad ferreira,samuel.ad.ferreira@outlook.com,25,  goiania  ,2022-04-16 00:00:00,(91)91583-1130
795,Marcos Almeida,,71,Porto Alegre,2020-10-20 00:00:00,XXXXX
871,helena pereira,helena.pereira@gmail.com,61,sãopaulo,2022-06-02 00:00:00,
398,D. Almeida,,63,SAO PAULO,2023-09-17 00:00:00,(21)92253-2210
767,carlos ribeiro,carlos.ribeiro@outlook.com,-25,RIO,2021-12-12 00:00:00,(39)92823-4368
1144, Carlos da Pereira,carlos.da.pereira600@outlook.com,83,,2021-03-03 00:00:00,(60)95097-8541
1029,Roberto Araujo,roberto.araujo@outlook.com,25,  SAO PAULO ,2023-01-29 00:00:00,(57)96193-7864
643,JOÃO MOURA,joão.moura@outlook.com,74,Belo Horizonte,2020-12-08 00:00:00,XXXXX
613,JOÃO DOS SOUZA,,51,Sao Jose dos Campos,2022-04-23 00:00:00,(12)96091-6156
961,rafael gomes sr.,rafael.gomes.sr.@gmail.com,60,rio,2021-05-23 00:00:00,(62)93257-9122
726, VALENTINA ROCHA  ,valentina.rocha@gmail.com,41, bh,2022-09-26 00:00:00,(66)95430-8357
684,HELENA PINTO,helena.pinto@empresa.com.br,61,Fotraleza,2023-10-04 00:00:00,(31)93472-5683
99,Renato Mendes,renato.mendes@yahoo.com.br,22, Sao Jose dos Campos  ,2020-07-22 00:00:00,(51)93162-7337
805,HELENA ROCHA,helena.rocha@hotmail.com,33,  rio de janeiro,2020-04-27 00:00:00,(69)97161-4061
407,MARCOS IPNTO,marcos.ipnto378@outlook.com,17,Recife,2020-09-26 00:00:00,(18)91498-8713
503,  RENATO LIMA,renato.lima@yahoo.com.br,68,SP  ,2023-01-05 00:00:00,
1072,LAURA ARAUOJ,laura.arauoj176@hotmail.com,85,BH,2021-01-17 00:00:00,(88)99617-6081
1057,Helena Lima,helena.lima927@gmail.com,74,,2023-02-07 00:00:00,(62)99559-2004
930,HUGO MENDES,hugo.mendes@yahoo.com.br,64, CURITIBA ,2022-04-23 00:00:00,(82)93893-7286
780,VALENTINA MOURA  ,valentina.moura@yahoo.com.br,18,CTBA,2022-01-07 00:00:00,(46)92455-2233
201,Beatrzi Rocha,,58,  curitiba  ,2021-07-18 00:00:00,(91)98752-3770
135,TIAGO ARAUJO,tiago.araujo@hotmail.com,56,  goiania ,2020-06-27 00:00:00,(94)93913-9255
1052,S. MOURA,s.moura@yahoo.com.br,32,curitiba,2022-03-10 00:00:00,(38)94802-3242
41,Roberto Almeida,roberto.almeida@empresa.com.br,63,SAO JOSE DOS CAMPOS,2020-06-19 00:00:00,(96)97929-1842
1018,Rafael Oliveira,rafael.oliveira895@hotmail.com,79,ctba,2022-03-11 00:00:00,XXXXX
231,marcos araujo,marcos.araujo@empresa.com.br,33, Porot Alegre ,2022-05-28 00:00:00,(98)98273-4700
379,Ana Rocha,,25, SAO PAULO  ,2022-02-19 00:00:00,0000
289,Mariana Pinto,mariana.pinto@outlook.com,43,Dseconhecido,2022-09-26 00:00:00,(63)98388-3700
419,Fernanda Moura,fernanda.moura@gmail.com,28,bh,2022-05-04 00:00:00,(34)95208-2298
392,Igor da Costa,,52,rio de janeiro,2021-06-25 00:00:00,(26)98281-8082
593,Carlos Gomes,carlos.gomes24@contato@@empresa..com,83,sp,2022-01-17 00:00:00,(59)93110-1280
1087,marcos nunes,marcos.nuneshotmail.com,49,FORTALEZA,2021-11-17 00:00:00,(55)91950-9125
648,JOÃO DA COSTA,joão.da.costa@empresa.com.br,47,BH,2023-01-18 00:00:00,0000
1153,marcos ribeiro,marcos.ribeiro@hotmail.com,83,  porto alegre  ,2022-02-11 00:00:00,(41)97539-2554
521,Clara Lima,clara.lima@outlook.com,44,SJC,2022-08-20 00:00:00,(17)95920-5221
65,PEDRO TEIXEIRA,pedro.teixeira@outlook.com,76,RJ,2020-02-15 00:00:00,(32)99589-7229
15,camila silva,camila.silva@gmail.com,67,GOIANIA,2022-03-15 00:00:00,(89)95930-7653
1065,  mariana ferreira,mariana.ferreira@gmail.com,57,  RCEIFE ,2023-09-14 00:00:00,(99)94253-5505
493,JOÃO FERREIRA  ,joão.ferreira@gmail.com,30,rio de janeiro,2023-06-13 00:00:00,(98)91497-8807
380,DIEGO CAMPOS SR.,diego.campos.sr.@empresa.com.br,47, POA ,2021-08-15 00:00:00,(37)93246-9535
188,Clara dos Souza,,51,Belo Horizotne,2021-09-20 00:00:00,(72)95705-7996
764,Pedro Almeida,pedro.almeida@user#mail.com,67,SãoPaulo,2020-07-29 00:00:00,(93)91208-2485
217,Mateus Carvalho,,67,SãoPaulo,2022-11-19 00:00:00,(53)99698-1535
792,Tiago Oliveira,tiago.oliveira@hotmail.com,-25,BH,2023-05-12 00:00:00,(76)91023-6641
1077,Lucas Mendes,lucas.mendes@outlook.com,17,RIO DE JANEIRO,2021-10-16 00:00:00,(40)94395-4070
879,lucas efrreira,lucas.efrreira@yahoo.com.br,20,são paulo,2022-11-06 00:00:00,(78)94345-8925
338,DiegoR ibeiro,diegor.ibeiro@gmail.com,17,VILA VELHA,2021-12-27 00:00:00,0000
720, FERNANDA BARBOSA ,fernanda.barbosa@ ,22,Sao Paulo,2020-09-14 00:00:00,0000
296,MARCOS DA COSTA,marcos.da.costa@hotmail.com,41,RJ,2021-05-31 00:00:00,(65)99278-8101
1017,Hugo do Oliveira,hugo.do.oliveira@outlook.com,34,Niterói,2021-12-14 00:00:00,(21)95602-2527
456,Mateus dos Barbosa,mateus.dos.barbosa@empresa.com.br,72,MANAUS,2021-08-22 00:00:00,(64)94149-7755
816,João Costa,joão.costa@gmail.com,21,niterói,2021-01-07 00:00:00,XXXXX
270,Camila Nunes Sr. ,camila.nunes.sr.@yahoo.com.br,36,  CAMPINAS,2021-07-12 00:00:00,(66)94454-9270
996, GUSTAVO MOURA,gustavo.moura@empresa.com.br,76,SP,2022-06-12 00:00:00,(31)91768-4709
202,ANA CAMPOS,ana.campos@yahoo.com.br,35,brasília,2020-08-12 00:00:00,(21)93376-3525
162,Tiago Ribeiro,tiago.ribeiro746@hotmail.com,26, RIO DE JANERIO  ,2022-09-05 00:00:00,(24)95300-3544
730,BEATRIZ CAMPOS,beatriz.campos@ ,-25,RIO D EJANEIRO,2022-07-24 00:00:00,(43)95642-5478
402,JOÃO SANTANA,joão.santana@hotmail.com,71,rio de janeiro,2022-03-30 00:00:00,0000
703,Paulo Santana,paulo.santana939@gmail.com,-1,BH,2021-11-23 00:00:00,(57)94519-6842
1130, CLARA BARBOSA ,clara.barbosa@hotmail.com,59,sjc,2022-04-10 00:00:00,(60)92024-8415
566,GUSTAVO TEIXEIRA ,,66, DESCONHECIDO  ,2023-08-25 00:00:00,XXXXX
1022,EHLENA DE ARAUJO,ehlena.de.araujoempresa.com.br,,,2020-06-24 00:00:00,(51)96078-4232
1026,Igor Teixeira,igor.teixeira@mail(at)domain.com,31,BH,2021-12-01 00:00:00,(58)95308-7441
1105, Renato Souza ,renato.souza601@outlook.com,60,são paulo,2021-10-03 00:00:00,
206,Livia Campos,livia.campos@user#mail.com,-25,SãoPaulo,2020-12-05 00:00:00,0000
35,Sofia Pinto,sofia.pinto@gmail.com,27,  desconhecido ,2021-09-12 00:00:00,(72)95835-6549
776,vitor silva,vitor.silva@outlook.com,84,  DESCONHECIDO ,2020-06-01 00:00:00,(40)98596-2481
509,DIEGO ALMEIDA,diego.almeida111@gmail.com,28,dseconhecido,2022-10-22 00:00:00,(47)98041-4943
892,CARLOS CARVALHO ,carlos.carvalho@outlook.com,55,sp,2022-10-27 00:00:00,XXXXX
92,julia rocha,julia.rocha@hotmail.com,73, recife  ,2021-10-05 00:00:00,(64)98272-9006
898, PAULO DO SOUZA,paulo.do.souza@yahoo.com.br,52,São Paulo,2020-08-22 00:00:00,(95)97020-7684
565,roberto costa,roberto.costahotmail.com,34,Vila Velha,2021-11-01 00:00:00,(62)99871-3440
777,  livia silva  ,livia.silva@gmail.com,18,SP,2022-12-29 00:00:00,(19)96570-9824
242,Clara Pereira,clara.pereira@None,46,RJ,2020-06-03 00:00:00,(41)98248-7364
14,Rafael Barbosa,rafael.barbosa@contato@@empresa..com,71,BH,2022-07-16 00:00:00,
316,Hugo Santana,,32,sp,2022-12-12 00:00:00,(97)97852-8500
601,BRUNO RIBEIRO FILHO,bruno.ribeiro.filho@empresa.com.br,24,rio de janeiro,2020-09-20 00:00:00,0000
388,Diego de Carvalho,diego.de.carvalho@hotmail.com,33,RECFIE,2020-12-31 00:00:00,(91)94245-3947
167,bruno nunes,bruno.nunes@gmail.com,42,  Porto Alegre,2021-12-03 00:00:00,0000
841,JULIA ALMEIDA  ,julia.almeida@hotmail.com,52,Belo Horizonte,2021-07-14 00:00:00,(11)93838-5320
21,Rafael Silva,rafael.silva@gmail.com,55,Foratleza,2023-09-02 00:00:00,(98)92983-1672
647,Paulo da Silva,paulo.da.silva@yahoo.com.br,32,desconhecido,2022-08-12 00:00:00,(36)91167-3073
1155,Julia Silva,julia.silva@hotmail.com,75,Rio ed Janeiro,2023-01-03 00:00:00,
832,sofia gomes,sofia.gomes@hotmail.com,46,  RIO DE JANEIRO ,2019-12-26 00:00:00,(93)97299-4066
563,Lucas dos Gomes,lucas.dos.gomes@hotmail.com,23,CURITIBA,2020-07-15 00:00:00,(64)91500-8241
1129,hugo costa,,32,RJ,2021-04-07 00:00:00,(16)93046-7485
687,Larissa Araujo,larissa.araujo@None,55, rio de janeiro,2021-12-27 00:00:00,(78)98871-5006
958,DIEGO RIBEIRO,diego.ribeiro@yahoo.com.br,83,bh,2020-03-17 00:00:00,(94)92930-9077
190,Bruno Gomes,bruno.gomes@yahoo.com.br,34,Porto Alegre,2022-12-04 00:00:00,XXXXX
976,diego souza sr.,diego.souza.sr.yahoo.com.br,24,  Manaus  ,2022-06-20 00:00:00,0000
700,Carlos Barbosa,,30,Belo Horizonte,2022-12-18 00:00:00,
511,Sofia da Ferreira,sofia.da.ferreira@empresa.com.br,64,SÃO PAULO,2021-06-29 00:00:00,(74)99315-7355
1083,MARIANA OLIVEIRA,mariana.oliveira@yahoo.com.br,-25,são paulo,2020-08-12 00:00:00,(84)96193-2001
475,SANDRA PINTO,sandra.pinto902@empresa.com.br,37,Vila Velha,2022-09-30 00:00:00,(73)96633-6566
857,Mariana Santana,mariana.santana@contato@@empresa..com,30,Rio,2022-11-25 00:00:00,0000
748, Hugo Ferreira ,hugo.ferreira@mail(at)domain.com,-25,POA,2023-02-16 00:00:00,0000
253, P. ORCHA ,p.orchaoutlook.com,39,SJC,2022-01-18 00:00:00,(69)98371-5342
22, Renato Nunes  ,renato.nunes@hotmail.com,84,Vila Velha,2022-07-17 00:00:00,(42)98613-7209
460,mariana do santana,mariana.do.santana@empresa.com.br,61, SãoPaulo,2021-12-18 00:00:00,0000
1185,HUGO OLIVEIRA,hugo.oliveira286@gmail.com,142,SÃO PAULO,2022-07-15 00:00:00,(32)99640-1395
277,Camila Pinto,,32,Manaus,2021-09-28 00:00:00,0000
956,Alice dos Lima,alice.dos.lima@empresa.com.br,84,  Brasília,2023-03-03 00:00:00,(42)97119-4435
434,  PEDRO CARVALHO JR  ,pedro.carvalho@empresa.com.br,18,SJC,2022-03-23 00:00:00,0000
386,Camila Gomes,camila.gomes@gmail.com,43,Sao Jose dos Campos,2022-06-17 00:00:00,(15)93458-7243
806,HELENA SANTANA,helena.santanahotmail.com,16,SÃO PAULO,2022-01-16 00:00:00,0000
344,c. lima,c.lima@empresa.com.br,22,são paulo,2022-03-06 00:00:00,(99)93632-8156
770,RENATO MENDES,renato.mendes@outlook.com,21,RJ,2021-12-04 00:00:00,(94)91198-1052
131,Eduardo Teixeira,eduardo.teixeira@empresa.com.br,17,Manaus,2021-04-10 00:00:00,(53)95557-1824
872,Samuel Santana,samuel.santana@outlook.com,70,SãoPaulo,2022-10-20 00:00:00,(28)96159-1095
1124,  ana barbsoa ,,-1,Brasília,2021-12-26 00:00:00,(36)91971-3983
88,Diego Teixeira,diego.teixeira@gmail.com,21,Fortaleza,2021-02-03 00:00:00,0000
331,Lucas Nunes,lucas.nunes@gmail.com,11,SP,2021-03-27 00:00:00,
936,  Eduardo Moura ,eduardo.moura@user#mail.com,58,são paulo,2021-08-16 00:00:00,XXXXX
467,Paulo dos Lima,paulo.dos.lima@outlook.com,41,,2023-04-26 00:00:00,(36)93082-9490
122,Bruno Ribeiro,bruno.ribeiro@outlook.com,127,  rio de janeiro  ,2023-01-28 00:00:00,(98)99759-8794
1045,  JOAO CAMPOS  ,joao.campos929@outlook.com,22,desconhecido,2022-06-11 00:00:00,(29)99410-6988
1096,MARIA TEIXEIRA FILHO,,49,niteroi,2022-11-15 00:00:00,(71)98592-1555
1131,Mariana Pereira,mariana.pereira@gmail.com,45,  RIO DE JANEIRO  ,2020-07-18 00:00:00,(85)95437-5229
861,Mari aNunes,mari.anunes@outlook.com,65,BELO HORIZONTE,2020-11-17 00:00:00,0000
1127,maria dos barbosa,maria.dos.barbosa@empresa.com.br,60,fotraleza,2021-11-14 00:00:00,(48)96883-8443
