id_venda,id_cliente,data_venda,categoria,valor_venda,quantidade,desconto,devolvido,pago,forma_pagamento,cidade_entrega,obs
6384,452.0,2024-08-11 00:00:00,Alimentos,25.8,3.0,0.0,False,False,,CTBA,telefone inválido
4167,188.0,2024-08-09 00:00:00,Informática,1625.53,2.0,0.15,False,True,boleto,SLAVADOR,
2077,277.0,2023-08-13 00:00:00,Escritório,232.46,2.0,0.0,False,True,cartao,SAO PAULO CENTRO,
4568,964.0,2024-04-20 00:00:00,Eletrônicos,898.51,1.0,0.0,False,True,pix,RJ  ,telefone inválido
3796,551.0,2024-05-30 00:00:00,Escritório,146.13,1.0,0.0,False,True,pix,  são paulo ,
4960,83.0,2022-09-29 00:00:00,Informática,642.71,1.0,0.0,False,True,,POA,cliente reclamou
1028,657.0,2024-12-16 00:00:00,Eletrônicos,1152.94,1.0,0.0,False,True,, bh,Entrega atrasada
2841,243.0,2022-11-13 00:00:00,Acessórios,47.37,1.0,0.15,False,True,Cartão ,SÃOPUALO ,
4513,796.0,2022-03-06 00:00:00,Informática,941.47,1.0,0.0,True,True,dinheiro, RJ  ,telefone inválido
4626,485.0,2023-05-03 00:00:00,Acessórios,158.55,4.0,0.0,False,False,dinheiro, sp  ,Entrega atrasada
3533,125.0,2024-03-08 00:00:00,Brinquedos,82.35,1.0,0.05,False,True,,manaus,
3174,924.0,2025-05-04 00:00:00,Alimentos,61.43,4.0,0.0,False,True,dinheiro,SJC,ok
5056,815.0,2023-11-13 00:00:00,Acessórios,44.35,1.0,0.0,False,True,,Campinas ,cliente reclamou
3657,313.0,2024-10-17 00:00:00,Informática,786.37,1.0,0.05,False,True,,Rio de Janeiro,Entrega atrasada
2876,996.0,2023-04-09 00:00:00,Escritório,118.72,1.0,0.0,False,True,,Interior,ok
6342,659.0,2022-06-05 00:00:00,Eletrônicos,834.26,1.0,0.0,False,True,,BH,Entrega atrasada
279,666.0,2023-01-21 00:00:00,Eletrônicos,646.63,1.0,0.0,True,True,pix,fortaleza,
6873,610.0,2023-09-02 00:00:00,Acessórios,34.83,1.0,0.0,False,True,boleto,SAO PAULO CENTRO,Entrega atrasada
668,601.0,2025-03-14 00:00:00,Alimentos,47.44,2.0,0.0,False,True,Cartão ,rBasilia,ok
915,16.0,2023-07-23 00:00:00,Informática,644.29,1.0,0.3,False,True,Cartão ,VILA VELHA,
1489,114.0,2024-02-09 00:00:00,Alimentos,35.02,2.0,0.0,False,True,Cartão ,RIO DE JANERIO,Entrega atrasada
6120,193.0,2023-02-21 00:00:00,Informática,2941.14,3.0,0.0,True,True,boleto,  Sao Paulo  ,
2843,536.0,2022-05-17 00:00:00,Acessórios,43.29,1.0,0.0,False,True,boleto,Sao Jose dos Campos ,Entrega atrasada
2948,1367.0,2023-10-09 00:00:00,Eletrônicos,988.45,1.0,0.0,False,True,boleto,SÃO PAULO,
4796,437.0,2023-07-13 00:00:00,Móveis,855.92,1.0,0.0,False,True,boleto,Niterió  ,ok
1116,317.0,2024-08-26 00:00:00,Acessórios,33.54,1.0,0.0,False,True,dinheiro,Rio de Janeiro,Entrega atrasada
4728,1153.0,2022-12-06 00:00:00,Escritório,241.68,1.0,0.15,False,True,cartao,Porto Alegre,ok
6397,1187.0,2022-10-03 00:00:00,Móveis,0.0,1.0,0.0,False,True,cartao,São Paulo,
6320,236.0,2023-03-12 00:00:00,Eletrônicos,638.01,1.0,0.0,False,True,pix, VILA VELHA ,Entrega atrasada
2607,1488.0,2023-03-20 00:00:00,Acessórios,54.16,1.0,0.0,False,True,dinheiro,BRASÍLIA,Entrega atrasada
1422,449.0,2024-10-05 00:00:00,Escritório,172.32,1.0,0.0,False,True,boleto,SJC,cliente reclamou
4439,179.0,2024-12-25 00:00:00,Brinquedos,82.19,2.0,0.0,False,True,cartao,SAO PAULO CENTRO,cliente reclamou
4125,304.0,2022-01-20 00:00:00,Informática,1141.13,1.0,0.0,False,True,pix,Campinas,telefone inválido
1927,946.0,2022-08-03 00:00:00,Escritório,133.92,1.0,0.0,False,True,cartao,SJC,ok
1152,814.0,2024-01-18 00:00:00,Acessórios,45.57,1.0,0.0,False,True,Cartão ,ctba,
4105,23.0,2023-08-05 00:00:00,Eletrônicos,885.96,1.0,0.1,False,True,cartao,,cliente reclamou
4251,331.0,2022-09-10 00:00:00,Acessórios,29.1,1.0,0.0,False,True,dinheiro, Interior ,ok
6152,309.0,2022-07-13 00:00:00,Escritório,56035.83,2.0,0.0,False,True,cartao,sao paulo centro,cliente reclamou
2137,142.0,2023-01-14 00:00:00,Brinquedos,68.09,2.0,0.0,False,True,cartao,Salvador,cliente reclamou
4723,497.0,2024-11-12 00:00:00,Eletrônicos,420.17,1.0,0.0,False,True,Cartão ,INTERIOR,
5598,555.0,2024-12-29 00:00:00,Brinquedos,381.13,5.0,0.0,False,True,,Salvador  ,cliente reclamou
104,954.0,2025-02-16 00:00:00,Eletrônicos,1839.23,3.0,0.0,False,True,boleto,Vila Velha,Entrega atrasada
327,833.0,2022-04-30 00:00:00,Informática,853.85,1.0,0.0,False,True,dinheiro,niteroi,cliente reclamou
399,170.0,2024-04-17 00:00:00,Eletrônicos,979.34,2.0,0.05,False,False,boleto,Rio de Janeiro,cliente reclamou
542,649.0,2022-03-21 00:00:00,Eletrônicos,424.69,1.0,0.0,False,True,pix,brasília,cliente reclamou
5327,175.0,2024-05-23 00:00:00,Móveis,586.38,1.0,0.0,False,True,dinheiro,Zona Sul,Entrega atrasada
5483,1442.0,2025-03-27 00:00:00,Informática,1948.51,2.0,0.0,False,True,pix,GOINAIA ,telefone inválido
6363,895.0,2024-11-02 00:00:00,,925.66,1.0,0.0,False,True,,SaoPaulo,
5646,364.0,2023-04-02 00:00:00,,129.59,2.0,0.0,False,True,,CURITIBA,cliente reclamou
2541,110.0,2024-12-18 00:00:00,Brinquedos,214.73,4.0,0.0,False,True,cartao, POA,
3230,143.0,2025-02-17 00:00:00,Eletrônicos,1365.88,2.0,0.0,False,True,dinheiro,BH,
154,877.0,2023-08-11 00:00:00,Informática,972.88,1.0,0.15,False,False,,  ,telefone inválido
2655,659.0,2024-09-03 00:00:00,Eletrônicos,449.32,1.0,0.0,False,True,,Porto Alegre,telefone inválido
4299,525.0,2025-10-27 00:00:00,Alimentos,44.65,3.0,0.0,False,True,dinheiro,Sao Paulo,telefone inválido
5527,500.0,2022-07-26 00:00:00,Alimentos,0.0,4.0,0.0,False,True,boleto, zona sul,telefone inválido
6638,884.0,2025-10-18 00:00:00,Brinquedos,0.0,2.0,0.0,False,True,,RIO,telefone inválido
1969,638.0,2024-11-20 00:00:00,Informática,1487.62,1.0,0.0,False,True,Cartão ,brasília,telefone inválido
5989,122.0,2022-06-19 00:00:00,Eletrônicos,621.56,1.0,0.0,False,True,boleto,Rio de Janeiro,cliente reclamou
474,371.0,2022-04-29 00:00:00,Móveis,1399.94,1.0,0.0,False,True,Cartão ,RJ,cliente reclamou
4288,986.0,2025-08-04 00:00:00,Brinquedos,221.84,3.0,0.0,False,False,cartao,BH,telefone inválido
6112,828.0,2024-04-10 00:00:00,Acessórios,43.18,1.0,0.0,False,True,cartao,Sao Paulo Centro,
1847,744.0,2023-05-25 00:00:00,Escritório,225.42,1.0,0.0,False,True,,Niteroi  ,cliente reclamou
5160,1283.0,2025-02-02 00:00:00,Brinquedos,130.57,3.0,0.0,False,True,,  zona sul  ,ok
1344,478.0,2022-09-02 00:00:00,Acessórios,30.03,1.0,0.0,False,True,,NITEROI,ok
986,456.0,2025-01-16 00:00:00,Escritório,131.2,1.0,0.15,False,True,,  POA ,Entrega atrasada
6733,1308.0,2024-09-08 00:00:00,Móveis,4218.98,4.0,0.0,False,True,cartao,RIO DE JANEIRO,ok
6575,970.0,2024-10-19 00:00:00,Escritório,282.31,1.0,0.0,False,True,cartao,rio,Entrega atrasada
434,15.0,2023-09-18 00:00:00,Informática,2490.28,2.0,0.1,False,True,,Zona Sul,
1610,34.0,2024-11-11 00:00:00,Móveis,4231.95,3.0,0.1,False,True,,Porto Alegre,cliente reclamou
2456,1250.0,2025-03-27 00:00:00,Informática,931.88,1.0,0.0,False,True,dinheiro,Vila Velha,
4066,318.0,2022-06-18 00:00:00,,56.69,1.0,0.0,False,True,,SãoPaulo,cliente reclamou
433,1139.0,2024-12-15 00:00:00,Acessórios,39.78,1.0,0.0,False,True,dinheiro,SÃOPAULO,
54,425.0,2023-06-13 00:00:00,Móveis,1217.45,1.0,0.0,False,True,boleto,sao paulo,telefone inválido
1958,236.0,2022-03-25 00:00:00,Escritório,145.76,1.0,0.0,False,True,cartao,São Paulo,ok
4965,882.0,2025-02-12 00:00:00,Móveis,1224.2,1.0,0.0,False,True,pix,BH,Entrega atrasada
4194,1035.0,2025-08-20 00:00:00,Móveis,966.79,1.0,0.0,False,True,Cartão ,Brasília,
3656,701.0,2024-05-05 00:00:00,Eletrônicos,2593.51,4.0,0.0,False,True,cartao,manaus  ,
1585,1412.0,2025-10-26 00:00:00,Escritório,120.98,1.0,0.0,False,True,dinheiro,SÃOPAULO,cliente reclamou
1699,141.0,2023-07-19 00:00:00,,60.52,1.0,0.0,False,True,dinheiro,bh,
1979,1060.0,2023-09-25 00:00:00,Escritório,142.85,1.0,0.0,False,True,Cartão ,brasília,Entrega atrasada
5030,601.0,2024-06-19 00:00:00,Eletrônicos,610.18,1.0,0.15,False,True,boleto,FORTALEZA,Entrega atrasada
6492,163.0,2022-06-17 00:00:00,Acessórios,38.47,1.0,0.0,False,True,cartao,ZONA SUL,telefone inválido
1879,1263.0,2022-07-02 00:00:00,Informática,1583.24,1.0,0.0,False,False,,  Campinas  ,
140,34.0,2022-03-11 00:00:00,Escritório,146.54,1.0,0.15,False,True,boleto,aCmpinas,ok
2826,837.0,2023-08-28 00:00:00,Eletrônicos,739.9,1.0,0.0,False,True,boleto,NITEROI,
627,455.0,2024-07-15 00:00:00,Móveis,1919.52,2.0,0.0,False,True,boleto,rio de janeiro,Entrega atrasada
5174,14.0,2024-03-18 00:00:00,Escritório,420.73,2.0,0.0,False,True,pix,SAO PAULO,ok
1774,1047.0,2022-03-19 00:00:00,Escritório,204.93,1.0,0.1,False,True,,Vila Velha,telefone inválido
4216,36.0,2024-06-03 00:00:00,Escritório,298.22,2.0,0.0,False,True,Cartão ,SAO PAULO CENTRO,Entrega atrasada
3272,512.0,2024-06-30 00:00:00,Eletrônicos,754.24,1.0,0.0,False,True,dinheiro, vila velha  ,Entrega atrasada
5242,145.0,2023-07-19 00:00:00,Escritório,483.76,2.0,0.0,False,True,,Manaus ,
3093,166.0,2023-03-25 00:00:00,Brinquedos,9999999.99,2.0,0.0,False,True,cartao,GOIANIA,cliente reclamou
3990,,2022-11-17 00:00:00,Escritório,957.64,4.0,0.0,False,True,dinheiro,Fortaleza,
3464,1051.0,2025-01-08 00:00:00,Acessórios,37.14,1.0,0.0,False,True,cartao,Fortaleza,telefone inválido
6978,190.0,2022-08-09 00:00:00,Informática,553.89,1.0,0.0,False,True,Cartão ,Rio,
4121,658.0,2025-01-08 00:00:00,Escritório,139.57,1.0,0.0,False,True,boleto,Goiania,
791,1203.0,2024-09-24 00:00:00,Móveis,679.71,1.0,0.0,False,True,pix,Goiania,
5319,355.0,2024-08-14 00:00:00,Acessórios,24.98,1.0,0.0,False,True,pix,  BH ,cliente reclamou
6676,943.0,2025-01-26 00:00:00,Escritório,149.62,1.0,0.0,False,True,dinheiro,CURITIBA,
6117,1009.0,2023-12-07 00:00:00,Brinquedos,191.23,2.0,0.0,False,True,,RJ,cliente reclamou
6368,1037.0,2024-11-22 00:00:00,Escritório,340.76,1.0,0.0,True,True,cartao,curitiba,Entrega atrasada
3699,636.0,2022-06-08 00:00:00,Brinquedos,98.95,2.0,0.0,False,True,cartao, BH,Entrega atrasada
1712,326.0,2022-10-13 00:00:00,Eletrônicos,593.12,1.0,0.0,False,True,Cartão ,Goiania,ok
3704,922.0,2023-03-22 00:00:00,Acessórios,34.53,1.0,0.0,False,True,boleto,Sao Paulo Centro,
421,383.0,2025-01-23 00:00:00,Eletrônicos,630.06,1.0,0.0,False,True,dinheiro,GOIANIA ,
4135,593.0,2022-02-18 00:00:00,Acessórios,112.32,2.0,0.0,False,True,cartao,  BH ,
4861,320.0,2023-02-15 00:00:00,Eletrônicos,575.7,,0.0,False,True,cartao,BELO HORIZONTE,telefone inválido
5663,115.0,2024-02-07 00:00:00,Eletrônicos,583.95,1.0,0.0,False,True,pix,,
3961,1117.0,2023-01-24 00:00:00,,439.01,3.0,0.0,False,True,, sp  ,Entrega atrasada
1140,584.0,2025-04-23 00:00:00,Acessórios,65.4,1.0,0.0,False,True,Cartão , Brasília ,telefone inválido
1335,1469.0,2025-07-27 00:00:00,Informática,2293.07,3.0,0.0,False,True,boleto,SAO PAULO,Entrega atrasada
3927,1083.0,2024-06-18 00:00:00,Móveis,738.26,1.0,0.3,True,True,Cartão ,ok,REICFE
6042,177.0,2023-10-21 00:00:00,Eletrônicos,581.67,1.0,0.0,False,True,, CTBA  ,cliente reclamou
440,267.0,2024-07-14 00:00:00,Escritório,352.85,2.0,0.0,False,True,Cartão ,sp,ok
3941,306.0,2024-03-24 00:00:00,Acessórios,149.43,3.0,0.0,False,True,pix,GOIANIA,ok
6806,417.0,2022-04-04 00:00:00,informática,654.44,1.0,0.0,False,True,,,
1114,1253.0,2023-10-18 00:00:00,Acessórios,94.8,2.0,0.0,False,True,boleto,ctba,
1225,1174.0,2024-03-17 00:00:00,Brinquedos,99.6,2.0,0.0,False,True,dinheiro,sp,
3288,50.0,2023-06-15 00:00:00,Informática,648.49,1.0,0.0,False,True,,  SAO JOSE DOS CAMPOS  ,Entrega atrasada
4603,361.0,2022-09-27 00:00:00,Acessórios,159.0,3.0,0.0,False,True,cartao,Manaus,ok
4877,807.0,2023-07-11 00:00:00,Escritório,196.61,1.0,0.0,False,True,Cartão ,Sao Jose dos Campos,telefone inválido
694,187.0,2025-01-24 00:00:00,Brinquedos,259.36,3.0,0.0,False,True,cartao,bh,
2593,59.0,2023-04-10 00:00:00,Escritório,216.35,2.0,0.15,False,True,,POA,cliente reclamou
3650,1007.0,2024-06-15 00:00:00,Brinquedos,259.98,4.0,0.0,False,True,,Niteroi,cliente reclamou
5965,1123.0,2024-06-19 00:00:00,Brinquedos,249.25,4.0,0.0,False,True,boleto,NITEROI,cliente reclamou
3223,606.0,2022-10-28 00:00:00,Eletrônicos,689.92,1.0,0.0,False,True,dinheiro,Sao Jose dos Campos  ,
5181,230.0,2024-06-20 00:00:00,Eletrônicos,419.52,1.0,0.0,False,True,pix,PORT OALEGRE,
5150,789.0,2025-06-27 00:00:00,,132.18,1.0,0.0,False,True,boleto,poa,ok
5720,1038.0,2024-07-15 00:00:00,,883.21,1.0,0.0,False,True,Cartão ,Manaus,telefone inválido
1552,517.0,2022-02-11 00:00:00,Informática,1175.45,1.0,0.0,False,True,cartao,CAMPINAS,
6217,137.0,2024-01-18 00:00:00,Escritório,421.49,2.0,0.0,False,True,Cartão ,Frotaleza,cliente reclamou
663,1161.0,2023-09-15 00:00:00,Acessórios,24.93,1.0,0.0,False,True,,bh,ok
702,,2024-04-07 00:00:00,Acessórios,166.69,3.0,0.0,False,True,boleto,belo horizonte,ok
5465,928.0,2023-04-05 00:00:00,Eletrônicos,717.68,1.0,0.0,False,True,,Zona Sul,Entrega atrasada
2487,683.0,2024-03-25 00:00:00,Escritório,163.44,1.0,0.05,True,True,pix,sao paulo,
195,174.0,2024-11-10 00:00:00,Informática,1407.56,1.0,0.05,False,True,,POA,telefone inválido
2073,920.0,2023-02-17 00:00:00,Eletrônicos,1263.01,2.0,0.0,False,True,boleto,Salvador,ok
1558,440.0,2023-02-05 00:00:00,Acessórios,80.77,2.0,0.0,False,True,cartao,São Paulo,ok
1294,47.0,2025-05-04 00:00:00,Eletrônicos,690.77,1.0,0.0,False,True,Cartão , SAO JOSE DOS CAMPOS ,Entrega atrasada
3017,309.0,2023-06-22 00:00:00,Móveis,1364.37,1.0,0.0,False,True,pix,Salvador,ok
5796,30.0,2024-12-03 00:00:00,Informática,940.69,1.0,0.0,False,True,,RJ,telefone inválido
6546,394.0,2024-07-27 00:00:00,Alimentos,33.73,2.0,0.15,False,True,boleto,RJ,Entrega atrasada
5653,1181.0,2022-11-04 00:00:00,,780.58,2.0,0.0,False,True,dinheiro,SAO PAULO,ok
3177,400.0,2023-06-26 00:00:00,Informática,842.17,1.0,0.0,False,True,boleto,POA,ok
6252,482.0,2023-02-30,Informática,932.6,1.0,0.0,True,True,cartao, Niterói,Entrega atrasada
628,258.0,2025-06-04 00:00:00,Acessórios,36.45,1.0,0.0,False,True,cartao,BH,Entrega atrasada
1395,1227.0,2025-05-26 00:00:00,Informática,3892.31,3.0,0.0,False,True,Cartão ,Brasília,
1862,903.0,2023-12-24 00:00:00,Escritório,387.78,2.0,0.0,False,True,pix,CTBA,
2692,649.0,2023-03-19 00:00:00,Escritório,366.93,3.0,0.0,False,True,pix,rj,ok
4316,1168.0,2024-01-07 00:00:00,Escritório,184.09,1.0,0.0,False,True,dinheiro,Salvador,telefone inválido
1169,1011.0,2022-04-07 00:00:00,Acessórios,54.14,1.0,0.0,False,True,cartao,  Niteroi ,Entrega atrasada
3688,582.0,2024-12-06 00:00:00,Escritório,173.62,1.0,0.0,False,True,cartao,oPrto Alegre,cliente reclamou
346,610.0,2023-03-02 00:00:00,Acessórios,48.0,1.0,0.0,False,True,pix,  SJC  ,
6150,1107.0,2025-06-08 00:00:00,Eletrônicos,920.85,1.0,0.0,False,True,pix,zona sul,telefone inválido
3389,1000.0,2022-01-03 00:00:00,Escritório,154.35,1.0,0.15,False,True,Cartão , sp ,ok
6863,178.0,2025-06-13 00:00:00,Eletrônicos,778.54,1.0,0.0,False,True,boleto,Sao Paulo Centro,Entrega atrasada
5474,224.0,2023-03-14 00:00:00,Eletrônicos,1700.89,2.0,0.0,False,True,pix,curitiba,ok
6868,683.0,2023-09-17 00:00:00,Brinquedos,123.28,2.0,0.0,False,True,cartao,SP,Entrega atrasada
1428,790.0,2023-08-24 00:00:00,Informática,1089.72,1.0,0.0,False,True,pix,zon asul,
4355,1179.0,2022-12-28 00:00:00,Acessórios,60.65,1.0,0.0,False,True,dinheiro,BH,telefone inválido
6682,928.0,2023-02-18 00:00:00,Móveis,736.67,1.0,0.3,False,True,cartao,Vila Velha,ok
5943,54.0,2024-06-26 00:00:00,Escritório,0.0,1.0,0.0,False,True,,sp,
1729,729.0,2024-06-03 00:00:00,Escritório,149.99,1.0,0.0,False,True,cartao,poa,
1835,1111.0,2025-03-04 00:00:00,Eletrônicos,542.42,1.0,0.0,False,True,Cartão ,SP,
1588,449.0,2023-02-12 00:00:00,Eletrônicos,667.17,1.0,0.0,False,True,boleto,vila velha,telefone inválido
6619,706.0,2025-05-04 00:00:00,Brinquedos,264.61,5.0,0.0,False,True,Cartão ,BH,
405,1202.0,2024-07-31 00:00:00,Informática,813.22,1.0,0.0,False,True,cartao,brasília,cliente reclamou
4874,124.0,2023-03-20 00:00:00,Acessórios,310.1,4.0,0.0,False,True,cartao,,telefone inválido
874,898.0,2022-05-23 00:00:00,Informática,2036.25,2.0,0.0,False,True,Cartão ,Recife,
2228,876.0,2023-09-20 00:00:00,Eletrônicos,707.35,1.0,0.0,False,True,dinheiro,Vila Velah,telefone inválido
849,558.0,2025-01-11 00:00:00,Informática,925.15,1.0,0.0,False,True,boleto,ZONA SUL,Entrega atrasada
4332,1296.0,2023-11-15 00:00:00,Eletrônicos,531.71,1.0,0.0,False,True,Cartão ,sao paulo centro,Entrega atrasada
1696,1097.0,2024-06-28 00:00:00,Eletrônicos,564.57,1.0,0.0,False,True,dinheiro,   ,ok
2540,763.0,2023-08-29 00:00:00,Acessórios,64.72,1.0,0.0,False,True,,manaus,cliente reclamou
3872,34.0,2025-08-11 00:00:00,Eletrônicos,609.07,1.0,0.0,False,True,pix,Curitiba,
6418,1072.0,2023-05-12 00:00:00,Alimentos,50.75,2.0,0.0,False,True,,RIO,ok
6188,326.0,2025-06-20 00:00:00,Eletrônicos,674.73,1.0,0.1,False,True,pix,Belo Horizonte,
1941,348.0,2025-03-03 00:00:00,Eletrônicos,783.66,1.0,0.0,False,True,boleto,Niteroi,ok
1082,293.0,2024-03-07 00:00:00,Brinquedos,105.95,2.0,0.0,False,True,cartao,SAO PAULO,
2549,274.0,2024-11-28 00:00:00,Móveis,1034.32,1.0,0.0,False,True,dinheiro, bh  ,
3867,322.0,2023-05-30 00:00:00,Acessórios,69.84,1.0,0.0,False,True,,ZONA SUL,ok
5411,178.0,2024-05-07 00:00:00,Eletrônicos,1841.72,3.0,0.0,False,True,pix,SAO PAULO CENTRO,cliente reclamou
2518,1238.0,2023-02-30,escritório,95.36,1.0,0.0,False,True,,nIterior,Entrega atrasada
2866,290.0,2024-11-24 00:00:00,Eletrônicos,1117.0,1.0,0.0,False,True,cartao,SãoPaulo ,
750,1163.0,2024-07-07 00:00:00,Escritório,321.25,2.0,0.1,False,True,boleto,RIO,ok
1055,620.0,2024-10-28 00:00:00,Escritório,172.26,1.0,0.0,False,True,,  ,
3840,943.0,2024-01-03 00:00:00,Acessórios,48.84,1.0,0.0,False,True,cartao,Campinas,
2796,1344.0,2025-03-18 00:00:00,Eletrônicos,757.26,2.0,0.3,False,False,,BELO HORIZONTE,
1068,383.0,2025-02-27 00:00:00,Eletrônicos,477.98,1.0,0.0,False,True,cartao,sãopaulo,
2973,435.0,2025-08-19 00:00:00,Informática,2143.61,2.0,0.0,False,True,dinheiro,  rio  ,ok
3738,1254.0,2025-02-01 00:00:00,Escritório,294.28,1.0,0.0,False,True,boleto,Sao Jose dos Campos,
4367,566.0,2024-12-21 00:00:00,Móveis,961.85,1.0,0.0,False,True,,,ok
928,1027.0,2022-09-04 00:00:00,Informática,1376.91,1.0,0.0,False,True,boleto,são paulo,ok
1182,1183.0,2022-01-03 00:00:00,Acessórios,37.47,1.0,0.1,False,True,cartao,campinas,ok
147,359.0,2024-01-05 00:00:00,Eletrônicos,581.87,1.0,0.0,False,True,cartao,BELO HORIZONTE,cliente reclamou
993,934.0,2023-10-01 00:00:00,Informática,1182.66,1.0,0.0,False,False,dinheiro, Zona Sul,
6187,361.0,2023-10-30 00:00:00,Acessórios,155.22,3.0,0.0,False,True,pix, Rio  ,ok
1629,10.0,2025-07-04 00:00:00,Escritório,0.0,1.0,0.0,False,True,pix,Niterói,
1942,178.0,2025-08-09 00:00:00,Eletrônicos,881.78,1.0,0.0,False,True,cartao,São Paulo,cliente reclamou
4365,138.0,2024-10-11 00:00:00,INFORMÁTICA,1210.6,1.0,0.0,False,True,dinheiro,Niteroi ,Entrega atrasada
6504,313.0,2022-02-19 00:00:00,Escritório,166.68,1.0,0.0,False,True,Cartão ,sp,ok
2168,563.0,2025-05-23 00:00:00,Eletrônicos,0.0,1.0,0.0,False,True,Cartão ,SP,Entrega atrasada
2935,883.0,2022-07-27 00:00:00,Brinquedos,208.71,4.0,0.0,False,True,Cartão , sp  ,ok
6393,136.0,2024-07-25 00:00:00,Eletrônicos,1104.9,2.0,0.0,False,True,Cartão ,vila velha,Entrega atrasada
1406,20.0,2024-04-04 00:00:00,Acessórios,64.06,1.0,0.0,False,True,boleto,SÃOPAULO,cliente reclamou
1593,698.0,2023-10-02 00:00:00,Eletrônicos,518.07,1.0,0.0,False,True,cartao,sao paulo ,
2998,,2024-06-18 00:00:00,Eletrônicos,1931.43,3.0,0.0,False,True,Cartão ,vila velha,cliente reclamou
6317,1102.0,2022-07-24 00:00:00,Eletrônicos,543.41,1.0,0.0,False,True,Cartão , MANAUS  ,cliente reclamou
772,1172.0,2025-03-22 00:00:00,Acessórios,29.0,1.0,0.0,False,True,dinheiro,são paulo,telefone inválido
3378,1167.0,2025-04-18 00:00:00,Eletrônicos,1022.55,2.0,0.0,False,True,pix,BH,ok
3678,294.0,2024-01-22 00:00:00,Informática,954.04,1.0,0.0,False,True,cartao,NITEORI,telefone inválido
4671,715.0,2023-12-07 00:00:00,Eletrônicos,580.62,1.0,0.3,False,True,cartao,  Interior ,ok
847,96.0,2025-06-04 00:00:00,Informática,770.86,1.0,0.0,False,True,cartao,RIO,Entrega atrasada
3511,180.0,2022-03-23 00:00:00,Informática,1379.34,2.0,0.0,False,True,Cartão ,SJC,
466,1332.0,2022-03-30 00:00:00,Escritório,0.0,4.0,0.15,False,True,cartao, Manau s ,
5273,1180.0,2024-10-04 00:00:00,Escritório,316.94,2.0,0.0,False,True,boleto,zona sul,
534,977.0,2022-09-22 00:00:00,Escritório,0.0,1.0,0.0,False,True,dinheiro,RECIFE,telefone inválido
1745,922.0,2023-12-05 00:00:00,Eletrônicos,785.64,1.0,0.0,False,True,cartao,SP,Entrega atrasada
3212,254.0,2022-04-30 00:00:00,Informática,787.53,1.0,0.1,False,True,,bh,telefone inválido
5299,1150.0,2024-11-08 00:00:00,Eletrônicos,0.0,1.0,0.0,False,True,dinheiro,Porto Alegre,
3219,482.0,2024-05-02 00:00:00,Alimentos,52.14,3.0,0.0,False,True,pix,RJ,ok
3898,756.0,2025-09-19 00:00:00,Eletrônicos,784.76,1.0,0.0,False,True,Cartão ,Goiania,
4989,572.0,2023-06-23 00:00:00,Escritório,659.51,,0.0,False,True,boleto,,
6612,67.0,2024-05-17 00:00:00,Eletrônicos,683.36,1.0,0.0,False,True,,  sp,cliente reclamou
4115,158.0,2022-08-04 00:00:00,Eletrônicos,0.0,1.0,0.0,False,True,boleto,REICFE,
4202,,2023-11-22 00:00:00,Eletrônicos,835.66,1.0,0.0,False,True,,Belo Horizonte,cliente reclamou
56,922.0,2024-03-29 00:00:00,,2623.69,2.0,0.0,False,True,boleto,BRASÍLIA,Entrega atrasada
348,1275.0,2023-10-27 00:00:00,Eletrônicos,2930.41,3.0,0.0,False,True,,vila velha,
4122,24.0,2023-05-31 00:00:00,Acessórios,30.38,1.0,0.0,False,True,boleto,manaus,
4106,132.0,2024-02-14 00:00:00,Informática,1076.96,1.0,0.0,False,True,cartao,SÃOPAULO,ok
3305,1260.0,2022-10-04 00:00:00,Móveis,5363.52,3.0,0.0,False,True,boleto,Sao Paulo  ,
1882,121.0,2022-06-11 00:00:00,Brinquedos,250.14,3.0,0.0,False,True,boleto,Sao Paulo,Entrega atrasada
6206,1047.0,2025-06-17 00:00:00,Acessórios,153.89,3.0,0.0,False,True,,Rio de Janeiro,
5271,865.0,2023-12-10 00:00:00,Acessórios,112.56,2.0,0.0,False,True,Cartão ,RIO ,
2689,842.0,2025-07-13 00:00:00,Móveis,1349.59,1.0,0.0,False,True,,BH,telefone inválido
1022,842.0,2023-06-10 00:00:00,Brinquedos,0.0,5.0,0.0,False,True,cartao,belo horizonte  ,Entrega atrasada
3634,774.0,2024-08-07 00:00:00,Acessórios,77.61,2.0,0.0,False,True,cartao,sao paulo centro,Entrega atrasada
1799,163.0,2024-03-23 00:00:00,Informática,1126.65,1.0,0.0,False,True,pix,belo horizonte,ok
5960,560.0,2023-12-04 00:00:00,Escritório,416.28,2.0,0.0,False,True,cartao,RJ,
6045,854.0,2023-05-20 00:00:00,Informática,775.14,1.0,0.1,False,True,cartao,Rio,cliente reclamou
2905,471.0,2022-06-05 00:00:00,Eletrônicos,638.18,1.0,0.0,False,True,,fortaleza,
6018,229.0,2022-08-21 00:00:00,Eletrônicos,844.97,1.0,0.0,False,True,pix,ZONA SUL,telefone inválido
661,235.0,2022-11-15 00:00:00,Informática,2354.89,2.0,0.0,False,True,boleto,BH,cliente reclamou
6295,1242.0,2025-04-09 00:00:00,Brinquedos,124.42,2.0,0.0,False,True,dinheiro,RECIFE,cliente reclamou
6786,1418.0,2025-09-09 00:00:00,Acessórios,91.68,2.0,0.0,False,False,dinheiro,sp,ok
3686,46.0,2023-01-24 00:00:00,Eletrônicos,772.65,1.0,0.0,False,True,boleto,Fortaleza,
2878,1050.0,2024-12-28 00:00:00,Brinquedos,209.95,3.0,0.0,False,True,cartao,bh,
4484,375.0,2023-04-15 00:00:00,Informática,2198.23,3.0,0.0,False,True,boleto,  RJ ,telefone inválido
912,507.0,2023-12-23 00:00:00,Eletrônicos,974.63,1.0,0.0,False,True,cartao,SAO PAULO,
1147,984.0,2022-11-29 00:00:00,Escritório,177.49,1.0,0.0,False,True,dinheiro,Interior ,
3659,234.0,2024-05-16 00:00:00,Escritório,179.05,1.0,0.0,False,True,Cartão ,bh,
3797,656.0,2023-03-24 00:00:00,Eletrônicos,2197.27,4.0,0.0,False,True,boleto, fortaleza ,telefone inválido
919,1341.0,2022-10-23 00:00:00,Acessórios,83.54,2.0,0.0,False,True,boleto,  SÃO PAULO,ok
2221,714.0,2024-01-12 00:00:00,Brinquedos,288.69,4.0,0.0,False,True,,SJC,telefone inválido
1400,,2022-02-25 00:00:00,Eletrônicos,729.31,1.0,0.0,False,True,pix,rio de janiero,ok
6941,177.0,2025-02-13 00:00:00,Escritório,310.38,2.0,0.0,False,True,Cartão ,rio d ejaneiro,cliente reclamou
5883,1296.0,2023-07-23 00:00:00,Eletrônicos,1363.63,2.0,0.0,False,True,dinheiro,porto alegre,cliente reclamou
3010,669.0,2022-03-24 00:00:00,Escritório,188.56,1.0,0.0,False,True,Cartão ,SAO PAULO CENTRO,Entrega atrasada
6167,421.0,2025-08-14 00:00:00,Eletrônicos,2084.99,3.0,0.0,False,True,pix,campinas,
2210,649.0,2023-06-17 00:00:00,Móveis,1218.03,1.0,0.0,False,True,dinheiro,SP,ok
2836,1296.0,2025-02-12 00:00:00, Escritóri o,145.79,1.0,0.0,False,False,pix,FORTAELZA,
4578,1090.0,2023-06-01 00:00:00,Alimentos,75.03,3.0,0.0,False,True,,BH,
285,329.0,2023-02-30,Móveis,129971.4,1.0,0.0,False,True,dinheiro,BH,
4865,1.0,2022-03-14 00:00:00,Informática,2395.06,3.0,0.0,False,True,dinheiro,SJC,telefone inválido
6762,524.0,2022-06-15 00:00:00,Alimentos,30.99,,0.0,False,True,Cartão ,SAO JOSE DOS CAMPOS,ok
5893,609.0,2025-07-29 00:00:00,Móveis,2356.05,2.0,0.0,False,True,cartao,são paulo,Entrega atrasada
1910,102.0,2024-03-10 00:00:00,Brinquedos,230.87,4.0,0.0,False,True,pix,RJ,Entrega atrasada
5866,1324.0,2022-02-10 00:00:00,Eletrônicos,696.63,1.0,0.0,True,True,cartao,bh,Entrega atrasada
5947,,2024-08-03 00:00:00,Móveis,188216.95,2.0,0.0,False,True,dinheiro,brasília,
6605,1140.0,2025-07-21 00:00:00,Alimentos,162.06,7.0,0.0,False,True,Cartão ,sao paulo,Entrega atrasada
827,139.0,2022-08-05 00:00:00,Eletrônicos,533.79,1.0,0.0,False,True,,Sao Paulo Centro,ok
4821,844.0,2025-08-02 00:00:00,  MÓVEIS ,3538.01,2.0,0.0,False,True,cartao,Campinas,
5926,240.0,2025-10-10 00:00:00,Informática,2642.95,3.0,0.0,False,True,Cartão ,BH,Entrega atrasada
450,427.0,2022-02-15 00:00:00,Móveis,1292.1,1.0,0.0,False,True,Cartão ,Niterói,cliente reclamou
1367,880.0,2022-10-12 00:00:00,Escritório,315.04,2.0,0.0,False,True,dinheiro,BH ,cliente reclamou
3455,733.0,2023-06-17 00:00:00,Alimentos,43.11,3.0,0.3,False,True,boleto,BH,Entrega atrasada
1526,971.0,2024-09-30 00:00:00,,1153.09,1.0,0.0,False,True,Cartão ,  SP ,telefone inválido
4883,1347.0,2024-07-05 00:00:00,Informática,563.85,1.0,0.0,False,True,cartao,SAO PAULO,cliente reclamou
6945,928.0,2024-02-13 00:00:00,Escritório,220.85,2.0,0.0,False,True,Cartão ,SAO PAULO ,
4140,63.0,2022-07-22 00:00:00,Acessórios,191.28,,0.0,False,True,Cartão ,BH,
1606,784.0,2024-07-24 00:00:00,,594.67,4.0,0.0,False,True,,Porto Alegre,
4677,935.0,2022-12-22 00:00:00,Eletrônicos,770.85,1.0,0.0,False,False,dinheiro,SAO PAULO CENTRO,
5454,198.0,2025-03-30 00:00:00,Brinquedos,311.01,4.0,0.0,False,True,Cartão ,,
4933,761.0,2025-08-03 00:00:00,Brinquedos,104.33,1.0,0.0,False,True,boleto,SALVADRO,Entrega atrasada
4226,90.0,2022-05-10 00:00:00,Informática,1281.23,1.0,0.0,False,True,pix,MANAUS,
1105,280.0,2023-05-24 00:00:00,Informática,647.54,1.0,0.15,False,True,Cartão ,rio de janeiro,
6311,262.0,2022-10-06 00:00:00,,849.57,1.0,0.0,False,True,,Niteroi,ok
707,147.0,2029-12-25 00:00:00,Eletrônicos,1442.57,2.0,0.0,True,True,cartao,  RIO DE JANEIRO ,
5734,38.0,2022-04-19 00:00:00,Acessórios,51.62,1.0,0.0,False,True,,Sao Jose dos Campos,
4526,467.0,2022-04-21 00:00:00,Informática,562.81,1.0,0.0,False,True,pix,sãopaulo,Entrega atrasada
3386,226.0,2022-07-15 00:00:00,Móveis,1882.76,2.0,0.0,False,True,cartao,intreior,
2068,1187.0,2025-09-17 00:00:00,Eletrônicos,839.73,1.0,0.0,False,True,dinheiro,,ok
1938,357.0,2022-04-07 00:00:00,Alimentos,86.71,4.0,0.0,False,True,Cartão , SÃO PAULO  ,
3193,921.0,2025-07-16 00:00:00,Eletrônicos,620.77,1.0,0.0,False,False,cartao,CURITIBA  ,
3108,807.0,2023-10-12 00:00:00,Informática,1093.47,2.0,0.0,True,True,Cartão ,POA,ok
77,1240.0,2023-03-28 00:00:00,Eletrônicos,1403.35,3.0,0.0,False,True,pix,BH,
1336,697.0,2023-01-31 00:00:00,Acessórios,61.0,1.0,0.0,False,True,dinheiro,Sao Jose dos Campos,telefone inválido
2871,407.0,2023-09-25 00:00:00,Escritório,237.19,1.0,0.05,False,True,,Interior,ok
6193,951.0,2023-07-05 00:00:00,Informática,1248.16,1.0,0.0,False,True,dinheiro,RJ,
1258,227.0,2023-02-25 00:00:00,Informática,0.0,1.0,0.3,False,True,,iVla Velha,cliente reclamou
6692,287.0,2024-07-03 00:00:00,Informática,1651.14,2.0,0.1,False,True,,  curitiba  ,
4099,647.0,2022-05-27 00:00:00,Eletrônicos,1982.27,3.0,0.0,False,True,,Brasília,ok
2252,785.0,2023-02-05 00:00:00,Brinquedos,125.28,3.0,0.0,False,True,dinheiro,Recife,
3115,87.0,2022-07-23 00:00:00,Eletrônicos,668.53,1.0,0.0,False,True,cartao,CAMPINAS  ,
4054,176.0,2023-12-14 00:00:00,Eletrônicos,742.21,1.0,0.0,False,True,dinheiro,INTERIOR,ok
3676,,2022-01-20 00:00:00,Eletrônicos,526.9,1.0,0.0,False,True,cartao,SAO PAULO CENTRO,
3571,868.0,2022-07-05 00:00:00,Escritório,215.81,1.0,0.05,False,True,pix,  SÃOPAULO  ,
236,,2024-03-21 00:00:00,Informática,914.67,1.0,0.0,False,True,Cartão ,zona sul,
5447,673.0,2029-12-25 00:00:00,Eletrônicos,2386.98,3.0,0.1,False,True,cartao,,
5975,115.0,2029-12-25 00:00:00,Escritório,245.71,,0.0,False,True,dinheiro,Manaus,
1611,735.0,2022-12-18 00:00:00,Escritório,427.26,2.0,0.0,False,True,cartao, são paulo  ,telefone inválido
6340,593.0,2024-11-15 00:00:00,Informática,4120.6,4.0,0.0,False,True,Cartão ,Belo Horizonte,cliente reclamou
5843,974.0,2025-06-13 00:00:00,Eletrônicos,633.96,1.0,0.0,False,True,,SAO JOSE DOS CAMPOS,cliente reclamou
2773,607.0,2022-03-13 00:00:00,Eletrônicos,942.02,,0.0,False,True,boleto,Salvador,
3186,1289.0,2022-11-04 00:00:00,Eletrônicos,1065.01,1.0,0.0,False,False,boleto,Sao Paulo Centro,Entrega atrasada
5815,286.0,2024-06-28 00:00:00,Eletrônicos,1018.67,1.0,0.0,False,True,boleto,Curitiba,cliente reclamou
3498,931.0,2022-09-06 00:00:00,Escritório,0.0,1.0,0.0,False,True,pix,Salvador,
2896,729.0,2022-07-02 00:00:00,Escritório,197.27,1.0,0.0,False,True,cartao,SÃOAPULO,cliente reclamou
5630,307.0,2023-08-12 00:00:00,Acessórios,124.07,4.0,0.0,False,True,boleto,RECIFE,ok
2319,758.0,2025-09-03 00:00:00,Acessórios,43.85,1.0,0.0,False,True,Cartão ,CURITIBA,Entrega atrasada
3706,1446.0,2023-06-02 00:00:00,Eletrônicos,2491.35,3.0,0.0,False,True,Cartão , SJC,ok
546,,2025-05-03 00:00:00,Informática,1107.52,1.0,0.0,False,True,boleto,BH,Entrega atrasada
5918,290.0,2025-05-12 00:00:00,Escritório,249.14,2.0,0.0,False,True,boleto,Rio,ok
1108,147.0,2022-05-03 00:00:00,Eletrônicos,906.77,1.0,0.0,False,True,cartao,Vila Velha,
6869,288.0,2022-12-27 00:00:00,Informática,1036.95,1.0,0.0,False,True,Cartão ,CURITIBA,
4324,183.0,2022-12-22 00:00:00,Eletrônicos,408.69,1.0,0.0,False,True,dinheiro,Campinas,Entrega atrasada
6031,706.0,2023-09-29 00:00:00,Eletrônicos,1144.41,2.0,0.3,False,True,,BH,
2480,602.0,2022-07-04 00:00:00,Eletrônicos,596.55,1.0,0.0,False,True,,CAMPINAS,Entrega atrasada
4146,344.0,2035-01-01 00:00:00,Acessórios,39.38,1.0,0.05,False,True,cartao,  SAO PAULO,
6329,558.0,2022-07-17 00:00:00,Informática,1258.79,2.0,0.0,False,False,Cartão ,sao paulo,Entrega atrasada
6913,281.0,2024-07-17 00:00:00,Eletrônicos,857.0,1.0,0.0,False,True,,manaus,Entrega atrasada
4475,140.0,2025-10-24 00:00:00,Eletrônicos,547.09,1.0,0.0,False,True,boleto,BRASÍLIA,
3644,782.0,2023-11-03 00:00:00,Alimentos,76.38,3.0,0.0,False,True,,rj,ok
3792,1143.0,2023-06-11 00:00:00,Alimentos,76.24,3.0,0.0,False,True,dinheiro,niteroi,
248,377.0,2023-06-18 00:00:00,Acessórios,37.35,1.0,0.0,False,True,cartao,POA,Entrega atrasada
4756,760.0,2024-07-08 00:00:00,Escritório,579.82,,0.0,False,True,boleto,sp,Entrega atrasada
4012,846.0,2023-06-18 00:00:00,Móveis,4278.87,2.0,0.0,False,True,,Recife,Entrega atrasada
6964,1149.0,2022-07-03 00:00:00,Escritório,158.98,1.0,0.0,False,True,cartao,rio de janeiro,
969,1148.0,2022-07-10 00:00:00,Escritório,369.44,2.0,0.0,False,True,,s p  ,telefone inválido
5657,716.0,2023-07-20 00:00:00,Eletrônicos,345.55,1.0,0.0,False,True,dinheiro, MANAUS,
3813,293.0,2023-10-21 00:00:00,Informática,990.05,1.0,0.0,False,False,Cartão ,NTIEROI,
2106,74.0,2023-10-07 00:00:00,Informática,3011.16,3.0,0.0,False,True,Cartão ,CTBA,Entrega atrasada
4189,1302.0,2024-05-11 00:00:00,Informática,915.56,1.0,0.0,False,True,cartao,Interior,Entrega atrasada
4163,698.0,2024-05-16 00:00:00,Escritório,169.55,1.0,0.0,False,True,cartao,CTBA,ok
6929,842.0,2024-04-14 00:00:00,Informática,666.98,1.0,0.15,False,True,boleto,sjc,ok
754,1274.0,2023-07-15 00:00:00,Informática,839.62,1.0,0.0,False,True,Cartão ,sao jose dos campos,Entrega atrasada
1074,224.0,2024-05-30 00:00:00,Informática,701.01,1.0,0.0,False,True,cartao,poa  ,telefone inválido
983,4.0,2022-01-20 00:00:00,,66.36,2.0,0.0,False,True,Cartão ,BH,
5726,1192.0,2023-01-24 00:00:00,Informática,1046.09,1.0,0.0,False,True,pix,Curitiba,Entrega atrasada
975,1364.0,2025-01-03 00:00:00,Escritório,195.04,1.0,0.0,False,True,boleto,Sao Jose dos Campos,Entrega atrasada
1517,728.0,2023-12-18 00:00:00,Acessórios,73.82,1.0,0.0,False,True,boleto,zona sul,ok
3843,630.0,2023-03-10 00:00:00,Eletrônicos,572.88,1.0,0.0,False,True,pix,BH,
3432,120.0,2023-04-12 00:00:00,Alimentos,188.03,5.0,0.0,False,True,,SaoP aulo Centro,
531,789.0,2022-10-24 00:00:00,Eletrônicos,2299.79,3.0,0.0,False,True,cartao,Recife ,cliente reclamou
3200,447.0,2022-09-03 00:00:00,Informática,1813.6,2.0,0.0,False,True,dinheiro,NITERÓI ,
4859,933.0,2024-12-10 00:00:00,Brinquedos,46.73,1.0,0.15,False,True,,BH,cliente reclamou
2764,899.0,2025-03-15 00:00:00,Móveis,2823.2,3.0,0.0,False,True,dinheiro,,Entrega atrasada
5095,653.0,2023-12-15 00:00:00,Eletrônicos,955.89,1.0,0.0,False,True,cartao,  rio de janeiro,telefone inválido
44,1372.0,2022-03-30 00:00:00,Móveis,2186.19,1.0,0.0,False,True,boleto,brasilai,
5924,216.0,2022-11-05 00:00:00,,1254.89,2.0,0.0,False,True,boleto,Sao Paulo,telefone inválido
2498,1046.0,2022-01-15 00:00:00,Acessórios,37.52,1.0,0.0,False,True,Cartão , manaus ,cliente reclamou
5804,393.0,2024-11-30 00:00:00,Acessórios,43.82,1.0,0.0,False,True,dinheiro,RIO,cliente reclamou
5789,611.0,2022-10-02 00:00:00,Acessórios,96.34,2.0,0.0,False,True,cartao,SALVADOR,Entrega atrasada
1693,539.0,2024-11-19 00:00:00,Escritório,247.65,1.0,0.0,False,True,,RIO DE JANEIRO,telefone inválido
3930,675.0,2022-07-02 00:00:00,Informática,918.65,1.0,0.0,False,True,boleto,,ok
6347,745.0,2025-03-22 00:00:00,Informática,356.25,1.0,0.15,False,True,pix,rio de janiero,
5995,182.0,2023-12-23 00:00:00,Eletrônicos,870.65,1.0,0.0,False,True,cartao,belo horizonte,ok
2116,497.0,2023-02-11 00:00:00,Eletrônicos,986.72,3.0,0.3,False,True,,rio de janeiro,
2580,720.0,2022-03-23 00:00:00,Alimentos,91.51,3.0,0.0,False,True,dinheiro,SP,Entrega atrasada
5109,785.0,2023-08-16 00:00:00,Acessórios,96.1,2.0,0.0,False,True,boleto,GOIANIA,cliente reclamou
774,1189.0,2025-03-03 00:00:00,Brinquedos,204.84,3.0,0.0,False,True,cartao,,cliente reclamou
3812,400.0,2022-02-05 00:00:00,Brinquedos,182.61,3.0,0.0,False,False,cartao,Sao Paulo Centro,cliente reclamou
4941,48.0,2023-03-08 00:00:00,Brinquedos,187.84,4.0,0.3,False,True,cartao,Vila Velha,
4919,823.0,2025-09-17 00:00:00,Eletrônicos,628.6,1.0,0.0,False,True,cartao,Sao Paulo,ok
896,191.0,2024-02-09 00:00:00,Informática,858.61,1.0,0.0,False,True,dinheiro,Rio,telefone inválido
6724,101.0,2023-12-08 00:00:00,Móveis,1141.54,1.0,0.3,False,True,Cartão ,BH,
5156,316.0,2024-08-14 00:00:00,Eletrônicos,698.9,1.0,0.0,False,True,boleto,brasília,Entrega atrasada
6287,,2022-06-01 00:00:00,Eletrônicos,689.32,1.0,0.0,False,True,,Brasília,Entrega atrasada
94,1246.0,2024-08-01 00:00:00,Brinquedos,263.25,4.0,0.0,False,True,boleto,SãoPaulo,telefone inválido
1302,1107.0,2024-12-28 00:00:00,Informática,1123.06,1.0,0.0,False,True,dinheiro,,ok
3094,1201.0,2024-12-24 00:00:00,Escritório,671.8,3.0,0.0,False,True,,RECIFE,ok
582,396.0,2024-03-22 00:00:00,Acessórios,128.39,2.0,0.0,False,True,pix,  Recife ,
4142,1324.0,2024-04-20 00:00:00,Informática,942.49,1.0,0.0,False,True,,,telefone inválido
1815,996.0,2022-04-08 00:00:00,Brinquedos,223.58,5.0,0.0,False,True,boleto,Sao Jose dos Campos,cliente reclamou
2213,936.0,2023-09-26 00:00:00,Acessórios,26.5,1.0,0.0,False,True,,POA,cliente reclamou
3873,947.0,2022-02-14 00:00:00,Escritório,98.96,1.0,0.0,False,True,boleto,POA,cliente reclamou
4590,1131.0,2023-04-13 00:00:00,Alimentos,68.42,3.0,0.0,False,True,boleto,Goiania,
5776,45.0,2025-02-13 00:00:00,Informática,814.92,2.0,0.0,False,False,dinheiro, Roi,Entrega atrasada
4323,836.0,2022-03-29 00:00:00,Informática,1620.87,2.0,0.15,False,True,dinheiro, campinas,cliente reclamou
875,588.0,2024-01-31 00:00:00,Escritório,367.97,2.0,0.0,False,True,Cartão ,VILA VELHA,
5172,1047.0,2022-02-24 00:00:00,Informática,1223.2,1.0,0.0,False,True,dinheiro,Sao Paulo,ok
218,185.0,2024-07-29 00:00:00,Informática,994.08,1.0,0.0,False,True,Cartão ,RIO DE JANEIRO,ok
213,277.0,2022-02-11 00:00:00,Eletrônicos,1460.69,2.0,0.0,False,True,dinheiro,SAO JOSE DOS CAMPOS,
861,358.0,2022-01-19 00:00:00,Informática,1748.42,2.0,0.0,False,True,cartao,POA,Entrega atrasada
858,904.0,2024-01-06 00:00:00,Alimentos,116.69,5.0,0.0,False,True,pix,bh,telefone inválido
1673,278.0,2022-09-05 00:00:00,Brinquedos,119.05,2.0,0.0,False,True,pix,ctba ,telefone inválido
5384,488.0,2024-07-22 00:00:00,Escritório,0.0,3.0,0.0,False,True,dinheiro,Sao Paulo,ok
4187,457.0,2024-09-29 00:00:00,Acessórios,41.76,1.0,0.0,False,True,cartao,são paulo,Entrega atrasada
2316,1092.0,2025-02-01 00:00:00,Eletrônicos,503.95,1.0,0.0,False,True,dinheiro, curitiba  ,
2605,7.0,2022-03-06 00:00:00,Eletrônicos,1169.78,2.0,0.0,False,True,dinheiro,,ok
2724,425.0,2025-09-25 00:00:00,Eletrônicos,595.68,1.0,0.0,False,True,pix,porto alegre,
1199,,2022-03-05 00:00:00,Móveis,1142.66,1.0,0.0,False,True,dinheiro,RJ,cliente reclamou
4320,967.0,2022-12-23 00:00:00,Escritório,262.47,1.0,0.0,False,True,pix,SAO PAULO CENTRO,
4963,332.0,2023-10-27 00:00:00,Eletrônicos,811.73,1.0,0.0,False,True,dinheiro,Fortaleaz,
4967,784.0,2023-06-12 00:00:00,Eletrônicos,2228.84,3.0,0.0,False,True,pix,CURITIBA,telefone inválido
5849,109.0,2024-06-13 00:00:00,Escritório,142.62,1.0,0.0,False,True,pix,sãopaulo,
2105,370.0,2024-08-17 00:00:00,Móveis,1138.26,1.0,0.0,False,True,,NITERÓI,cliente reclamou
3506,800.0,2024-03-19 00:00:00,Brinquedos,56.36,1.0,0.0,False,True,Cartão ,SAO JOSE DOS CAMPOS,Entrega atrasada
5698,845.0,2024-01-20 00:00:00,Escritório,419.56,2.0,0.0,False,True,dinheiro,fortaleza ,cliente reclamou
4661,624.0,2022-04-22 00:00:00,Escritório,182.9,1.0,0.0,False,True,,  ,
4073,257.0,2022-04-12 00:00:00,Alimentos,77.16,4.0,0.0,False,True,cartao,BH,
2266,309.0,2024-11-13 00:00:00,Escritório,464.95,2.0,0.0,False,True,cartao,RIO DE JANEIRO,Entrega atrasada
5829,993.0,2023-02-08 00:00:00,Acessórios,81.32,2.0,0.0,False,True,dinheiro,Goiania,ok
785,221.0,2024-12-14 00:00:00,Eletrônicos,1055.59,,0.0,False,True,cartao,  curitiba,
630,477.0,2022-10-02 00:00:00,Eletrônicos,401.9,1.0,0.0,False,True,pix,rio de janeiro,cliente reclamou
5024,110.0,2022-10-16 00:00:00,Informática,1810.83,2.0,0.0,False,True,,são paulo,cliente reclamou
3336,41.0,2022-02-01 00:00:00,Acessórios,84.86,2.0,0.0,False,True,pix,SãoPaulo,telefone inválido
3339,11.0,2023-03-14 00:00:00,Eletrônicos,2797.68,5.0,0.1,False,True,boleto, Goiania,cliente reclamou
4564,1431.0,2024-10-22 00:00:00,Escritório,219.02,2.0,0.1,False,True,,GOIANIA,cliente reclamou
4782,,2023-12-05 00:00:00,Eletrônicos,4164.25,3.0,0.0,False,True,cartao,port oalegre,
4184,1250.0,2024-05-13 00:00:00,Escritório,218.8,1.0,0.0,False,True,cartao,belo horizonte,cliente reclamou
2013,985.0,2025-05-11 00:00:00,Acessórios,85.55,3.0,0.0,False,True,pix,Manaus,ok
1541,512.0,2022-01-03 00:00:00,Alimentos,0.0,4.0,0.0,False,True,pix,sp ,
3138,683.0,2022-05-15 00:00:00,Escritório,136.17,1.0,0.3,False,True,pix,Sao Paluo,cliente reclamou
2627,626.0,2024-03-26 00:00:00,Acessórios,38.64,,0.0,False,True,,são paulo,Entrega atrasada
6590,270.0,2024-03-14 00:00:00,Escritório,0.0,1.0,0.0,False,True,dinheiro,brasília,telefone inválido
4808,894.0,2022-12-25 00:00:00,Escritório,792.48,4.0,0.0,False,True,dinheiro,Recife,
1396,1067.0,2025-05-07 00:00:00,Informática,0.0,2.0,0.0,False,False,pix,sjc,
5909,775.0,2025-08-27 00:00:00,Eletrônicos,-853.2,1.0,0.0,False,True,cartao,  sao pauloc entro,cliente reclamou
1124,612.0,2022-01-19 00:00:00,Eletrônicos,650.05,1.0,0.05,False,True,boleto,RECIFE,
2160,286.0,2024-09-03 00:00:00,Acessórios,58.85,1.0,0.0,False,True,cartao,PORTO ALEGRE,ok
6363,895.0,2024-11-02 00:00:00,,925.66,1.0,0.0,False,True,,SaoPaulo,
3908,,2022-03-09 00:00:00,Escritório,260.43,1.0,0.0,False,True,,Zona Sul,cliente reclamou
2422,776.0,2022-03-12 00:00:00,Alimentos,43.66,2.0,0.0,False,True,dinheiro,sp,
4487,629.0,2022-10-26 00:00:00,Informática,4601.08,3.0,0.0,False,True,pix,rj,cliente reclamou
5389,140.0,2025-11-01 00:00:00,Informática,917.16,1.0,0.0,False,True,Cartão ,Riod e Janeiro,telefone inválido
6314,1087.0,2025-10-13 00:00:00,Escritório,894.18,5.0,0.0,False,True,cartao,campinas,Entrega atrasada
3488,1064.0,2023-06-01 00:00:00,Informática,2048.0,2.0,0.0,False,True,Cartão ,  Sao Paulo Cetnro  ,Entrega atrasada
6653,451.0,2022-04-19 00:00:00,Eletrônicos,523.13,1.0,0.0,False,True,, bh,
1378,27.0,2024-04-17 00:00:00,Acessórios,42.19,1.0,0.0,True,True,cartao,sao paulo,ok
2574,1324.0,2024-01-24 00:00:00,Eletrônicos,576.8,1.0,0.0,False,True,boleto,Rio de Janeiro,Entrega atrasada
944,354.0,2023-03-03 00:00:00,Acessórios,177.67,4.0,0.0,False,True,dinheiro,CURITIBA,Entrega atrasada
5774,97.0,2022-04-07 00:00:00,Escritório,488.88,3.0,0.0,False,True,Cartão ,,
5287,490.0,2025-08-03 00:00:00,Móveis,3083.33,2.0,0.0,False,True,dinheiro,são paulo,ok
4981,820.0,2022-10-26 00:00:00,Alimentos,45.19,3.0,0.0,False,True,Cartão ,NITEROI,Entrega atrasada
3289,1443.0,2023-12-19 00:00:00,Móveis,1485.99,1.0,0.0,False,True,dinheiro,  RIO,
6923,752.0,2022-06-14 00:00:00,Acessórios,120.84,2.0,0.0,False,True,boleto,  Sao Paulo Centro,Entrega atrasada
5361,253.0,2024-10-16 00:00:00,Escritório,638.1,3.0,0.0,False,False,boleto,Porto Alegre,
3407,904.0,2023-03-25 00:00:00,Acessórios,58.71,1.0,0.05,False,True,,Interior,
3312,595.0,2024-03-13 00:00:00,Acessórios,30.97,1.0,0.15,False,True,boleto,,
4753,723.0,2024-08-30 00:00:00,Brinquedos,168.53,3.0,0.0,False,True,cartao,Fortaleza,
3466,901.0,2022-12-08 00:00:00,Eletrônicos,913.07,1.0,0.1,False,True,pix,Campinas,telefone inválido
6745,72.0,2023-08-23 00:00:00,Eletrônicos,1092.21,1.0,0.0,False,True,cartao,sao paulo,
6148,162.0,2023-12-17 00:00:00,Escritório,272.52,1.0,0.0,False,True,pix,SP ,
6573,384.0,2022-05-31 00:00:00,Acessórios,70.3,1.0,0.0,False,True,,Campinas,
1202,705.0,2022-01-07 00:00:00,Brinquedos,143.16,2.0,0.0,False,True,,Salvador,Entrega atrasada
4646,385.0,2022-05-31 00:00:00,Brinquedos,140.63,2.0,0.0,False,True,Cartão ,sp,
2728,161.0,2023-07-10 00:00:00,Eletrônicos,863.35,2.0,0.0,False,True,,sjc,Entrega atrasada
1717,677.0,2022-10-07 00:00:00,Acessórios,40.99,1.0,0.0,False,True,pix,recife,
4176,1357.0,2022-11-04 00:00:00,Alimentos,77.11,4.0,0.0,False,True,Cartão ,curiitba,
6294,284.0,2022-09-12 00:00:00,Escritório,176.34,1.0,0.0,False,True,,rj,ok
4986,1468.0,2022-06-14 00:00:00,Alimentos,64.04,3.0,0.0,False,True,cartao,belo horizonte,
89,340.0,2024-12-19 00:00:00,Escritório,441.4,2.0,0.0,False,True,,Niteroi,ok
4955,238.0,2025-05-18 00:00:00,Informática,1353.35,1.0,0.0,False,True,dinheiro,campinas,ok
237,961.0,2024-07-22 00:00:00,Escritório,199.2,1.0,0.0,False,True,,,
3703,1151.0,2024-06-27 00:00:00,Eletrônicos,814.54,1.0,0.0,False,True,dinheiro,RIO DE JANEIRO,
2452,596.0,2022-05-23 00:00:00,Escritório,375.75,2.0,0.05,False,True,dinheiro,   ,telefone inválido
2931,19.0,2025-06-29 00:00:00,Brinquedos,241.04,3.0,0.0,False,True,boleto,SP,ok
3232,1111.0,2024-12-12 00:00:00,,200.36,1.0,0.05,False,True,dinheiro,Sao Paulo,
3092,860.0,2023-09-25 00:00:00,Escritório,195.65,1.0,0.0,False,True,cartao,SAO PAULO,
4059,1415.0,2025-06-20 00:00:00,Acessórios,33.58,1.0,0.1,True,True,boleto,porto alegre  ,cliente reclamou
6489,1431.0,2024-01-30 00:00:00,Escritório,208.69,1.0,0.0,False,True,,frotaleza,telefone inválido
6774,374.0,2024-08-18 00:00:00,Escritório,122.02,1.0,0.0,False,True,Cartão ,SÃO PAULO,Entrega atrasada
6078,1485.0,2023-02-28 00:00:00,Eletrônicos,845.65,1.0,0.0,False,True,cartao,VILA VELHA,cliente reclamou
3926,241.0,2024-06-05 00:00:00,Acessórios,0.0,3.0,0.0,False,True,boleto,  brasília,
3754,1185.0,2024-05-19 00:00:00,Eletrônicos,2581.54,3.0,0.0,False,True,dinheiro,,telefone inválido
6278,197.0,2022-06-10 00:00:00,Eletrônicos,1829.24,2.0,0.0,False,True,Cartão ,SAO PAULO CENTRO,
312,557.0,2029-12-25 00:00:00,Escritório,363.49,2.0,0.0,False,True,boleto, Zona Sul  ,ok
1936,1492.0,2022-08-16 00:00:00,Alimentos,107.79,4.0,0.0,False,True,dinheiro,Sao Jose dos Campos,cliente reclamou
5994,844.0,2022-06-13 00:00:00,Alimentos,75.46,3.0,0.0,False,True,,Sao Jose dos Campos,ok
189,1332.0,2022-03-02 00:00:00,Informática,1090.02,1.0,0.0,False,True,Cartão ,niterói  ,Entrega atrasada
6364,632.0,2025-02-16 00:00:00,Alimentos,70.34,3.0,0.0,False,True,cartao,  CAMPINAS ,Entrega atrasada
899,107.0,2024-07-03 00:00:00,Escritório,28239.28,1.0,0.0,False,True,boleto,Porto Alegre,
199,1147.0,2023-06-24 00:00:00,Eletrônicos,894.01,1.0,0.0,False,False,boleto,POA,telefone inválido
6427,110.0,2023-02-01 00:00:00,Eletrônicos,471.64,1.0,0.15,False,True,dinheiro,Goiania,Entrega atrasada
5107,184.0,2024-06-12 00:00:00,Informática,1005.33,1.0,0.0,False,True,cartao,  Zona Sul  ,ok
977,366.0,2022-06-15 00:00:00,Eletrônicos,2924.26,4.0,0.0,False,True,pix, interior  ,cliente reclamou
1990,175.0,2023-10-22 00:00:00,Informática,815.68,1.0,0.0,False,True,pix,RIO DE JANEIRO,ok
5810,629.0,2024-04-07 00:00:00,,734.24,4.0,0.05,False,True,cartao,SP,
3579,223.0,2025-09-17 00:00:00,Acessórios,50.63,1.0,0.0,False,True,Cartão ,RJ  ,telefone inválido
6578,502.0,2024-10-25 00:00:00,Informática,728.01,1.0,0.0,False,True,,Zona Sul,
4499,215.0,2025-04-24 00:00:00,Móveis,1192.37,2.0,0.0,False,True,dinheiro,CTAB,ok
2246,1381.0,2023-08-11 00:00:00,Brinquedos,226.34,3.0,0.0,False,True,boleto,rio de janeiro,telefone inválido
6561,478.0,2022-05-27 00:00:00,Móveis,3151.24,3.0,0.1,False,True,boleto,sãopaulo,
5342,312.0,2022-06-10 00:00:00,Informática,584.06,1.0,0.0,False,True,Cartão ,são paulo,
2152,662.0,2024-05-15 00:00:00,Eletrônicos,780.33,1.0,0.0,False,True,dinheiro,sp,
2694,28.0,2024-01-07 00:00:00,ELETRÔNICOS,503.8,1.0,0.0,False,True,,SAO JOSE DOS CAMPOS,Entrega atrasada
1587,202.0,2025-08-09 00:00:00,Eletrônicos,727.21,1.0,0.05,False,True,boleto,rio de janeiro,ok
4138,687.0,2022-10-08 00:00:00,Informática,605.47,2.0,0.1,False,True,Cartão ,BRASÍLIA,Entrega atrasada
1386,105.0,2022-03-12 00:00:00,Brinquedos,133.11,3.0,0.3,False,True,Cartão ,manaus,Entrega atrasada
759,,2024-10-31 00:00:00,Acessórios,39.65,1.0,0.0,False,True,,CAMPINAS,Entrega atrasada
6373,82.0,2023-02-01 00:00:00,Informática,674.19,1.0,0.0,False,True,,Belo Horizonte,telefone inválido
87,120.0,2025-02-05 00:00:00,Acessórios,39.01,1.0,0.0,False,True,Cartão ,São Paulo,telefone inválido
3999,1457.0,2024-08-03 00:00:00,Eletrônicos,484.23,1.0,0.0,False,True,boleto,interior,Entrega atrasada
3136,844.0,2025-08-02 00:00:00,Eletrônicos,825.46,1.0,0.0,False,True,Cartão ,POA,Entrega atrasada
1189,812.0,2025-01-28 00:00:00,Escritório,194.86,1.0,0.0,False,True,pix,INTERIOR,ok
6933,709.0,2024-12-24 00:00:00,Móveis,1053.12,1.0,0.0,False,True,cartao, Curitiba  ,ok
3198,633.0,2023-04-30 00:00:00,Eletrônicos,882.85,1.0,0.0,False,True,pix,  Goiania  ,
3682,,2023-06-02 00:00:00,Brinquedos,272.61,5.0,0.15,False,True,dinheiro,Fortaleza,Entrega atrasada
1533,1500.0,2025-09-19 00:00:00,,127.09,2.0,0.0,False,True,, são paulo ,
2369,362.0,2025-07-12 00:00:00,Brinquedos,36.6,1.0,0.15,False,True,Cartão , NITERÓI,cliente reclamou
1570,1239.0,2024-05-06 00:00:00,Acessórios,66.42,1.0,0.0,False,True,Cartão ,JSC  ,telefone inválido
204,706.0,2023-11-26 00:00:00,Brinquedos,225.58,3.0,0.0,False,True,boleto,sao paulo,ok
1349,63.0,2023-08-02 00:00:00,Escritório,196.72,1.0,0.0,False,True,dinheiro,bh,Entrega atrasada
2830,1397.0,2024-02-24 00:00:00,Alimentos,100.97,4.0,0.0,False,True,pix,rio,Entrega atrasada
5315,107.0,2024-12-19 00:00:00,Acessórios,84.78,3.0,0.3,False,True,boleto,vila velha  ,ok
1762,1139.0,2023-11-12 00:00:00,Brinquedos,377.67,4.0,0.0,False,True,dinheiro,SÃO PAULO,telefone inválido
4168,1044.0,2022-12-27 00:00:00,Acessórios,58.04,1.0,0.0,False,True,cartao,SJC,Entrega atrasada
808,812.0,2023-03-22 00:00:00,Escritório,195.83,1.0,0.0,False,True,,SJC,Entrega atrasada
4490,9.0,2024-11-06 00:00:00,Informática,1135.27,1.0,0.0,False,True,boleto,FORTALEZA,
266,672.0,2023-06-09 00:00:00,Eletrônicos,1531.54,2.0,0.0,False,True,pix,SãoPaulo,
5425,769.0,2025-10-16 00:00:00,Escritório,280.75,1.0,0.0,False,True,pix,Manaus,
6569,468.0,2022-09-04 00:00:00,Eletrônicos,944.33,1.0,0.0,False,True,dinheiro,niterói,telefone inválido
1698,1353.0,2025-08-20 00:00:00,Eletrônicos,0.0,1.0,0.0,False,True,,CURITIBA,ok
3989,219.0,2023-08-13 00:00:00,Alimentos,61.51,4.0,0.0,False,True,,SAO JOSE DOS CAMPOS,
6279,1284.0,2023-05-03 00:00:00,Acessórios,130.58,3.0,0.0,False,True,,Belo Horizonte,Entrega atrasada
1952,1285.0,2023-01-02 00:00:00,Acessórios,90.18,2.0,0.0,False,True,pix,RIO,telefone inválido
2581,880.0,2022-07-27 00:00:00,Escritório,278.93,1.0,0.0,False,True,Cartão ,Salvador,
796,523.0,2022-01-23 00:00:00,Escritório,145.17,1.0,0.0,False,True,,bh,
3287,54.0,2025-05-02 00:00:00,Eletrônicos,541.04,1.0,0.0,False,True,Cartão ,sp,Entrega atrasada
1203,627.0,2023-09-19 00:00:00,Móveis,983.96,1.0,0.0,False,True,,RIO DE JANEIRO,
2403,172.0,2023-06-06 00:00:00,Móveis,1926.37,,0.0,False,True,Cartão ,  ,cliente reclamou
3068,148.0,2024-09-26 00:00:00,Acessórios,67.77,1.0,0.0,True,True,pix,BELO HORIZONTE,telefone inválido
6051,,2022-06-21 00:00:00,Móveis,2224.63,1.0,0.0,False,True,dinheiro,SAO PAULO,
649,103.0,2024-07-16 00:00:00,Acessórios,37.5,1.0,0.0,False,True,dinheiro,gioania,
3267,340.0,2023-11-07 00:00:00,Acessórios,70.19,1.0,0.0,False,True,,Goiania,
6930,383.0,2024-03-21 00:00:00,Informática,1014.47,1.0,0.0,False,True,boleto,  PORTO ALEGR E,ok
355,656.0,2024-09-23 00:00:00,Alimentos,42.5,2.0,0.0,False,True,cartao,BRASÍLIA,telefone inválido
824,1028.0,2024-07-27 00:00:00,Escritório,217.01,1.0,0.05,False,True,,bh,
4784,245.0,2023-08-27 00:00:00,Informática,1113.45,1.0,0.0,False,True,Cartão ,CTBA,telefone inválido
2976,,2022-05-17 00:00:00,Eletrônicos,884.81,2.0,0.0,False,True,dinheiro,  belo horizonte,ok
3730,446.0,2022-03-11 00:00:00,Eletrônicos,1317.84,2.0,0.0,False,True,boleto,Campinas,Entrega atrasada
6761,177.0,2023-09-10 00:00:00,Brinquedos,141.45,2.0,0.0,False,True,,Brasília  ,ok
2960,961.0,2024-04-10 00:00:00,Eletrônicos,613.19,1.0,0.15,False,True,boleto,niteroi,ok
5723,688.0,2022-09-05 00:00:00,Acessórios,38.68,1.0,0.0,False,True,Cartão ,braislia,ok
6552,343.0,2024-06-20 00:00:00,,2354.5,4.0,0.0,False,True,dinheiro,SAO PAULO CENTRO,Entrega atrasada
5708,166.0,2023-08-20 00:00:00,Informática,1297.81,1.0,0.0,False,True,,SÃO PAULO,
5618,1119.0,2023-08-24 00:00:00,Móveis,817.59,1.0,0.15,False,True,Cartão ,Porto Alegre,telefone inválido
3816,1498.0,2022-12-08 00:00:00,Informática,737.4,1.0,0.15,False,True,cartao,Sao Jose dos Campos,Entrega atrasada
156,825.0,2023-01-29 00:00:00,Informática,948.94,1.0,0.0,False,True,dinheiro,  Rio  ,cliente reclamou
3779,291.0,2022-01-05 00:00:00,Informática,1056.04,1.0,0.0,False,True,dinheiro,bh,ok
3834,131.0,2025-09-13 00:00:00,Móveis,1622.54,2.0,0.15,False,True,boleto,  SAO PAULO CENTRO ,telefone inválido
5128,134.0,2025-06-21 00:00:00,Brinquedos,155.94,2.0,0.0,False,True,pix,iro de janeiro  ,Entrega atrasada
569,,2022-05-04 00:00:00,Acessórios,78.49,2.0,0.0,False,True,,niteroi,cliente reclamou
6086,1047.0,2025-09-24 00:00:00,Acessórios,41.65,1.0,0.0,False,True,dinheiro,SAO JOSE DOSC AMPOS,cliente reclamou
288,459.0,2024-03-20 00:00:00,Escritório,481.65,2.0,0.0,False,True,dinheiro,SP,telefone inválido
3769,759.0,2022-06-04 00:00:00,Informática,4206.27,4.0,0.0,False,True,pix,POA,
477,616.0,2024-02-22 00:00:00,Acessórios,68.98,2.0,0.0,False,True,Cartão ,sao paulo centro,
3494,58.0,2023-02-20 00:00:00,Escritório,239.32,1.0,0.0,False,True,boleto,  Sao Paluo Centro,
3397,74.0,2022-09-21 00:00:00,Eletrônicos,720.18,1.0,0.0,False,True,dinheiro,rio de janeiro,ok
3625,163.0,2023-09-05 00:00:00,Eletrônicos,625.09,1.0,0.0,False,True,Cartão ,recife,
892,1486.0,2022-07-02 00:00:00,Eletrônicos,677.04,1.0,0.0,False,True,cartao,Interior,Entrega atrasada
1662,991.0,2025-09-03 00:00:00,Brinquedos,56.23,1.0,0.0,False,True,Cartão ,São Paulo,Entrega atrasada
2357,479.0,2022-05-17 00:00:00,Alimentos,47.21,3.0,0.0,False,True,boleto,Manaus,Entrega atrasada
2292,133.0,2025-07-01 00:00:00,Eletrônicos,2528.73,3.0,0.0,False,True,Cartão , SÃO PAULO,
3069,955.0,2023-03-20 00:00:00,Eletrônicos,773.56,1.0,0.0,False,True,,SOÃ PAULO,
505,380.0,2022-02-13 00:00:00,Informática,1039.93,1.0,0.0,False,True,boleto,Manaus,telefone inválido
3256,920.0,2023-08-12 00:00:00,Alimentos,51.03,3.0,0.0,False,True,cartao,Belo Horizonte,ok
3344,381.0,2025-07-17 00:00:00,Eletrônicos,545.65,1.0,0.0,False,True,,Rio de Janeiro,ok
6886,55.0,2022-11-04 00:00:00,Móveis,1893.57,1.0,0.0,False,True,cartao,CTBA,telefone inválido
4107,318.0,2025-01-14 00:00:00,Escritório,182.2,1.0,0.0,False,True,cartao,BELO HORIZONTE,Entrega atrasada
404,851.0,2022-12-27 00:00:00,Acessórios,53.39,1.0,0.0,False,True,,São Paulo,cliente reclamou
5412,833.0,2023-07-12 00:00:00,Informática,666.05,1.0,0.0,False,True,cartao,Goiania,cliente reclamou
6400,852.0,2022-09-06 00:00:00,Alimentos,0.0,3.0,0.0,False,True,Cartão ,Nitreói,
6138,485.0,2022-09-02 00:00:00,Eletrônicos,670.57,1.0,0.0,False,True,Cartão ,BELO HORIZONTE,ok
3264,1065.0,2025-08-21 00:00:00,Informática,612.63,1.0,0.0,False,True,Cartão ,PORTO ALEGRE,ok
4108,977.0,2024-08-21 00:00:00,Eletrônicos,693.47,1.0,0.0,False,True,cartao,SP,
2800,51.0,2025-07-06 00:00:00,Eletrônicos,1615.98,3.0,0.1,False,True,Cartão ,Brasília,cliente reclamou
338,125.0,2025-06-21 00:00:00,Escritório,194.93,2.0,0.0,True,True,cartao,Sao Paulo Centro,
3428,226.0,2025-09-22 00:00:00,Escritório,339.78,2.0,0.0,False,True,pix,recife,
4127,964.0,2025-04-23 00:00:00,Escritório,218.29,1.0,0.0,False,True,,Sao Paulo,ok
1269,1034.0,2022-10-23 00:00:00,Escritório,530.85,2.0,0.0,False,True,,Mnaaus,Entrega atrasada
3556,790.0,2023-05-07 00:00:00,móveis,1374.92,1.0,0.0,False,True,cartao,  Niteroi  ,cliente reclamou
1568,464.0,2022-11-24 00:00:00,,1143.7,,0.0,False,True,boleto,Interior,telefone inválido
6322,400.0,2023-06-13 00:00:00,Acessórios,64.25,1.0,0.0,False,True,Cartão ,vila velha,telefone inválido
3282,1219.0,2029-12-25 00:00:00,Informática,1463.23,2.0,0.0,False,True,boleto,SAO PAULO CENTRO,
5585,97.0,2022-02-09 00:00:00,Acessórios,37.0,1.0,0.0,False,True,pix,SJC,ok
317,358.0,2025-03-18 00:00:00,Brinquedos,182.62,3.0,0.0,False,True,cartao,GOIANIA,
2194,1126.0,2025-10-02 00:00:00,Escritório,103.48,1.0,0.3,False,True,boleto,Niteroi,ok
2501,186.0,2024-08-13 00:00:00,Alimentos,103.31,4.0,0.0,False,True,pix,Niteroi,
6747,216.0,2024-11-09 00:00:00,Eletrônicos,2982.15,3.0,0.0,False,True,pix,RIO DE JANEIRO,Entrega atrasada
3377,772.0,2022-05-20 00:00:00,Escritório,256.97,1.0,0.0,False,True,Cartão ,SP,Entrega atrasada
1411,3.0,2023-09-28 00:00:00,Eletrônicos,963.8,1.0,0.0,False,True,cartao,são paulo,cliente reclamou
3172,726.0,2025-03-05 00:00:00,Escritório,186.75,1.0,0.05,False,True,pix,Zona Sul,cliente reclamou
4885,916.0,2022-11-21 00:00:00,Móveis,2476.93,2.0,0.3,False,True,pix,NITERÓI,Entrega atrasada
7,1486.0,2025-02-03 00:00:00,Eletrônicos,581.15,1.0,0.0,False,True,dinheiro,SJC ,Entrega atrasada
987,359.0,2023-10-24 00:00:00,Acessórios,39.46,1.0,0.05,False,True,boleto,Sao Paulo,cliente reclamou
1708,943.0,2025-01-17 00:00:00,Escritório,183.07,1.0,0.0,False,True,,goiania,telefone inválido
3346,413.0,2022-10-29 00:00:00,Escritório,178.06,1.0,0.0,False,True,boleto,SP,Entrega atrasada
1924,922.0,2023-07-02 00:00:00,Acessórios,48.51,1.0,0.1,False,True,Cartão ,Rio de Janeiro,ok
3747,546.0,2024-01-28 00:00:00,Informática,456.61,1.0,0.0,False,True,dinheiro,INTEROIR,
4733,550.0,2022-02-07 00:00:00,Informática,1425.49,2.0,0.0,False,True,pix,SAO PAULO CENTRO,
4754,1404.0,2022-12-22 00:00:00,Informática,1966.38,2.0,0.0,False,True,,INTERIOR,telefone inválido
2825,1161.0,2023-12-03 00:00:00,Escritório,803.57,4.0,0.0,False,True,boleto,Campinas,ok
6847,473.0,2023-05-06 00:00:00,Informática,943.81,1.0,0.0,False,True,pix,Campinas,Entrega atrasada
5841,614.0,2024-03-19 00:00:00,Acessórios,151.86,3.0,0.0,False,True,dinheiro,CTBA,cliente reclamou
1666,8.0,2023-01-17 00:00:00,Escritório,191.84,1.0,0.0,False,True,dinheiro,GOIANIA,telefone inválido
6800,516.0,2022-09-29 00:00:00,Alimentos,132.94,5.0,0.0,False,True,boleto,Belo Horizonte,
4423,461.0,2025-07-02 00:00:00,Móveis,1219.87,1.0,0.0,False,True,Cartão ,SAO PAULO,telefone inválido
3965,187.0,2024-09-08 00:00:00,Eletrônicos,786.56,1.0,0.15,False,True,pix,VILA VELHA,cliente reclamou
4171,502.0,2023-05-14 00:00:00,Escritório,207.27,1.0,0.0,False,True,cartao,São Paulo,telefone inválido
5151,1353.0,2023-08-22 00:00:00,Escritório,288.31,2.0,0.3,False,True,pix,niteroi,telefone inválido
4768,1160.0,2024-05-18 00:00:00,Móveis,2384.66,2.0,0.0,False,True,pix,goiania,Entrega atrasada
2674,469.0,2023-10-12 00:00:00,Eletrônicos,511.65,1.0,0.0,False,True,cartao,POA,Entrega atrasada
2797,1015.0,2022-04-14 00:00:00,Móveis,1648.97,1.0,0.0,False,True,Cartão ,CAMPINAS,
5480,474.0,2022-08-17 00:00:00,Informática,623.59,1.0,0.05,False,True,dinheiro,Niteroi,
3513,460.0,2023-04-01 00:00:00,Brinquedos,122.05,2.0,0.0,False,True,dinheiro,São Paulo,telefone inválido
4201,1181.0,2023-01-07 00:00:00,Eletrônicos,3362.41,4.0,0.0,False,True,cartao,Fortaleza,telefone inválido
1219,1236.0,2023-10-10 00:00:00,Alimentos,52.82,2.0,0.0,False,True,,rio de janeiro,
3925,542.0,2022-02-10 00:00:00,Brinquedos,73.75,1.0,0.0,False,True,,SAO JOSE DOS CAMPOS,cliente reclamou
535,201.0,2023-07-05 00:00:00,Móveis,3737.19,2.0,0.0,False,True,Cartão ,Sao Paulo Centro,
6004,1181.0,2022-10-28 00:00:00,Eletrônicos,0.0,1.0,0.0,False,True,dinheiro,salvador,Entrega atrasada
6300,667.0,2022-12-21 00:00:00,Eletrônicos,1139.79,1.0,0.0,False,True,,rio,cliente reclamou
2310,784.0,2022-06-02 00:00:00,Eletrônicos,897.28,1.0,0.0,False,True,dinheiro,Porto Alegre,telefone inválido
3321,1382.0,2023-03-15 00:00:00,Acessórios,102.78,2.0,0.0,False,True,boleto,São Paulo,Entrega atrasada
5265,854.0,2029-12-25 00:00:00,Alimentos,38.11,2.0,0.0,False,True,cartao,Manaus,telefone inválido
2062,113.0,2023-07-19 00:00:00,Alimentos,35.29,2.0,0.05,True,True,,Belo Horizonte,
1993,643.0,2025-09-01 00:00:00,Eletrônicos,654.15,1.0,0.0,False,True,,Salvador,
1452,39.0,2023-01-09 00:00:00,,69.81,3.0,0.0,False,True,dinheiro,recife,
4787,325.0,2025-04-22 00:00:00,Móveis,5731.42,4.0,0.0,False,True,dinheiro, SP  ,cliente reclamou
3078,21.0,2025-07-06 00:00:00,Informática,2767.68,3.0,0.0,False,True,boleto,sãopaulo,ok
5491,1171.0,2025-02-14 00:00:00,Informática,1058.0,1.0,0.0,False,True,,brasília,telefone inválido
5578,933.0,2022-04-06 00:00:00,Eletrônicos,1231.65,2.0,0.0,False,True,,sp,
5002,1061.0,2022-07-25 00:00:00,Escritório,173.41,1.0,0.0,False,True,cartao,CAMPINAS,
322,649.0,2024-09-22 00:00:00,Acessórios,170.17,3.0,0.05,True,True,,Salvador,Entrega atrasada
4502,152.0,2024-03-27 00:00:00,Informática,0.0,2.0,0.0,False,True,Cartão ,salvador,Entrega atrasada
4730,,2029-12-25 00:00:00,Informática,789.93,1.0,0.0,False,True,,São Paulo,telefone inválido
1005,1036.0,2023-10-18 00:00:00,Móveis,1002.13,1.0,0.0,False,True,,SAO JOSE DOS CAMPOS,ok
5619,736.0,2024-08-29 00:00:00,Brinquedos,209.55,3.0,0.0,False,True,Cartão ,,
3637,361.0,2023-06-28 00:00:00,Acessórios,46.94,1.0,0.0,False,True,,recife,
1937,971.0,2024-03-22 00:00:00,Eletrônicos,576.17,1.0,0.0,False,True,cartao,salvador,ok
3759,341.0,2022-04-19 00:00:00,Eletrônicos,459.23,1.0,0.0,False,True,cartao,Niteroi,
699,1363.0,2023-07-28 00:00:00,Móveis,957.42,1.0,0.05,False,True,cartao,SJC,
1895,562.0,2024-10-08 00:00:00,Eletrônicos,683.52,1.0,0.0,False,True,,BH,
5602,342.0,2024-12-04 00:00:00,Móveis,3125.81,2.0,0.0,False,True,boleto,SP,ok
4144,32.0,2022-03-05 00:00:00,Escritório,262.38,1.0,0.0,False,True,cartao,Porto Alegre,cliente reclamou
2990,1342.0,2025-01-13 00:00:00,Informática,603.57,1.0,0.0,False,True,, SãoPaluo,ok
4322,1482.0,2025-06-07 00:00:00,Acessórios,103.43,3.0,0.0,False,True,pix,,cliente reclamou
5888,35.0,2023-02-22 00:00:00,Eletrônicos,1311.25,3.0,0.0,False,False,dinheiro, Porto Alegre ,telefone inválido
6892,912.0,2023-08-26 00:00:00,Alimentos,40.11,2.0,0.0,False,True,dinheiro,vila velha,cliente reclamou
518,580.0,2025-05-07 00:00:00,Escritório,416.29,2.0,0.0,False,True,cartao,sp,cliente reclamou
2970,997.0,2025-01-30 00:00:00,Acessórios,87.42,2.0,0.0,False,True,boleto,CTBA,
6185,881.0,2024-05-31 00:00:00,Eletrônicos,656.97,1.0,0.0,False,True,,NITEROI,cliente reclamou
5786,931.0,2025-03-02 00:00:00,Informática,4140.42,4.0,0.0,False,True,Cartão ,bh ,telefone inválido
2526,,2023-06-01 00:00:00,Acessórios,48.1,1.0,0.0,False,True,cartao,,
5742,586.0,2025-06-18 00:00:00,Alimentos,114.36,5.0,0.0,False,True,pix, ZonaS ul,cliente reclamou
6659,17.0,2022-02-03 00:00:00,Eletrônicos,994.65,2.0,0.0,False,True,cartao,Rio de Janeiro,
2977,54.0,2024-01-14 00:00:00,Acessórios,128.35,4.0,0.0,False,True,pix,NITEROI,telefone inválido
4055,26.0,2022-10-20 00:00:00,Eletrônicos,550.36,1.0,0.0,False,True,,Rio deJ aneiro,ok
6129,501.0,2025-04-11 00:00:00,Informática,2858.3,3.0,0.0,False,True,Cartão ,SÃO PAULO,
2178,932.0,2025-09-13 00:00:00,Informática,1071.39,1.0,0.0,False,True,cartao,BH,telefone inválido
6,474.0,2022-06-11 00:00:00,Brinquedos,176.23,3.0,0.0,False,True,cartao,Manaus,telefone inválido
6755,1160.0,2023-10-07 00:00:00,,178.16,3.0,0.0,False,True,dinheiro,vila velha,cliente reclamou
4552,844.0,2024-10-25 00:00:00,Brinquedos,96.74,1.0,0.0,False,True,boleto,Sao Jose dos Campos,ok
476,677.0,2022-11-21 00:00:00,Móveis,1060.87,1.0,0.3,False,True,boleto,VILA VELHA,
3662,60.0,2022-10-21 00:00:00,Eletrônicos,1217.45,2.0,0.0,False,True,dinheiro,  VILA VELHA  ,telefone inválido
3033,,2023-02-26 00:00:00,Informática,865.58,1.0,0.0,False,True,dinheiro,BH,cliente reclamou
3290,1044.0,2025-06-21 00:00:00,Alimentos,111.31,5.0,0.0,False,True,dinheiro, Sao Paulo,telefone inválido
6494,1018.0,2022-07-06 00:00:00,Alimentos,85.39,3.0,0.0,True,True,Cartão ,  Sao Paulo Centro  ,Entrega atrasada
4147,531.0,2024-12-13 00:00:00,Móveis,0.0,3.0,0.0,False,True,Cartão ,Sao Jose dos Campos,
2298,1133.0,2025-07-23 00:00:00,Brinquedos,137.44,3.0,0.0,False,True,Cartão , MANAUS ,
2983,1108.0,2022-09-12 00:00:00,Acessórios,25.42,1.0,0.1,False,True,,SÃO PAULO,
1614,608.0,2024-05-17 00:00:00,Escritório,123.49,1.0,0.0,False,True,Cartão ,POA,ok
6571,1423.0,2025-10-08 00:00:00,Eletrônicos,638.42,2.0,0.0,False,True,pix,porto alegre  ,cliente reclamou
4831,949.0,2023-07-27 00:00:00,Alimentos,64.94,3.0,0.0,False,True,dinheiro,rio,cliente reclamou
5774,97.0,2022-04-07 00:00:00,Escritório,488.88,3.0,0.0,False,True,Cartão ,,
3324,740.0,2023-08-31 00:00:00,Acessórios,46.29,,0.0,False,True,boleto,niterói,
5648,1179.0,2025-05-05 00:00:00,Brinquedos,291.91,6.0,0.0,False,True,Cartão ,Salvaodr,Entrega atrasada
6270,1012.0,2025-04-25 00:00:00,Móveis,938.15,1.0,0.0,False,True,cartao,NITEROI,
6157,1085.0,2025-06-18 00:00:00,Móveis,1615.57,1.0,0.05,False,True,dinheiro,RIO D EJANEIRO,ok
2925,945.0,2022-04-20 00:00:00,Acessórios,12.34,2.0,0.0,False,True,,Interior,telefone inválido
3554,278.0,2022-01-01 00:00:00,Informática,1746.12,2.0,0.0,False,True,Cartão ,zoan sul,
6706,970.0,2023-08-17 00:00:00,Alimentos,50.67,2.0,0.0,False,True,cartao,niteroi,telefone inválido
3665,929.0,2025-03-11 00:00:00,Escritório,230.15,2.0,0.0,False,True,boleto,SP,cliente reclamou
1744,928.0,2022-11-12 00:00:00,Escritório,222.94,1.0,0.0,True,False,Cartão ,VILA VELHA,cliente reclamou
4375,205.0,2022-10-29 00:00:00,Eletrônicos,779.38,1.0,0.0,False,True,cartao,  SP ,Entrega atrasada
609,629.0,2023-07-26 00:00:00,Eletrônicos,2127.16,3.0,0.0,False,True,dinheiro,curitiba,telefone inválido
4353,248.0,2022-03-25 00:00:00,Informática,1266.85,1.0,0.0,False,True,cartao,  RECIFE  ,ok
6564,632.0,2025-02-05 00:00:00,Móveis,1045.82,1.0,0.0,False,True,,são paulo,
28,279.0,2023-10-10 00:00:00,Informática,644.53,1.0,0.0,False,True,pix,rio de janeiro,
6655,309.0,2024-08-26 00:00:00,Informática,2911.37,4.0,0.0,False,True,,sao paulo,cliente reclamou
723,505.0,2025-02-16 00:00:00,Acessórios,35.65,1.0,0.0,False,True,pix, Sao Paulo Centro ,Entrega atrasada
3719,39.0,2022-08-29 00:00:00,Informática,981.22,1.0,0.0,False,True,,sp,cliente reclamou
2354,74.0,2024-06-28 00:00:00,Acessórios,79.13,2.0,0.0,False,True,Cartão ,ZONA SUL,
2488,129.0,2023-11-24 00:00:00,Eletrônicos,1285.0,1.0,0.0,False,True,dinheiro,SJC,telefone inválido
3167,642.0,2025-05-18 00:00:00,Informática,710.92,1.0,0.0,False,True,Cartão ,Curitiba,telefone inválido
3979,127.0,2029-12-25 00:00:00,Escritório,407.15,2.0,0.0,False,True,,interior ,telefone inválido
6817,257.0,2024-04-28 00:00:00,Alimentos,141.12,5.0,0.0,False,True,dinheiro,NITEROI,
1709,216.0,2025-02-28 00:00:00,Eletrônicos,792.95,1.0,0.0,False,True,cartao,MANAUS,ok
6208,789.0,2024-02-01 00:00:00,Acessórios,5850.53,1.0,0.0,False,True,cartao,Porot Alegre,telefone inválido
4007,123.0,2025-08-25 00:00:00,Eletrônicos,1150.29,2.0,0.0,False,True,dinheiro,ITNERIOR,
6414,356.0,2024-07-11 00:00:00,Acessórios,0.0,1.0,0.0,False,True,Cartão ,bh,
802,,2022-04-06 00:00:00,Brinquedos,171.21,3.0,0.0,False,True,pix,Rio de Janeiro,
4478,1153.0,2029-12-25 00:00:00,Eletrônicos,1850.8,2.0,0.0,False,True,pix,CAMPINAS,Entrega atrasada
1086,977.0,2023-08-23 00:00:00,Eletrônicos,750.48,1.0,0.0,False,True,Cartão ,RIO,Entrega atrasada
6399,110.0,2024-10-28 00:00:00,Informática,793.54,1.0,0.0,False,True,cartao,Porto Alegre,cliente reclamou
648,948.0,2024-03-08 00:00:00,Brinquedos,306.29,4.0,0.0,False,True,boleto, Interior ,cliente reclamou
6660,537.0,2022-09-27 00:00:00,Eletrônicos,479.98,1.0,0.0,False,True,pix,,Entrega atrasada
4998,342.0,2025-06-29 00:00:00,Eletrônicos,523.75,1.0,0.0,False,True,dinheiro,rio de janeiro,telefone inválido
2042,1085.0,2022-03-11 00:00:00,Brinquedos,197.46,3.0,0.15,False,True,cartao,RIO DE JANEIRO,Entrega atrasada
451,64.0,2022-04-28 00:00:00,Informática,1871.04,3.0,0.0,False,True,pix,SP,cliente reclamou
4118,801.0,2022-07-18 00:00:00,Móveis,1388.94,1.0,0.0,False,True,cartao,sp,
6265,743.0,2023-03-05 00:00:00,Eletrônicos,1724.28,2.0,0.0,False,True,dinheiro,BH,cliente reclamou
4208,179.0,2024-12-28 00:00:00,Escritório,764.72,3.0,0.0,False,True,dinheiro,Rio de Janeiro,ok
1843,897.0,2022-11-01 00:00:00,Acessórios,55.84,1.0,0.0,False,True,pix,POA,
6426,1105.0,2022-09-22 00:00:00,Escritório,379.07,2.0,0.0,False,True,boleto,Vila Velah,Entrega atrasada
693,259.0,2023-04-01 00:00:00,Escritório,155.92,1.0,0.0,False,True,,Recife,Entrega atrasada
753,603.0,2022-10-16 00:00:00,Brinquedos,80.73,1.0,0.0,False,True,boleto,Brasília,cliente reclamou
6621,658.0,2022-06-19 00:00:00,Brinquedos,133.53,3.0,0.3,False,True,dinheiro,Soa Paulo,Entrega atrasada
2045,1262.0,2024-05-10 00:00:00,Informática,531.54,1.0,0.0,False,True,dinheiro,CURITIBA,Entrega atrasada
4234,221.0,2024-07-23 00:00:00,Brinquedos,67.19,2.0,0.0,False,True,cartao,  SAO PAULO,Entrega atrasada
6495,72.0,2023-10-07 00:00:00,Acessórios,124.6,2.0,0.0,False,True,pix,  RJ,Entrega atrasada
690,942.0,2023-04-06 00:00:00,Móveis,-1448.9,1.0,0.0,False,True,boleto,Znoa Sul,
6819,777.0,2024-12-13 00:00:00,Escritório,273.21,1.0,0.0,False,True,pix,poa,Entrega atrasada
5510,1078.0,2023-11-24 00:00:00,,2201.36,2.0,0.15,False,True,dinheiro,Porto Alegre,Entrega atrasada
4871,506.0,2023-09-12 00:00:00,Escritório,157.31,1.0,0.0,False,True,boleto,PORTO ALEGRE,Entrega atrasada
6194,215.0,2023-05-02 00:00:00,Alimentos,69.15,3.0,0.0,False,True,pix,FORTALEZA ,Entrega atrasada
3372,96.0,2024-06-11 00:00:00, ELETRÔNICOS,1680.44,2.0,0.0,False,True,,POA,Entrega atrasada
2176,940.0,2024-08-16 00:00:00,Escritório,194.48,1.0,0.0,False,True,boleto,RIO DE JANEIRO,
2236,777.0,2024-04-08 00:00:00,Eletrônicos,764.7,1.0,0.0,False,True,Cartão ,RECIFE,telefone inválido
1049,1440.0,2022-04-27 00:00:00,Escritório,186.65,1.0,0.0,False,True,cartao,Recife,
4977,328.0,2025-10-12 00:00:00,Alimentos,85.47,3.0,0.0,False,True,boleto,  sp,
6371,174.0,2022-12-11 00:00:00,Acessórios,60.84,1.0,0.0,False,True,Cartão ,Manuas ,cliente reclamou
4215,303.0,2025-05-19 00:00:00,Eletrônicos,876.01,1.0,0.0,True,True,pix,Rio de Janeiro,
1654,900.0,2024-03-20 00:00:00,Escritório,74.7,1.0,0.0,False,True,Cartão ,POA,telefone inválido
736,298.0,2024-09-03 00:00:00,lEetrônicos,285.63,1.0,0.0,False,True,,SJC,
4534,415.0,2023-05-06 00:00:00,Informática,1262.3,1.0,0.05,False,True,dinheiro,bh,
3791,479.0,2022-04-07 00:00:00,Informática,1413.21,1.0,0.0,False,True,,bh,cliente reclamou
2177,698.0,2024-08-19 00:00:00,Alimentos,43.95,3.0,0.0,False,True,cartao,SP,ok
6093,142.0,2023-05-24 00:00:00,Informática,894.0,1.0,0.0,False,True,pix,NIETROI,cliente reclamou
3669,675.0,2024-08-17 00:00:00,Acessórios,106.64,2.0,0.0,False,False,dinheiro,Niterio,Entrega atrasada
6438,528.0,2023-02-30,Acessórios,58.23,3.0,0.0,False,True,dinheiro,POA,telefone inválido
1237,781.0,2024-02-17 00:00:00,Brinquedos,124.85,2.0,0.0,False,True,boleto,poa,cliente reclamou
4943,272.0,2025-07-01 00:00:00,Brinquedos,133.62,2.0,0.0,False,True,Cartão ,salvaodr,ok
230,1312.0,2024-09-20 00:00:00,,1632.72,2.0,0.0,False,True,pix,SÃO PAULO,telefone inválido
1675,1126.0,2023-08-31 00:00:00,Alimentos,68.31,3.0,0.0,False,True,dinheiro,CTBA,cliente reclamou
3566,1329.0,2022-01-26 00:00:00,Escritório,273.16,2.0,0.15,False,True,cartao,Porto Alegre,cliente reclamou
6791,814.0,2025-04-21 00:00:00,Alimentos,78.14,4.0,0.0,False,True,cartao,ASO PAULO CENTRO,
6272,531.0,2024-05-19 00:00:00,Brinquedos,247.67,4.0,0.0,False,True,cartao,BELO HORIZONTE,
1434,151.0,2024-03-26 00:00:00,Brinquedos,449.82,7.0,0.0,False,True,boleto,rio de janeiro,cliente reclamou
3151,216.0,2024-01-02 00:00:00,Eletrônicos,495.63,1.0,0.3,False,True,,Interior,telefone inválido
3143,1317.0,2022-05-29 00:00:00,Informática,1256.48,1.0,0.0,False,True,boleto,RJ,
6370,,2024-08-10 00:00:00,Eletrônicos,1218.01,2.0,0.0,False,True,boleto,rio de janeiro,ok
2295,542.0,2024-11-16 00:00:00,Eletrônicos,981.12,1.0,0.0,False,True,Cartão ,Niteroi,
4346,16.0,2024-09-16 00:00:00,Móveis,7008.73,4.0,0.0,False,True,, CAMPINAS,ok
6667,8.0,2023-07-05 00:00:00,Acessórios,75.53,1.0,0.0,False,True,,Goiania,ok
5008,945.0,2024-11-21 00:00:00,Informática,1362.12,1.0,0.0,True,True,,BH,telefone inválido
4239,591.0,2023-03-16 00:00:00,Acessórios,58.15,1.0,0.0,False,True,pix, P OA ,ok
5415,212.0,2024-01-22 00:00:00,Acessórios,59.16,1.0,0.0,False,True,pix,BELO HORIZONTE ,ok
6024,15.0,2025-04-06 00:00:00,Móveis,1231.37,1.0,0.0,False,True,Cartão ,Recife,
6895,834.0,2024-02-22 00:00:00,Eletrônicos,653.3,1.0,0.0,False,True,dinheiro,RJ,Entrega atrasada
3027,346.0,2022-10-08 00:00:00,Escritório,237.76,1.0,0.0,False,True,cartao,zona sul,ok
607,1080.0,2025-04-02 00:00:00,Móveis,789.35,1.0,0.15,False,True,dinheiro,campinas,cliente reclamou
1094,1104.0,2025-05-20 00:00:00,Eletrônicos,856.75,1.0,0.0,False,True,dinheiro,BH,cliente reclamou
1510,15.0,2025-03-29 00:00:00,Eletrônicos,315.7,1.0,0.0,False,True,Cartão ,  Ntieroi ,
2284,71.0,2025-08-14 00:00:00,Alimentos,47.21,4.0,0.1,False,True,dinheiro,sãopaulo,
3776,1050.0,2024-08-28 00:00:00,Alimentos,64.98,3.0,0.0,False,True,Cartão ,interói,telefone inválido
5940,1178.0,2023-07-17 00:00:00,Informática,1038.12,1.0,0.0,False,True,Cartão ,São Paulo,ok
1810,652.0,2022-11-02 00:00:00,Eletrônicos,744.25,1.0,0.0,False,True,pix,rio,Entrega atrasada
5416,415.0,2022-01-07 00:00:00,Eletrônicos,1338.88,2.0,0.0,False,True,Cartão ,BH,cliente reclamou
5941,604.0,2024-05-18 00:00:00,Eletrônicos,680.39,1.0,0.0,False,True,pix,Curitiba,
68,506.0,2025-04-03 00:00:00,Eletrônicos,994.05,1.0,0.0,False,True,cartao,RIO DE JANEIRO,ok
3385,999.0,2023-02-03 00:00:00,Acessórios,51.33,1.0,0.05,False,True,pix,Sao Paulo Centro,
1640,460.0,2022-01-25 00:00:00,Informática,1576.11,2.0,0.0,False,True,pix,CAMPINAS,telefone inválido
2971,853.0,2022-03-27 00:00:00,Informática,699.9,1.0,0.0,False,True,,BRASÍLIA,telefone inválido
2578,313.0,2022-07-09 00:00:00,Eletrônicos,2451.92,3.0,0.05,False,True,boleto,SP,
484,1432.0,2022-01-14 00:00:00,Informática,1107.37,1.0,0.0,False,True,boleto,recife,Entrega atrasada
1802,1198.0,2023-02-16 00:00:00,Eletrônicos,1347.81,2.0,0.0,False,True,dinheiro,Rio de Janeiro,
5294,546.0,2022-08-21 00:00:00,Escritório,313.09,1.0,0.0,False,True,dinheiro,curitiba,
3981,919.0,2023-12-14 00:00:00,Escritório,539.96,2.0,0.0,False,True,pix,Manaus,
2358,1001.0,2024-08-17 00:00:00,Acessórios,38.76,1.0,0.0,False,True,Cartão , rio  ,telefone inválido
4245,520.0,2029-12-25 00:00:00,Informática,955.57,1.0,0.0,False,True,Cartão ,  VILA VELHA,Entrega atrasada
2759,470.0,2023-12-17 00:00:00,Eletrônicos,3549.28,3.0,0.0,False,True,pix,NITERIOR,
4842,212.0,2022-11-07 00:00:00,Brinquedos,60.37,1.0,0.0,False,True,dinheiro, sao paulo centro,Entrega atrasada
4643,589.0,2025-10-17 00:00:00,Móveis,1056.76,1.0,0.0,False,True,pix,SP,telefone inválido
3016,1044.0,2024-09-21 00:00:00,Eletrônicos,959.47,1.0,0.0,False,True,dinheiro,sp,telefone inválido
6377,510.0,2022-07-21 00:00:00,Escritório,392.09,2.0,0.0,False,True,Cartão ,  rio de janeiro ,
4611,1068.0,2024-09-10 00:00:00,Eletrônicos,795.7,1.0,0.0,False,True,dinheiro,BH,telefone inválido
3393,,2022-07-28 00:00:00,Eletrônicos,640.55,1.0,0.0,False,True,Cartão ,curitiba,
2897,504.0,2025-05-31 00:00:00,Escritório,236.7,1.0,0.0,False,True,cartao,FORTALEZA,ok
2539,394.0,2022-06-27 00:00:00,Brinquedos,195.27,3.0,0.0,False,True,cartao,poa,
4018,396.0,2024-07-10 00:00:00,Eletrônicos,612.69,1.0,0.0,False,True,boleto,sãopaulo,telefone inválido
6486,108.0,2024-07-25 00:00:00,Escritório,313.82,1.0,0.0,False,True,dinheiro,belo horizotne,Entrega atrasada
2821,785.0,2024-06-24 00:00:00,Acessórios,34.85,1.0,0.3,False,True,dinheiro, POROT ALEGRE ,telefone inválido
1247,1394.0,2022-08-14 00:00:00,Escritório,131.06,1.0,0.0,False,True,boleto,rio,ok
370,599.0,2023-05-04 00:00:00,  ELETRÔNICOS ,1618.77,2.0,0.0,False,True,Cartão ,RIO,
6522,558.0,2025-05-31 00:00:00,Acessórios,81.93,2.0,0.0,False,True,cartao,Salvador,ok
4565,1218.0,2023-04-13 00:00:00,Eletrônicos,592.71,1.0,0.0,False,True,cartao,Goiania,ok
3521,619.0,2024-01-03 00:00:00,Móveis,1445.46,1.0,0.0,False,True,cartao,,ok
3216,228.0,2025-09-30 00:00:00,Informática,994.44,1.0,0.0,False,True,,SALVADOR,
6743,256.0,2025-01-28 00:00:00,Brinquedos,276.16,,0.0,False,True,dinheiro,Niterói,
1462,431.0,2025-10-22 00:00:00,Móveis,1381.5,1.0,0.0,False,True,Cartão ,Rio ,Entrega atrasada
4888,1099.0,2024-07-05 00:00:00,,961.19,3.0,0.3,False,True,,Manasu,telefone inválido
4985,631.0,2023-09-24 00:00:00,Escritório,226.96,1.0,0.0,False,True,boleto,Sao Paulo,Entrega atrasada
3071,168.0,2024-07-01 00:00:00,Eletrônicos,1073.85,1.0,0.0,False,True,Cartão , SÃO PAULO,
342,784.0,2022-11-24 00:00:00,Escritório,304.52,1.0,0.0,True,True,,manaus,
1845,825.0,2024-11-03 00:00:00,Alimentos,126.09,5.0,0.0,False,True,dinheiro, fortaelza ,
1852,346.0,2022-01-01 00:00:00,Informática,2409.31,2.0,0.0,False,True,cartao,BH,
3815,958.0,2024-04-04 00:00:00,Escritório,170.08,1.0,0.05,False,True,pix,Campinas,
5252,1139.0,2024-03-26 00:00:00,Informática,960.11,1.0,0.0,False,True,cartao,sao jose dos campos,
6663,908.0,2023-04-08 00:00:00,Escritório,142.74,1.0,0.0,False,True,cartao,RIO DE JANEIRO,
3429,196.0,2025-03-30 00:00:00,Informática,0.0,1.0,0.0,False,True,pix,  belo horizonte,ok
1137,746.0,2022-10-10 00:00:00,Informática,1287.02,1.0,0.0,False,True,cartao,VILA EVLHA,ok
1194,234.0,2023-07-06 00:00:00,Eletrônicos,642.49,1.0,0.0,False,True,Cartão ,fortaleza,telefone inválido
1008,167.0,2025-01-10 00:00:00,Eletrônicos,542.62,1.0,0.0,False,True,cartao,salvador,Entrega atrasada
1856,1173.0,2023-04-03 00:00:00,Escritório,234.5,1.0,0.0,False,True,cartao,POA  ,cliente reclamou
1291,688.0,2025-06-29 00:00:00,Informática,1176.77,1.0,0.0,False,True,pix,POA,ok
4420,758.0,2023-11-28 00:00:00,Informática,1195.43,1.0,0.0,False,True,pix,São Paulo,
2040,923.0,2022-09-28 00:00:00,Alimentos,57.75,3.0,0.0,False,True,dinheiro,RIO,
2665,911.0,2022-05-18 00:00:00,Brinquedos,107.36,2.0,0.0,False,True,pix,Interior,telefone inválido
887,170.0,2023-01-12 00:00:00,Eletrônicos,443.37,1.0,0.0,False,True,dinheiro, SÃO PAULO  ,
3997,1005.0,2023-08-12 00:00:00,Escritório,152.72,1.0,0.1,False,True,cartao,Znoa Sul,cliente reclamou
5724,946.0,2023-08-14 00:00:00,Acessórios,113.22,3.0,0.0,False,True,dinheiro, Interior ,telefone inválido
5534,683.0,2023-04-08 00:00:00,Eletrônicos,1555.23,2.0,0.0,True,True,,FORTALEZA,cliente reclamou
6030,798.0,2022-02-08 00:00:00,Escritório,235.68,1.0,0.0,False,True,cartao,NITEROI,ok
2025,230.0,2025-09-21 00:00:00,Acessórios,86.5,2.0,0.0,False,True,,,telefone inválido
1731,85.0,2024-11-04 00:00:00,Informática,1123.59,1.0,0.0,False,True,cartao,rio,Entrega atrasada
6019,241.0,2022-06-16 00:00:00,Alimentos,18.08,1.0,0.0,False,True,dinheiro,SãoPaulo,ok
2431,372.0,2024-04-16 00:00:00,Brinquedos,203.68,3.0,0.0,False,True,boleto,Rio,Entrega atrasada
3886,915.0,2024-01-15 00:00:00,Brinquedos,50.61,1.0,0.0,False,True,boleto, PORTO ALEGRE,
135,62.0,2023-03-05 00:00:00,Escritório,484.22,2.0,0.0,False,True,Cartão ,SJC,
4170,90.0,2023-04-18 00:00:00,Eletrônicos,906.16,1.0,0.0,False,True,pix,sp,ok
249,1114.0,2024-05-04 00:00:00,Informática,729.5,1.0,0.0,False,True,,niterói,cliente reclamou
1307,78.0,2023-03-29 00:00:00,Eletrônicos,1348.33,2.0,0.15,False,True,cartao,Porto Alegre,ok
6280,545.0,2025-09-29 00:00:00,Acessórios,44.01,1.0,0.0,False,True,pix,São Paulo,telefone inválido
3418,179.0,2023-07-16 00:00:00,Eletrônicos,387.66,1.0,0.1,False,True,,ZONA SUL,Entrega atrasada
8,736.0,2023-07-24 00:00:00,Eletrônicos,635.97,1.0,0.0,False,True,Cartão ,SP,telefone inválido
839,,2022-08-06 00:00:00,Eletrônicos,828.72,1.0,0.0,False,True,Cartão ,nIterior,ok
2331,156.0,2022-01-26 00:00:00,Informática,2966.3,3.0,0.0,False,True,boleto, CTBA,Entrega atrasada
674,,2025-07-01 00:00:00,Móveis,630.96,1.0,0.0,False,True,Cartão ,,POA
1262,879.0,2023-11-08 00:00:00,Móveis,2126.25,1.0,0.0,False,True,,Curitiba,ok
2072,38.0,2023-04-20 00:00:00,Eletrônicos,360.51,1.0,0.0,False,False,cartao,Recife,
3808,1033.0,2025-07-09 00:00:00,Escritório,258.25,1.0,0.0,False,True,boleto,  ASO PAULO  ,telefone inválido
3880,1478.0,2025-08-02 00:00:00,Móveis,1899.65,2.0,0.0,False,True,boleto, rio de janeiro ,
3504,794.0,2022-01-20 00:00:00,,665.26,1.0,0.0,False,True,Cartão ,São Pauol,
1520,1103.0,2024-09-08 00:00:00,Informática,972.17,1.0,0.0,False,True,cartao,Vila Velha  ,cliente reclamou
6335,507.0,2024-09-15 00:00:00,,2061.08,2.0,0.3,False,True,pix,Interior,
5684,,2024-05-29 00:00:00,Escritório,344.78,2.0,0.0,False,True,cartao,Interior,cliente reclamou
5637,144.0,2025-07-02 00:00:00,Informática,1521.03,1.0,0.0,False,True,cartao,sp,cliente reclamou
5809,639.0,2025-09-27 00:00:00,Escritório,167.54,1.0,0.0,False,True,,BH,telefone inválido
3387,1053.0,2022-10-05 00:00:00,Acessórios,35.92,1.0,0.0,False,True,pix,RIO DE JANEIRO,Entrega atrasada
6498,1021.0,2023-08-14 00:00:00,Móveis,2694.75,2.0,0.0,False,True,pix,CAMPINAS,Entrega atrasada
1274,15.0,2022-04-19 00:00:00,Informática,1189.62,1.0,0.0,False,True,Cartão ,niteroi,
1796,1131.0,2024-01-18 00:00:00,Eletrônicos,888.48,1.0,0.0,False,True,,Mnaaus,cliente reclamou
215,808.0,2024-05-17 00:00:00,Acessórios,66.76,1.0,0.0,False,True,cartao,RIO DE JANEIRO,Entrega atrasada
6307,184.0,2024-05-14 00:00:00,Informática,1800.42,2.0,0.0,False,True,pix,Sao Paulo Centro,
27,152.0,2022-02-25 00:00:00,Eletrônicos,2639.75,3.0,0.05,False,True,boleto,Recife,
3736,389.0,2024-12-25 00:00:00,Alimentos,189.2,5.0,0.0,False,True,dinheiro,,cliente reclamou
401,800.0,2023-11-08 00:00:00,Informática,1238.51,1.0,0.0,False,True,cartao,MANAUS  ,telefone inválido
6006,806.0,2029-12-25 00:00:00,Acessórios,50.67,1.0,0.0,False,True,,Goiania,telefone inválido
4005,560.0,2025-07-30 00:00:00,Escritório,227.75,1.0,0.0,False,True,boleto,  BH,
5309,65.0,2025-04-18 00:00:00,Eletrônicos,516.4,1.0,0.0,False,True,pix,Sao Paulo  ,cliente reclamou
2190,997.0,2024-11-16 00:00:00,Informática,2438.71,2.0,0.0,False,True,Cartão ,POA,cliente reclamou
6430,1024.0,2024-05-30 00:00:00,Alimentos,76.05,4.0,0.0,False,True,dinheiro,RIO,
6901,590.0,2023-12-14 00:00:00,Móveis,1594.66,1.0,0.0,False,True,pix,NTIEROI,telefone inválido
5467,956.0,2022-04-10 00:00:00,Informática,928.49,1.0,0.15,False,True,Cartão ,Rio,cliente reclamou
1071,473.0,2025-10-22 00:00:00,Escritório,189.15,1.0,0.1,False,False,boleto,CURITIBA,
2054,619.0,2023-06-17 00:00:00,,39.93,1.0,0.05,False,True,,rio de janeiro,telefone inválido
2405,432.0,2024-01-26 00:00:00,Eletrônicos,738.67,1.0,0.0,False,True,Cartão ,potro alegre,Entrega atrasada
2981,980.0,2024-01-25 00:00:00,Escritório,577.03,4.0,0.0,False,True,pix,VILA VELHA,Entrega atrasada
1045,1383.0,2023-04-08 00:00:00,Acessórios,66.24,2.0,0.0,False,True,,brasilia,
1579,102.0,2023-05-15 00:00:00,Eletrônicos,766.69,1.0,0.0,False,True,pix,porto alegre,
641,620.0,2022-01-01 00:00:00,Escritório,232.84,1.0,0.0,False,True,cartao,BELO HROIZONTE,cliente reclamou
1501,365.0,2025-06-13 00:00:00,,608.72,1.0,0.0,False,True,cartao,SÃO PAULO,
5311,917.0,2025-07-17 00:00:00,Móveis,1213.48,1.0,0.0,False,True,Cartão ,POA,cliente reclamou
6026,1403.0,2023-02-02 00:00:00,Escritório,253.86,1.0,0.0,False,False,pix,Manaus,telefone inválido
3352,232.0,2023-12-06 00:00:00,Eletrônicos,1212.46,1.0,0.15,False,True,Cartão ,Recife,telefone inválido
3514,1222.0,2022-02-03 00:00:00,Escritório,140.56,1.0,0.0,False,True,,saopaulo,telefone inválido
1309,1397.0,2022-01-12 00:00:00,Informática,2615.46,3.0,0.0,False,True,Cartão ,sao paulo ecntro,cliente reclamou
5039,314.0,2023-09-28 00:00:00,Alimentos,113.57,6.0,0.3,False,True,dinheiro,  Sao Jose dos Campos ,Entrega atrasada
6061,710.0,2025-02-03 00:00:00,Escritório,175.91,1.0,0.0,False,True,dinheiro,sp,cliente reclamou
6292,698.0,2025-04-28 00:00:00,Escritório,514.52,2.0,0.0,False,True,,rio de janeiro,telefone inválido
1624,389.0,2022-07-10 00:00:00,Escritório,242.37,1.0,0.0,False,True,cartao,Fortaleza,cliente reclamou
5706,332.0,2025-09-30 00:00:00,Informática,3402.76,5.0,0.0,False,True,pix, SP,
6316,266.0,2024-05-24 00:00:00,Brinquedos,334.18,5.0,0.05,False,True,,rio de janeiro,Entrega atrasada
6021,706.0,2029-12-25 00:00:00,Acessórios,65.73,1.0,0.0,False,True,boleto,,
6773,1168.0,2024-04-26 00:00:00,Escritório,177.61,1.0,0.0,False,False,boleto,campinas  ,telefone inválido
1530,1047.0,2029-12-25 00:00:00,Informática,1164.05,1.0,0.0,False,True,pix, SJC ,ok
873,245.0,2023-07-02 00:00:00,Informática,1262.29,1.0,0.0,False,True,,BH,Entrega atrasada
2989,1011.0,2024-10-31 00:00:00,Eletrônicos,1581.82,2.0,0.05,False,True,pix, Fortaleza,
80,875.0,2022-12-05 00:00:00,Escritório,1052.08,4.0,0.0,False,True,dinheiro,Belo Horizonte,ok
1984,1095.0,2022-05-26 00:00:00,Acessórios,108.9,2.0,0.0,False,True,boleto,,cliente reclamou
1946,1108.0,2024-08-01 00:00:00,Eletrônicos,741.49,1.0,0.0,False,True,pix,fortaleza,cliente reclamou
6234,692.0,2022-10-19 00:00:00,Escritório,-142.43,1.0,0.0,False,True,,RIO,ok
6474,545.0,2024-09-26 00:00:00,Acessórios,64.34,2.0,0.15,False,True,cartao,Belo Horizonte,
1625,1197.0,2024-12-30 00:00:00,Eletrônicos,1516.86,2.0,0.15,False,True,boleto,Niterio,telefone inválido
4610,449.0,2024-01-22 00:00:00,Informática,2091.5,2.0,0.0,False,True,Cartão ,SJC,
4605,9.0,2022-09-30 00:00:00,Alimentos,58.23,3.0,0.0,False,True,dinheiro,BH  ,cliente reclamou
6554,915.0,2025-01-11 00:00:00,Eletrônicos,448.66,1.0,0.05,False,True,boleto,rj,Entrega atrasada
6362,539.0,2025-06-07 00:00:00,Móveis,3095.16,3.0,0.0,False,True,boleto,são paulo,
2742,673.0,2022-04-19 00:00:00,Alimentos,36.21,2.0,0.0,False,True,boleto,Sao Paulo Centro,
1184,1351.0,2022-02-21 00:00:00,Acessórios,42.27,1.0,0.0,False,True,cartao,  bh,
4560,838.0,2024-04-27 00:00:00,Escritório,447.92,4.0,0.0,False,True,Cartão ,  Sao Paulo  ,Entrega atrasada
6464,854.0,2023-09-22 00:00:00,Escritório,230.23,1.0,0.0,False,True,Cartão ,Porto Alegre,Entrega atrasada
6673,970.0,2023-07-19 00:00:00,Brinquedos,330.32,4.0,0.0,False,True,cartao,POA,ok
1707,55.0,2022-02-15 00:00:00,Eletrônicos,641.57,1.0,0.1,False,True,pix,BH,
1112,347.0,2023-10-11 00:00:00,Escritório,107.58,1.0,0.3,False,True,cartao,SAO PAULO CENTRO,telefone inválido
4219,1102.0,2023-02-04 00:00:00,,1638.25,3.0,0.0,False,True,Cartão ,RJ,
5574,1217.0,2024-06-17 00:00:00,Acessórios,95.84,2.0,0.0,False,True,cartao,Rio,ok
3833,1098.0,2024-04-17 00:00:00,Móveis,0.0,1.0,0.0,False,True,boleto,SÃO PAULO,Entrega atrasada
3722,359.0,2023-05-22 00:00:00,Móveis,1223.69,1.0,0.0,False,True,cartao,Goianai,
568,321.0,2023-06-26 00:00:00,Móveis,1405.98,1.0,0.0,False,True,dinheiro,  Vila Velha ,ok
5519,449.0,2022-12-03 00:00:00,Escritório,0.0,3.0,0.0,False,True,Cartão ,bh,Entrega atrasada
5226,322.0,2024-01-12 00:00:00,Acessórios,69.71,1.0,0.0,False,True,cartao,Manaus,
1620,15.0,2024-09-23 00:00:00,Eletrônicos,1734.97,3.0,0.0,False,True,Cartão ,sp,Entrega atrasada
2030,81.0,2029-12-25 00:00:00,Eletrônicos,0.0,3.0,0.1,False,True,dinheiro,  Campinas,cliente reclamou
3752,468.0,2023-08-17 00:00:00,Eletrônicos,468.73,1.0,0.0,False,True,boleto,sao paulo,ok
441,851.0,2024-04-08 00:00:00,Escritório,182.34,1.0,0.0,False,True,pix,Brasília,telefone inválido
4574,254.0,2022-12-29 00:00:00,Acessórios,70.53,2.0,0.0,False,True,boleto,CAMPIANS,cliente reclamou
4939,836.0,2023-02-02 00:00:00,Escritório,378.39,2.0,0.0,True,True,Cartão ,SãoPaulo,
3923,598.0,2022-12-12 00:00:00,Alimentos,71.46,3.0,0.0,False,True,dinheiro,niterói,ok
2733,,2023-07-19 00:00:00,Eletrônicos,727.63,1.0,0.0,False,True,,Sao Paulo,Entrega atrasada
735,1334.0,2023-02-05 00:00:00,Eletrônicos,891.71,2.0,0.0,False,False,cartao,rio de janeiro,ok
352,935.0,2025-05-23 00:00:00,Eletrônicos,807.65,1.0,0.05,False,True,pix,POA,Entrega atrasada
2426,497.0,2022-10-07 00:00:00,Acessórios,91.72,2.0,0.0,False,True,cartao,Sao Paulo Centro,
5351,739.0,2024-09-21 00:00:00,Móveis,658.41,1.0,0.3,False,True,Cartão ,rio de janeiro,Entrega atrasada
4699,472.0,2024-09-30 00:00:00,Eletrônicos,-648.7,1.0,0.0,False,True,cartao,NITERÓI  ,cliente reclamou
6831,519.0,2023-11-05 00:00:00,Informática,1009.88,1.0,0.0,False,True,cartao,  sp,
2309,,2022-04-13 00:00:00,Escritório,291.98,2.0,0.0,False,True,pix, Salvador ,cliente reclamou
6103,889.0,2025-08-12 00:00:00,Eletrônicos,712.14,1.0,0.0,False,True,Cartão ,BH,cliente reclamou
4926,1075.0,2025-10-23 00:00:00,Escritório,190.24,,0.0,False,True,pix,são paulo,
5371,1174.0,2022-09-11 00:00:00,Escritório,857.23,3.0,0.0,False,True,,BH,cliente reclamou
5146,1166.0,2022-04-14 00:00:00,Informática,3431.93,6.0,0.0,False,True,pix,interior ,
2161,676.0,2024-08-05 00:00:00,Móveis,1202.16,1.0,0.0,False,True,cartao,SÃOPAULO ,Entrega atrasada
59,,2022-06-11 00:00:00,Eletrônicos,2442.34,4.0,0.0,False,True,, CAMPINAS,Entrega atrasada
4137,1338.0,2023-03-17 00:00:00,Eletrônicos,992.7,1.0,0.0,False,True,pix,  Zona Sul  ,cliente reclamou
4902,5.0,2025-08-03 00:00:00,Eletrônicos,935.03,2.0,0.0,False,True,boleto,RIO DE JANEIRO,
5373,,2029-12-25 00:00:00,Escritório,532.15,3.0,0.0,False,True,cartao,sp,Entrega atrasada
6336,279.0,2023-05-24 00:00:00,Eletrônicos,-1433.5,2.0,0.05,False,True,, porto alegre,
2754,,2023-10-25 00:00:00,Eletrônicos,760.98,1.0,0.0,False,True,,bh,
6892,912.0,2023-08-26 00:00:00,Alimentos,40.11,2.0,0.0,False,True,dinheiro,vila velha,cliente reclamou
6577,611.0,2022-03-08 00:00:00,Alimentos,33.03,2.0,0.0,False,True,boleto,Manaus,telefone inválido
5983,635.0,2025-07-09 00:00:00,Informática,1056.48,1.0,0.0,False,True,Cartão ,SAO PAULO,cliente reclamou
5071,1235.0,2024-06-26 00:00:00,Eletrônicos,589.8,1.0,0.0,False,False,,Recief ,Entrega atrasada
525,517.0,2029-12-25 00:00:00,Informática,2014.64,2.0,0.0,False,True,cartao,PORTO ALEGRE,
3047,222.0,2022-02-08 00:00:00,Alimentos,59.42,3.0,0.0,False,True,Cartão ,Belo Horizonte,telefone inválido
3082,,2024-06-30 00:00:00,Brinquedos,378.0,6.0,0.0,False,True,cartao,recif e ,cliente reclamou
1212,754.0,2022-02-07 00:00:00,Alimentos,74.67,3.0,0.0,False,True,dinheiro,inetrior,ok
4374,1493.0,2024-07-26 00:00:00,Informática,1192.17,1.0,0.0,False,True,boleto,NITEROI,
4912,340.0,2025-10-09 00:00:00,Escritório,246.59,1.0,0.0,False,True,cartao, SP ,Entrega atrasada
4966,1276.0,2022-09-15 00:00:00,Alimentos,127.08,5.0,0.0,False,True,pix, CTBA,telefone inválido
1177,1295.0,2023-04-02 00:00:00,Informática,1573.79,1.0,0.0,False,True,, sp,ok
5100,434.0,2022-04-10 00:00:00,Eletrônicos,616.28,1.0,0.0,False,True,pix,Rio de Janeiro,
1103,646.0,2025-03-09 00:00:00,Alimentos,0.0,1.0,0.3,False,True,, Salvador ,Entrega atrasada
6288,1018.0,2022-01-08 00:00:00,Escritório,377.96,2.0,0.15,False,True,dinheiro,bh ,Entrega atrasada
633,697.0,2022-05-10 00:00:00,Escritório,173.33,1.0,0.0,False,True,cartao,Vila Velha,Entrega atrasada
3505,253.0,2024-03-26 00:00:00,Eletrônicos,1851.74,3.0,0.0,False,True,Cartão ,NITEROI,cliente reclamou
3732,209.0,2022-11-10 00:00:00,Eletrônicos,0.0,1.0,0.0,False,True,boleto,FORTALEZA,Entrega atrasada
6341,1372.0,2022-08-13 00:00:00,Escritório,160.84,1.0,0.0,False,True,,MANAUS,
1481,331.0,2022-08-16 00:00:00,Escritório,159.41,1.0,0.1,False,True,cartao,sao jose dos campos,Entrega atrasada
4736,416.0,2023-08-21 00:00:00,Escritório,176.37,1.0,0.0,False,True,cartao,CTBA,ok
3357,826.0,2022-12-25 00:00:00,Acessórios,0.0,1.0,0.0,False,True,pix,vila velha,
6315,589.0,2023-02-23 00:00:00,Móveis,4755.75,3.0,0.0,False,True,,Rio de Janeiro,telefone inválido
3728,1397.0,2024-09-13 00:00:00,Acessórios,132.53,2.0,0.0,False,True,dinheiro, Niterói  ,telefone inválido
4880,,2024-08-17 00:00:00,Acessórios,21.93,1.0,0.3,False,True,,SP,
4778,1125.0,2022-09-02 00:00:00,Informática,2268.12,2.0,0.0,False,True,boleto,Curitiba,ok
6302,550.0,2022-04-10 00:00:00,Eletrônicos,639.0,1.0,0.0,False,True,,SALVADOR,Entrega atrasada
3977,,2025-04-20 00:00:00,Acessórios,51.09,1.0,0.0,False,True,Cartão ,NITERÓI,
5448,147.0,2022-05-27 00:00:00,Brinquedos,61.09,1.0,0.0,False,True,dinheiro,  BELO HORIZONTE  ,telefone inválido
5011,619.0,2025-08-19 00:00:00,Eletrônicos,1828.79,3.0,0.0,False,True,cartao,  Campinas  ,cliente reclamou
3601,56.0,2022-07-04 00:00:00,Eletrônicos,498.1,1.0,0.0,False,True,,CTBA,ok
4314,508.0,2022-01-14 00:00:00,Escritório,182.68,1.0,0.0,False,True,cartao,Salvador,cliente reclamou
611,651.0,2024-04-30 00:00:00,Eletrônicos,837.4,1.0,0.0,False,True,Cartão ,SAO PAULO CENTRO,
764,380.0,2024-12-30 00:00:00,Eletrônicos,796.0,1.0,0.0,False,True,dinheiro,  CTBA,ok
1538,642.0,2022-04-23 00:00:00,Acessórios,25.69,1.0,0.0,False,True,cartao,Vila Velha  ,
2964,588.0,2023-04-06 00:00:00,Eletrônicos,573.47,1.0,0.05,False,True,pix,SP,ok
4210,536.0,2023-07-11 00:00:00,Escritório,229.71,1.0,0.0,False,True,Cartão ,Recife,telefone inválido
3493,619.0,2024-08-23 00:00:00,Móveis,0.0,1.0,0.0,False,True,pix,SP,cliente reclamou
78,1163.0,2024-03-18 00:00:00,Eletrônicos,636.53,1.0,0.3,False,True,,Curitiba,
2741,162.0,2025-09-18 00:00:00,Eletrônicos,681.33,2.0,0.0,False,True,, sp  ,Entrega atrasada
3492,495.0,2025-03-13 00:00:00,Informática,762.86,1.0,0.05,False,True,,SAO PAULO CENTRO,
2893,822.0,2025-02-09 00:00:00,Escritório,22256.73,1.0,0.0,False,True,boleto,Sao Paulo Centro,ok
3653,309.0,2022-01-06 00:00:00,Alimentos,85.37,4.0,0.0,False,True,Cartão ,SÃOPAULO,cliente reclamou
6205,317.0,2025-04-07 00:00:00,Escritório,144.99,2.0,0.15,False,True,Cartão ,Goiania,
30,683.0,2025-08-13 00:00:00,Escritório,177.77,1.0,0.0,False,True,cartao,Niterói,Entrega atrasada
2109,115.0,2024-01-03 00:00:00,Brinquedos,281.3,4.0,0.0,False,True,,POA,telefone inválido
6473,336.0,2023-05-21 00:00:00,Eletrônicos,-633.35,1.0,0.0,False,True,Cartão ,Interior ,Entrega atrasada
6445,1457.0,2025-10-23 00:00:00,Eletrônicos,687.4,1.0,0.3,False,True,,,ok
5973,391.0,2024-08-16 00:00:00,Escritório,194.23,1.0,0.15,False,True,cartao,rio de janeiro,
2975,3.0,2025-06-08 00:00:00,Brinquedos,118.53,2.0,0.0,False,True,pix,São Paulo,
5077,354.0,2024-11-17 00:00:00,Eletrônicos,681.65,1.0,0.0,False,True,,SAO PAULO CENTRO,
1861,654.0,2023-08-18 00:00:00,Móveis,2494.76,2.0,0.0,False,True,,Manaus,
3463,1257.0,2023-10-12 00:00:00,Acessórios,59.76,1.0,0.0,False,True,,INTERIOR,cliente reclamou
3507,529.0,2022-10-07 00:00:00,Acessórios,32.79,1.0,0.0,False,True,dinheiro,Sao Paulo Centro,
5869,651.0,2022-06-09 00:00:00,Acessórios,0.0,1.0,0.0,False,True,pix,Salvador,ok
4570,1021.0,2025-08-17 00:00:00,Acessórios,33.83,1.0,0.0,False,True,cartao,RIO,
5610,1142.0,2023-11-09 00:00:00,Acessórios,54.3,1.0,0.0,False,True,dinheiro, NITEROI ,Entrega atrasada
3038,1167.0,2023-03-29 00:00:00,Informática,1404.6,1.0,0.0,False,True,pix, são paulo ,telefone inválido
6007,141.0,2022-01-28 00:00:00,Informática,1124.34,1.0,0.0,False,True,cartao,MANAUS,
4102,291.0,2023-06-28 00:00:00,Acessórios,69.22,2.0,0.3,False,True,dinheiro,FORTALEZA,
942,180.0,2022-10-02 00:00:00,Acessórios,39.53,1.0,0.05,False,False,Cartão ,sp,telefone inválido
1379,197.0,2024-08-02 00:00:00,Móveis,1253.76,1.0,0.15,False,True,cartao,fortaleza,telefone inválido
226,457.0,2023-04-28 00:00:00,Eletrônicos,1302.1,,0.0,False,True,,RECIFE,telefone inválido
1359,952.0,2024-11-13 00:00:00,Escritório,235.33,1.0,0.05,False,True,Cartão ,  são paulo,ok
6372,1420.0,2024-02-13 00:00:00,Alimentos,18.22,1.0,0.0,False,False,dinheiro,Sao Jose dos Campos,Entrega atrasada
4256,675.0,2022-04-14 00:00:00,Escritório,394.45,2.0,0.1,False,True,cartao,RJ  ,telefone inválido
5626,199.0,2025-04-20 00:00:00,Móveis,820.29,1.0,0.0,False,True,pix,Manaus,cliente reclamou
3266,1069.0,2023-08-30 00:00:00,Escritório,262.06,1.0,0.0,False,True,boleto,,
5163,285.0,2022-06-19 00:00:00,Brinquedos,155.83,2.0,0.0,False,True,dinheiro,SãoPaulo,cliente reclamou
2273,261.0,2029-12-25 00:00:00,Eletrônicos,466.87,1.0,0.0,False,True,Cartão , RJ ,
4608,18.0,2022-08-27 00:00:00,Informática,2277.79,2.0,0.0,False,True,pix,Sao Jose dos Campos,
3033,,2023-02-26 00:00:00,Informática,865.58,1.0,0.0,False,True,dinheiro,BH,cliente reclamou
1911,1131.0,2022-05-19 00:00:00,Eletrônicos,762.45,1.0,0.0,False,True,cartao,  rio de janeiro ,telefone inválido
4809,1042.0,2025-01-09 00:00:00,Escritório,0.0,1.0,0.0,False,True,pix,RECIFE,telefone inválido
5041,852.0,2022-11-15 00:00:00,Escritório,740.41,3.0,0.0,False,True,boleto,  Sao Paulo Centro,cliente reclamou
2604,782.0,2024-02-16 00:00:00,Alimentos,85.2,4.0,0.15,False,True,,VILA VELHA,
1945,1450.0,2023-10-03 00:00:00,Eletrônicos,682.04,1.0,0.15,False,True,dinheiro,SP,telefone inválido
462,674.0,2024-06-11 00:00:00,Informática,0.0,2.0,0.0,False,True,dinheiro,BH,
2953,1209.0,2022-09-27 00:00:00,Informática,1696.65,2.0,0.0,False,True,,Niteroi,
4359,243.0,2023-01-18 00:00:00,,54.99,1.0,0.0,False,True,,  Goinaia ,
2440,335.0,2025-05-01 00:00:00,Móveis,843.79,1.0,0.0,False,True,Cartão ,amnaus,
3005,899.0,2024-08-21 00:00:00,Acessórios,33.28,1.0,0.0,False,False,Cartão ,Mnaaus ,telefone inválido
299,539.0,2023-07-23 00:00:00,Escritório,164.85,1.0,0.0,False,True,dinheiro,bh,Entrega atrasada
1084,,2024-11-20 00:00:00,Brinquedos,198.25,3.0,0.0,False,True,Cartão ,Manaus,
4349,529.0,2023-04-13 00:00:00,Eletrônicos,651.12,1.0,0.0,False,True,pix, vila velha,telefone inválido
2906,1055.0,2025-04-21 00:00:00,Informática,562.29,1.0,0.0,False,True,boleto,Niterói,telefone inválido
6976,675.0,2022-04-30 00:00:00,Escritório,153.89,1.0,0.0,False,True,pix,MANAUS,cliente reclamou
5895,729.0,2022-05-04 00:00:00,Móveis,1132.27,1.0,0.0,False,True,pix,SJC,
6101,1297.0,2023-09-29 00:00:00,Acessórios,46.04,1.0,0.0,False,True,pix,CTBA,telefone inválido
622,68.0,2029-12-25 00:00:00,Móveis,1686.73,1.0,0.0,False,True,dinheiro,manaus,Entrega atrasada
3301,57.0,2023-04-22 00:00:00,Eletrônicos,963.77,1.0,0.0,False,True,boleto,N iteroi,
2377,519.0,2023-12-28 00:00:00,Escritório,181.3,1.0,0.0,False,True,pix,rio de janeiro,telefone inválido
5088,860.0,2023-04-06 00:00:00,Acessórios,30.04,1.0,0.15,True,True,,  interior  ,cliente reclamou
2868,684.0,2022-03-06 00:00:00,Eletrônicos,643.92,1.0,0.0,False,True,cartao,  porto alegre ,cliente reclamou
6256,1310.0,2023-09-16 00:00:00,Informática,2355.36,3.0,0.0,False,True,boleto,SAO PAULO,ok
5693,863.0,2025-07-22 00:00:00,Escritório,215.44,,0.0,False,True,,RIO DE JANEIRO,
4277,667.0,2025-06-24 00:00:00,Eletrônicos,-791.43,1.0,0.0,False,True,boleto,SP,ok
714,672.0,2023-06-11 00:00:00,Escritório,223.98,1.0,0.0,False,True,cartao,  NITEROI  ,telefone inválido
3156,441.0,2023-07-09 00:00:00,Alimentos,40.53,2.0,0.0,False,True,dinheiro,CTBA,telefone inválido
6092,1036.0,2023-03-30 00:00:00,Escritório,375.38,2.0,0.0,False,True,Cartão ,são paulo,telefone inválido
3104,1148.0,2024-06-15 00:00:00,Escritório,115.5,1.0,0.0,False,True,Cartão ,CTBA ,
5845,396.0,2022-08-31 00:00:00,Escritório,218.17,1.0,0.0,False,True,,goainia,
1566,83.0,2024-04-11 00:00:00,Eletrônicos,0.0,2.0,0.05,False,True,boleto,rj,cliente reclamou
1178,1178.0,2024-05-09 00:00:00,Eletrônicos,572.17,1.0,0.0,False,True,Cartão ,  Sao Jose dos Campos ,Entrega atrasada
6977,257.0,2022-01-07 00:00:00,Móveis,2328.43,2.0,0.0,False,True,dinheiro, Sao Jose dos Campos ,
5054,849.0,2022-04-30 00:00:00,Escritório,99.9,1.0,0.05,False,True,Cartão ,Salvador,
1322,896.0,2024-01-01 00:00:00,Acessórios,43.46,1.0,0.3,False,True,pix,Fortaleza,telefone inválido
691,1106.0,2025-04-19 00:00:00,Brinquedos,396.35,6.0,0.1,False,True,dinheiro, salvador  ,
6921,1291.0,2025-09-20 00:00:00,Eletrônicos,1507.41,2.0,0.0,False,True,dinheiro,rio de janeiro,telefone inválido
3896,300.0,2024-10-05 00:00:00,Alimentos,47.92,2.0,0.0,False,True,, Rio de Janeiro ,
5705,99.0,2025-05-22 00:00:00,Escritório,213.5,1.0,0.0,False,True,boleto, Zona Sul,
2763,926.0,2023-06-02 00:00:00,Informática,1138.66,1.0,0.0,False,True,boleto,SAO PAULO,cliente reclamou
4441,240.0,2023-07-22 00:00:00,Informática,565.97,1.0,0.15,False,True,pix,Fortaleza,cliente reclamou
3227,772.0,2023-01-26 00:00:00,Escritório,306.78,2.0,0.0,False,True,,Porto Alegre,
5325,493.0,2024-03-24 00:00:00,Eletrônicos,476.83,1.0,0.0,False,True,dinheiro,SAO JOSE DOS CAMPOS,Entrega atrasada
3453,188.0,2024-08-18 00:00:00,Eletrônicos,638.67,1.0,0.0,False,True,boleto,,
1595,140.0,2023-10-01 00:00:00,Informática,1217.1,1.0,0.0,False,True,boleto,SP,cliente reclamou
5230,1142.0,2024-09-27 00:00:00,Eletrônicos,874.7,1.0,0.05,False,True,dinheiro,SãoPaulo,ok
162,808.0,2022-11-08 00:00:00,Acessórios,38.18,1.0,0.0,False,True,Cartão ,SãoPaulo,
1865,665.0,2022-07-20 00:00:00,Acessórios,36.38,1.0,0.0,False,True,Cartão ,porto alegre,ok
6133,482.0,2022-03-16 00:00:00,Escritório,335.88,1.0,0.0,False,True,,SJC  ,cliente reclamou
2155,861.0,2022-09-26 00:00:00,Escritório,840.86,3.0,0.0,False,False,boleto,  BELO HORIZONTE  ,cliente reclamou
3746,1194.0,2023-03-28 00:00:00,Escritório,110.56,1.0,0.1,False,True,boleto,SP,Entrega atrasada
6721,1189.0,2023-11-16 00:00:00,Escritório,486.63,2.0,0.0,False,True,dinheiro,FORTALEZA,cliente reclamou
270,17.0,2024-08-31 00:00:00,Eletrônicos,754.75,1.0,0.0,False,True,cartao,CAMPINSA,Entrega atrasada
3821,3.0,2023-03-16 00:00:00,Móveis,1123.44,1.0,0.0,False,True,boleto,Campinas,Entrega atrasada
5065,556.0,2025-04-18 00:00:00,Alimentos,32.5,3.0,0.0,False,True,cartao,aMnaus,
300,668.0,2024-05-09 00:00:00,Brinquedos,110.63,2.0,0.1,False,True,,S ÃO PAULO  ,Entrega atrasada
4972,843.0,2024-08-22 00:00:00,Acessórios,43.5,1.0,0.0,False,True,dinheiro,Belo Horizonte ,cliente reclamou
4155,1209.0,2024-04-25 00:00:00,Acessórios,31.27,1.0,0.0,False,True,, Belo Horizonte  ,Entrega atrasada
2758,1302.0,2022-05-31 00:00:00,,121.24,1.0,0.0,False,True,pix,Sao Paulo Centro  ,cliente reclamou
3616,652.0,2024-02-04 00:00:00,Móveis,2994.21,2.0,0.0,False,True,,rio de janeior,ok
6184,524.0,2022-05-17 00:00:00,Informática,1105.3,1.0,0.0,False,True,pix,Interior,
1357,858.0,2022-01-24 00:00:00,Eletrônicos,414.04,1.0,0.0,False,True,boleto,bh,telefone inválido
6654,137.0,2024-12-30 00:00:00,Eletrônicos,758.59,1.0,0.0,False,True,boleto,SãoPaulo,ok
464,932.0,2025-10-15 00:00:00,Eletrônicos,3841.3,4.0,0.0,False,True,,Rio,Entrega atrasada
6065,1059.0,2022-06-29 00:00:00,Eletrônicos,1084.58,2.0,0.0,False,True,pix,PORTO ALEGRE,
3486,268.0,2023-08-23 00:00:00,Eletrônicos,1430.02,3.0,0.0,False,True,boleto,BH,cliente reclamou
512,807.0,2025-08-20 00:00:00,Móveis,724.41,1.0,0.0,False,True,,RIO DE JANEIRO,
683,625.0,2024-05-11 00:00:00,Acessórios,47.29,1.0,0.0,False,True,,sao jose dos campos,
4474,607.0,2024-01-28 00:00:00,Informática,2036.99,2.0,0.0,False,True,boleto,Sao Paulo,Entrega atrasada
1060,446.0,2024-10-09 00:00:00,Acessórios,0.0,1.0,0.0,False,True,, SAO PAULO ,Entrega atrasada
4298,180.0,2025-08-25 00:00:00,Escritório,439.74,3.0,0.0,False,True,pix,BH,ok
3692,885.0,2025-08-22 00:00:00,Informática,3151.41,3.0,0.3,False,True,boleto,brasília,cliente reclamou
4807,848.0,2025-04-23 00:00:00,Informática,509.79,1.0,0.0,False,True,pix,GOIANIA,ok
4535,1450.0,2023-08-05 00:00:00,Alimentos,99.52,5.0,0.05,False,True,,SãoPaulo,cliente reclamou
4486,513.0,2023-09-19 00:00:00,Acessórios,65.35,1.0,0.1,False,True,boleto,SP,cliente reclamou
5690,1138.0,2022-04-12 00:00:00,Móveis,607.29,1.0,0.15,False,True,boleto,zona sul,cliente reclamou
1658,480.0,2024-10-08 00:00:00,Alimentos,107.87,4.0,0.0,False,True,dinheiro,Niterói,
4092,1348.0,2023-07-08 00:00:00,Escritório,270.86,2.0,0.0,False,True,,RI ODE JANEIRO,ok
6162,476.0,2023-12-08 00:00:00,Eletrônicos,969.76,1.0,0.0,False,True,,POA,
5559,1150.0,2024-04-22 00:00:00,Eletrônicos,818.62,1.0,0.0,False,True,, SÃO PAULO ,ok
66,506.0,2023-01-13 00:00:00,Eletrônicos,611.08,,0.0,False,True,pix,bh,telefone inválido
2416,1274.0,2024-06-29 00:00:00,Alimentos,16.89,1.0,0.0,False,True,cartao,SP,telefone inválido
2287,343.0,2022-05-26 00:00:00,Brinquedos,238.72,4.0,0.0,False,True,pix,salvador,ok
5419,83.0,2022-03-22 00:00:00,Informática,778.06,1.0,0.0,False,True,cartao,Goiania,
549,449.0,2023-01-27 00:00:00,Móveis,2014.28,2.0,0.0,False,True,cartao,VILA VELHA,
6156,264.0,2022-01-04 00:00:00,Informática,803.11,1.0,0.0,False,True,Cartão ,ZONA SUL,
6472,276.0,2022-10-16 00:00:00,Escritório,158.6,1.0,0.0,False,True,dinheiro,sp,Entrega atrasada
6008,123.0,2025-08-17 00:00:00,Informática,926.83,1.0,0.0,False,True,pix,  Niteroi  ,ok
5911,439.0,2023-08-01 00:00:00,Informática,1362.65,1.0,0.0,False,True,dinheiro,BELO HORZIONTE,telefone inválido
3401,617.0,2023-09-23 00:00:00,Brinquedos,278.51,4.0,0.0,False,True,, Curitiab,Entrega atrasada
6444,670.0,2023-12-23 00:00:00,Brinquedos,539.93,,0.0,False,True,boleto,curitiba,
6767,716.0,2023-07-31 00:00:00,Eletrônicos,676.6,1.0,0.0,False,False,,rio de janeiro,cliente reclamou
4789,559.0,2035-01-01 00:00:00,Informática,1793.71,2.0,0.0,False,True,,Salvador,telefone inválido
3491,204.0,2024-02-26 00:00:00,Eletrônicos,315.33,1.0,0.0,False,False,boleto,são paulo,cliente reclamou
4839,79.0,2023-12-24 00:00:00,Informática,1857.87,2.0,0.0,False,True,,SAO JOSE DOS CAMPOS,Entrega atrasada
6296,465.0,2023-11-16 00:00:00,,3530.32,3.0,0.0,False,True,,  Niterói ,telefone inválido
4383,969.0,2025-06-21 00:00:00,Eletrônicos,1423.6,3.0,0.0,False,True,pix,BRSAÍLIA,cliente reclamou
3737,908.0,2022-11-10 00:00:00,Móveis,1792.86,1.0,0.0,False,True,boleto,INTEROI,
3823,1185.0,2024-07-16 00:00:00,Brinquedos,197.87,,0.0,False,True,dinheiro,  Fortaleza,telefone inválido
436,1443.0,2024-12-03 00:00:00,Eletrônicos,885.73,1.0,0.0,False,True,pix, ps  ,cliente reclamou
2028,247.0,2023-06-28 00:00:00,Informática,989.41,1.0,0.0,False,True,dinheiro, MANAUS,
4491,1431.0,2023-08-28 00:00:00,Brinquedos,61.73,2.0,0.0,False,True,pix,MANAUS,
2442,364.0,2024-04-10 00:00:00,Informática,1139.73,0.0,1.0,False,True,dinheiro,POA,
294,1008.0,2024-09-12 00:00:00,Eletrônicos,2568.72,3.0,0.0,False,True,dinheiro,Rio de Janeiro ,cliente reclamou
5189,360.0,2025-06-29 00:00:00,Eletrônicos,690.97,1.0,0.0,False,True,dinheiro,interior,
6541,937.0,2022-09-19 00:00:00,Acessórios,28.25,1.0,0.0,False,True,,  bh  ,telefone inválido
1470,104.0,2023-12-08 00:00:00,Eletrônicos,1146.51,1.0,0.0,False,True,pix,SJC,ok
289,104.0,2022-08-07 00:00:00,Brinquedos,81.35,2.0,0.0,False,True,,  fortaleza,
2898,969.0,2022-10-13 00:00:00,Eletrônicos,1596.4,3.0,0.0,False,True,,rio de janeiro,
2548,1047.0,2022-02-11 00:00:00,,1648.12,,0.0,False,True,, ,Entrega atrasada
1822,107.0,2022-05-17 00:00:00,Informática,558.05,1.0,0.15,False,False,Cartão ,Sao Jose dos Cmapos,cliente reclamou
1992,318.0,2022-07-05 00:00:00,Escritório,217.19,1.0,0.0,False,True,,VILA VLEHA,telefone inválido
238,909.0,2022-10-15 00:00:00,Informática,850.15,1.0,0.0,False,True,dinheiro,BH,cliente reclamou
7000,341.0,2022-09-26 00:00:00,Acessórios,60.95,2.0,0.0,False,True,boleto, BELO HORIZONTE,ok
4071,698.0,2022-08-27 00:00:00,Escritório,186.75,1.0,0.0,False,True,pix,RIO DE JANEIRO  ,Entrega atrasada
5004,211.0,2024-02-17 00:00:00,Alimentos,54.98,2.0,0.0,False,True,cartao,Sao Paulo Centro,
5848,189.0,2023-01-19 00:00:00,Brinquedos,351.58,4.0,0.0,False,True,boleto,  Vila Velha ,
2051,857.0,2024-07-19 00:00:00,Eletrônicos,413.83,1.0,0.0,False,True,cartao,NITEROI,cliente reclamou
1215,76.0,2024-08-11 00:00:00,Informática,2771.97,3.0,0.0,False,True,,rio de janeiro,cliente reclamou
4279,115.0,2022-08-14 00:00:00,Informática,696.89,1.0,0.0,False,True,,SJC,cliente reclamou
6843,597.0,2024-11-13 00:00:00,Eletrônicos,834.52,1.0,0.0,False,True,pix,Potro Alegre,cliente reclamou
6681,950.0,2025-04-04 00:00:00,Escritório,382.78,2.0,0.0,False,True,,SP,telefone inválido
5566,1468.0,2024-06-30 00:00:00,Acessórios,94.1,3.0,0.0,False,True,Cartão ,Fortaleza,
6877,182.0,2023-01-14 00:00:00,,221.92,4.0,0.0,False,True,dinheiro,são paulo,ok
5353,135.0,2022-06-21 00:00:00,Eletrônicos,656.4,1.0,0.0,False,True,pix,niteroi,ok
4599,1.0,2024-04-10 00:00:00,Escritório,815.96,3.0,0.0,False,True,pix,Rio de Janeiro,Entrega atrasada
3588,205.0,2023-08-20 00:00:00,Eletrônicos,317.28,1.0,0.0,False,True,dinheiro,Porto Alegre,cliente reclamou
347,221.0,2024-12-29 00:00:00,Brinquedos,58.17,1.0,0.0,False,True,cartao,CURITIBA,
6111,197.0,2025-03-16 00:00:00,Eletrônicos,646.04,1.0,0.0,False,True,,Salvador,
193,989.0,2025-04-17 00:00:00,Acessórios,39.54,1.0,0.0,False,True,boleto,BH,Entrega atrasada
1403,1465.0,2024-12-04 00:00:00,Acessórios,156.09,2.0,0.0,False,True,dinheiro,Porto Alegre,ok
1121,125.0,2023-12-09 00:00:00,Eletrônicos,2294.9,3.0,0.0,False,True,dinheiro,RIO DE JANEIRO,ok
4465,259.0,2022-06-02 00:00:00,Escritório,539.88,2.0,0.0,False,True,cartao,Fortaleza,cliente reclamou
1016,166.0,2023-06-22 00:00:00,Eletrônicos,565.06,1.0,0.0,False,True,cartao,Vila Velha,Entrega atrasada
314,585.0,2023-02-07 00:00:00,Acessórios,79.72,2.0,0.0,False,True,dinheiro,POA,
103,1082.0,2024-10-12 00:00:00,Informática,952.83,1.0,0.0,False,True,pix,SP,ok
3160,301.0,2023-03-30 00:00:00,Móveis,850.85,1.0,0.0,False,False,dinheiro,POA,telefone inválido
4801,159.0,2023-05-18 00:00:00,Informática,4044.08,3.0,0.0,False,True,Cartão ,Interior,
1508,466.0,2022-02-22 00:00:00,Escritório,334.98,2.0,0.0,False,True,,  rio de ajneiro,telefone inválido
2333,780.0,2023-10-06 00:00:00,Informática,710.47,,0.0,False,True,Cartão ,FORTALEZA,Entrega atrasada
1037,79.0,2024-04-10 00:00:00,Brinquedos,141.62,2.0,0.0,False,False,boleto,fortaleza,
6989,1199.0,2025-04-09 00:00:00,Informática,1875.66,2.0,0.0,False,True,dinheiro,Porto Alegre,
4936,636.0,2025-05-26 00:00:00,Alimentos,19.53,1.0,0.3,False,True,,Rio de Janeiro,Entrega atrasada
1351,19.0,2022-03-01 00:00:00,Informática,3926.77,4.0,0.0,False,True,pix,recife,
2808,1020.0,2022-10-15 00:00:00,Brinquedos,145.17,3.0,0.0,False,True,boleto,BRASÍLIA,
97,279.0,2023-10-23 00:00:00,Escritório,191.69,1.0,0.15,False,True,,Campinas,
3509,1190.0,2022-10-14 00:00:00,Escritório,215.32,1.0,0.0,False,False,boleto,rio,Entrega atrasada
422,212.0,2022-02-23 00:00:00,Eletrônicos,827.61,1.0,0.0,False,True,cartao,sp,cliente reclamou
921,1094.0,2022-08-02 00:00:00,Escritório,185.51,1.0,0.3,False,True,,CAMPINAS,
777,453.0,2023-11-17 00:00:00,Eletrônicos,1791.28,2.0,0.0,False,False,pix,,cliente reclamou
4651,843.0,2022-07-14 00:00:00,Informática,0.0,1.0,0.0,False,True,dinheiro,bh,telefone inválido
4331,89.0,2023-10-05 00:00:00,Móveis,753.4,1.0,0.3,False,True,cartao,ercife,ok
6158,281.0,2023-06-01 00:00:00,Escritório,204.97,1.0,0.0,False,True,cartao,Vila Velha,telefone inválido
5140,327.0,2024-10-19 00:00:00,Acessórios,47.12,1.0,0.0,False,True,boleto,,Entrega atrasada
5108,834.0,2022-12-24 00:00:00,Alimentos,91.48,4.0,0.0,False,True,Cartão ,CTBA,ok
365,1377.0,2023-10-24 00:00:00,Eletrônicos,2973.03,3.0,0.0,False,True,dinheiro,SALVADOR,
893,1340.0,2025-08-01 00:00:00,Eletrônicos,366.21,1.0,0.05,False,True,boleto,salvador  ,
4612,38.0,2025-03-10 00:00:00,Informática,860.61,1.0,0.0,False,False,Cartão ,SÃO PUALO,telefone inválido
5632,1141.0,2023-05-27 00:00:00,Acessórios,27.21,1.0,0.3,False,True,pix,Salvador,telefone inválido
1518,215.0,2022-09-11 00:00:00,Acessórios,56.62,1.0,0.05,False,True,boleto,Niteroi,cliente reclamou
2895,1087.0,2022-12-21 00:00:00,Acessórios,38.88,1.0,0.3,False,True,pix,Sao Paulo,Entrega atrasada
2770,927.0,2023-07-19 00:00:00,Eletrônicos,1867.34,3.0,0.0,False,True,dinheiro,recife,
1741,319.0,2025-06-10 00:00:00,Informática,661.44,1.0,0.0,False,True,Cartão ,Belo Horizonte,
6899,730.0,2022-04-08 00:00:00,Eletrônicos,737.08,1.0,0.0,False,True,boleto,manaus,telefone inválido
1720,60.0,2024-07-11 00:00:00,Acessórios,47.88,1.0,0.0,False,True,boleto,Sao aPulo Centro,
343,708.0,2022-01-28 00:00:00,Eletrônicos,634.42,1.0,0.0,False,True,cartao,  SÃOPAULO,telefone inválido
4467,716.0,2023-05-10 00:00:00,Eletrônicos,661.4,1.0,0.0,False,True,pix,Fortaleza,cliente reclamou
5685,1467.0,2024-11-22 00:00:00,Móveis,2104.34,1.0,0.0,False,True,cartao,rio de janeiro,
5623,20.0,2022-01-01 00:00:00,Eletrônicos,1533.54,2.0,0.0,False,True,dinheiro,CAMPINAS,ok
6788,882.0,2023-09-25 00:00:00,Acessórios,61.23,1.0,0.0,False,True,,  VILA VELHA  ,ok
4280,975.0,2023-05-06 00:00:00,Móveis,1460.12,1.0,0.0,False,True,pix, Fortaleza  ,ok
1841,1101.0,2022-07-11 00:00:00,Informática,529.16,1.0,0.0,False,True,cartao,  CTBA,ok
1687,693.0,2029-12-25 00:00:00,Alimentos,91.5,3.0,0.0,False,True,boleto,Interior,cliente reclamou
834,699.0,2022-09-05 00:00:00,Escritório,198.74,1.0,0.0,False,True,boleto,Campinas,ok
6269,1492.0,2024-10-21 00:00:00,Eletrônicos,733.46,,0.0,False,False,dinheiro,Porto Alegre,
3939,449.0,2025-05-22 00:00:00,Eletrônicos,460.11,1.0,0.0,False,True,Cartão ,são paulo,telefone inválido
3132,443.0,2023-05-12 00:00:00,Informática,5004.01,5.0,0.0,False,True,dinheiro,RIO,
5609,189.0,2022-11-02 00:00:00,Escritório,612.43,2.0,0.0,False,True,pix, SãoPaulo  ,
5937,832.0,2022-12-13 00:00:00,Eletrônicos,981.53,1.0,0.0,False,True,,  porto alegre ,cliente reclamou
592,1033.0,2024-02-15 00:00:00,Alimentos,83.56,3.0,0.0,True,True,,rio de janeiro,
6333,74.0,2022-02-21 00:00:00,Acessórios,23.29,1.0,0.0,False,True,pix,CTBA  ,ok
6952,365.0,2025-05-25 00:00:00,,361.21,1.0,0.3,False,True,,SJC,
2561,111.0,2024-02-11 00:00:00,Acessórios,37.81,3.0,0.0,False,True,,BELO OHRIZONTE,ok
1077,1216.0,2025-02-24 00:00:00,Móveis,4523.74,3.0,0.0,False,True,dinheiro,,cliente reclamou
2537,55.0,2024-12-14 00:00:00,Alimentos,13.99,1.0,0.0,False,True,Cartão ,VILA VELHA,telefone inválido
3767,1294.0,2024-07-06 00:00:00,Eletrônicos,0.0,1.0,0.0,False,True,boleto,rio de janeiro,
5399,970.0,2025-04-13 00:00:00,Eletrônicos,737.53,1.0,0.0,False,True,cartao,Goinaia,ok
4657,684.0,2023-05-28 00:00:00,Eletrônicos,403.38,1.0,0.0,False,True,,sp,
6885,600.0,2024-10-16 00:00:00,Escritório,131.53,1.0,0.0,False,True,boleto,sp,Entrega atrasada
6163,1094.0,2025-01-07 00:00:00,Alimentos,54.21,3.0,0.0,False,True,boleto,vila velha,telefone inválido
2449,1182.0,2023-01-17 00:00:00,Informática,823.31,1.0,0.0,False,True,pix, Fortalzea  ,
6871,24.0,2025-03-16 00:00:00,Alimentos,24.33,1.0,0.0,False,True,dinheiro,Interior,
974,1209.0,2022-01-29 00:00:00,Eletrônicos,0.0,3.0,0.0,False,True,dinheiro,manaus,ok
2798,1108.0,2023-01-23 00:00:00,Informática,687.98,1.0,0.0,True,True,cartao,sãopaulo,telefone inválido
870,680.0,2022-12-05 00:00:00,Acessórios,76.88,2.0,0.3,False,True,boleto,NITEROI,telefone inválido
2793,708.0,2024-05-06 00:00:00,Alimentos,117.38,4.0,0.0,False,True,boleto,POA,cliente reclamou
4304,1362.0,2024-12-31 00:00:00,Informática,1190.39,1.0,0.0,False,True,boleto,  Roi,telefone inválido
3292,51.0,2023-03-30 00:00:00,Acessórios,40.76,1.0,0.0,False,True,pix,salvador,telefone inválido
5350,618.0,2024-04-29 00:00:00,Eletrônicos,688.37,1.0,0.0,False,True,cartao,vila velha,Entrega atrasada
3890,620.0,2023-01-28 00:00:00,Escritório,526.04,3.0,0.0,False,True,Cartão ,ctba,ok
1478,1108.0,2023-06-05 00:00:00,Eletrônicos,772.66,1.0,0.0,False,True,dinheiro,sãop aulo,
3129,1000.0,2022-02-12 00:00:00,,34.84,1.0,0.0,False,True,dinheiro,,cliente reclamou
2414,440.0,2023-08-09 00:00:00,Escritório,157.31,1.0,0.0,False,True,pix,CAMPINAS,ok
6826,694.0,2024-10-16 00:00:00,Escritório,391.5,2.0,0.15,False,True,dinheiro,SãoPaulo,cliente reclamou
5089,312.0,2023-02-18 00:00:00,Eletrônicos,748.41,1.0,0.0,False,True,dinheiro,Belo Horizonte,telefone inválido
4165,907.0,2022-12-15 00:00:00,Informática,1371.66,1.0,0.0,False,True,dinheiro,SaoPaulo,Entrega atrasada
818,777.0,2024-06-03 00:00:00,Eletrônicos,793.33,1.0,0.0,False,True,boleto,RJ,ok
5752,310.0,2022-09-05 00:00:00,Escritório,108.06,1.0,0.3,False,True,cartao,Rio,
5383,125.0,2022-05-13 00:00:00,Informática,1301.62,1.0,0.0,False,True,cartao,rio de janeiro,
6119,329.0,2025-03-02 00:00:00,Eletrônicos,709.83,1.0,0.0,False,True,dinheiro,  Rio de Janeir o ,cliente reclamou
5035,99.0,2022-02-07 00:00:00,Eletrônicos,3095.0,4.0,0.0,False,True,pix,SAO JOSE DOS CAMPOS,
5760,,2025-02-14 00:00:00,,36.8,1.0,0.0,False,True,boleto,Sao Jose dos Campos,cliente reclamou
3720,881.0,2022-03-12 00:00:00,Informática,1084.18,1.0,0.0,False,True,,Sao Jsoe dos Campos,cliente reclamou
4463,1249.0,2024-03-09 00:00:00,Informática,1141.86,1.0,0.0,False,True,cartao,rio de janeiro,Entrega atrasada
746,1007.0,2025-06-22 00:00:00,Alimentos,46.41,3.0,0.0,False,True,,sjc,telefone inválido
6632,811.0,2022-11-26 00:00:00,Brinquedos,68.87,1.0,0.0,False,True,,Belo Horizonte,Entrega atrasada
3316,1112.0,2025-08-28 00:00:00,Informática,860.99,1.0,0.0,False,True,cartao, belo horizonte  ,telefone inválido
2398,195.0,2025-06-16 00:00:00,Eletrônicos,0.0,1.0,0.0,False,True,boleto,Zona Sul,Entrega atrasada
4267,139.0,2025-08-09 00:00:00,Informática,391.86,1.0,0.0,False,True,cartao,Brasília,
2306,252.0,2025-02-17 00:00:00,Móveis,864.86,,0.0,False,True,Cartão ,SãoPaulo,ok
6274,1023.0,2022-02-03 00:00:00,Eletrônicos,2256.88,3.0,0.0,False,True,pix,POA,Entrega atrasada
820,157.0,2023-10-25 00:00:00,Alimentos,64.28,3.0,0.0,False,True,cartao, RI ODE JANEIRO  ,
6503,129.0,2022-01-29 00:00:00,Escritório,150.87,1.0,0.0,False,True,,ctba,
2701,721.0,2025-03-20 00:00:00,Escritório,537.94,2.0,0.0,False,True,cartao,Niteóri,telefone inválido
4776,,2024-02-09 00:00:00,Eletrônicos,910.06,1.0,0.05,False,True,pix,RJ,
2475,677.0,2022-11-09 00:00:00,Móveis,1098.77,1.0,0.0,False,True,Cartão ,CURITIBA  ,Entrega atrasada
5376,212.0,2025-08-06 00:00:00,Informática,1898.85,2.0,0.0,False,True,pix,sp  ,
457,926.0,2025-06-07 00:00:00,Móveis,3418.41,3.0,0.0,False,True,dinheiro,SP,cliente reclamou
4939,836.0,2023-02-02 00:00:00,Escritório,378.39,2.0,0.0,True,True,Cartão ,SãoPaulo,
5561,465.0,2023-12-26 00:00:00,Eletrônicos,1770.71,2.0,0.0,False,True,dinheiro,BELO HORIZONTE,Entrega atrasada
3141,623.0,2022-07-11 00:00:00,Eletrônicos,592.85,1.0,0.0,False,True,,SJC,
1678,296.0,2025-05-10 00:00:00,Informática,1079.28,1.0,0.0,False,True,Cartão ,Manaus,
4045,234.0,2024-11-19 00:00:00,Acessórios,151.09,2.0,0.0,False,True,cartao,  SP,telefone inválido
3660,109.0,2022-11-13 00:00:00,Eletrônicos,649.43,1.0,0.0,False,True,dinheiro,NITERÓI,
6973,1181.0,2025-08-18 00:00:00,Informática,1251.04,1.0,0.0,False,True,pix,VILA VELHA,
4148,1405.0,2025-09-23 00:00:00,Móveis,241.17,1.0,0.0,False,True,Cartão ,Sao Jose dos Campos,Entrega atrasada
937,1378.0,2025-02-15 00:00:00,Escritório,162.4,1.0,0.0,False,True,cartao,SJC,cliente reclamou
1180,591.0,2022-01-25 00:00:00,Móveis,874.63,1.0,0.0,False,True,Cartão ,Rio de Janeiro,cliente reclamou
3155,,2025-01-24 00:00:00,Escritório,220.77,1.0,0.0,False,True,,Campinas,cliente reclamou
4572,964.0,2025-07-21 00:00:00,Móveis,692.84,1.0,0.15,False,True,,Sao Paulo,cliente reclamou
6310,558.0,2022-12-26 00:00:00,Acessórios,63.26,1.0,0.0,False,True,dinheiro,Porto Alegre,
1996,635.0,2025-08-15 00:00:00,Escritório,216.16,1.0,0.0,False,True,Cartão ,,
1341,735.0,2022-08-15 00:00:00,Escritório,119.0,1.0,0.0,False,True,boleto,bh,
5622,531.0,2025-02-23 00:00:00,Acessórios,74.55,2.0,0.3,False,True,cartao,SP,
4333,655.0,2025-10-20 00:00:00,Acessórios,42.94,1.0,0.0,False,True,Cartão ,,telefone inválido
1288,243.0,2025-01-22 00:00:00,Móveis,1764.26,2.0,0.0,False,True,,Campinas,cliente reclamou
2066,596.0,2025-03-18 00:00:00,Escritório,155.75,1.0,0.1,False,True,dinheiro,BH,
2801,1091.0,2023-02-03 00:00:00,Eletrônicos,642.38,1.0,0.0,False,True,boleto,Campinsa,
3940,734.0,2024-06-03 00:00:00,Informática,2408.98,2.0,0.0,False,True,boleto,rio de janeiro,Entrega atrasada
2423,764.0,2024-05-22 00:00:00,Eletrônicos,713.63,1.0,0.1,False,True,cartao,Rio,cliente reclamou
2345,468.0,2023-07-27 00:00:00,Escritório,142.37,1.0,0.0,False,True,dinheiro,bh,Entrega atrasada
5403,686.0,2024-10-14 00:00:00,Eletrônicos,953.22,,0.0,False,True,boleto,RIO DE JANEIRO,Entrega atrasada
4573,1042.0,2025-01-18 00:00:00,Escritório,198.73,1.0,0.0,False,True,,Campinas ,Entrega atrasada
2602,216.0,2022-02-23 00:00:00,Brinquedos,100.08,3.0,0.0,False,True,Cartão ,ZONA SUL,telefone inválido
149,964.0,2025-01-31 00:00:00,Móveis,1210.49,1.0,0.0,False,True,boleto,Curitiba,cliente reclamou
6266,710.0,2024-05-09 00:00:00,Escritório,160.38,1.0,0.0,False,True,pix, SAO PAULO ,ok
3878,533.0,2024-09-29 00:00:00,INFORMÁITCA,1083.95,1.0,0.0,False,True,Cartão ,  SP  ,telefone inválido
126,177.0,2023-09-27 00:00:00,Informática,1945.73,2.0,0.0,False,True,Cartão ,sjc,ok
5857,744.0,2025-02-24 00:00:00,Brinquedos,0.0,4.0,0.0,False,True,pix,SALVADOR,cliente reclamou
1737,364.0,2024-10-07 00:00:00,Acessórios,48.13,1.0,0.0,False,True,pix,Sao Paulo Centro ,
2525,933.0,2023-08-22 00:00:00,Informática,1380.78,2.0,0.0,False,True,dinheiro,SALVADOR,
2502,565.0,2025-07-22 00:00:00,Acessórios,49.09,,0.0,False,True,pix,rio de janeiro,ok
1769,92.0,2024-02-15 00:00:00,Acessórios,36.56,1.0,0.15,False,True,pix,Campinas,
1978,77.0,2023-04-15 00:00:00,,6481.72,4.0,0.0,False,True,pix,Recife,
598,952.0,2023-05-19 00:00:00,Alimentos,81.45,3.0,0.0,False,True,pix,Belo Horizonte,
4640,429.0,2022-04-03 00:00:00,,109.76,2.0,0.0,False,True,dinheiro,  BELO HORIZONTE  ,cliente reclamou
5231,564.0,2024-10-01 00:00:00,Acessórios,76.03,2.0,0.0,False,True,pix,NITEROI,
6525,871.0,2022-03-15 00:00:00,Escritório,437.45,6.0,0.1,False,True,boleto, sp,ok
1634,1118.0,2022-09-03 00:00:00,Escritório,133.9,1.0,0.0,False,True,boleto,NITERÓI,Entrega atrasada
4043,134.0,2029-12-25 00:00:00,Eletrônicos,583.78,1.0,0.1,False,True,boleto, bh  ,ok
1652,1039.0,2023-07-16 00:00:00,Eletrônicos,910.18,1.0,0.0,False,True,dinheiro,sp,Entrega atrasada
6583,743.0,2022-04-07 00:00:00,Eletrônicos,310.64,1.0,0.0,False,True,dinheiro,Rio de Janeiro,telefone inválido
6608,111.0,2023-04-11 00:00:00,Eletrônicos,682.69,1.0,0.0,False,True,Cartão ,NITEROI,ok
3771,265.0,2023-05-26 00:00:00,Escritório,158.69,1.0,0.0,False,True,cartao,porto alegre,Entrega atrasada
5950,37.0,2023-09-14 00:00:00,Eletrônicos,609.58,1.0,0.0,False,True,,POA,
3721,371.0,2025-08-13 00:00:00,Móveis,1167.79,1.0,0.0,False,True,pix,,telefone inválido
5703,1486.0,2022-10-22 00:00:00,Brinquedos,196.77,4.0,0.0,False,True,boleto,  Goiania  ,
5506,799.0,2023-07-11 00:00:00,Escritório,219.83,1.0,0.0,False,True,dinheiro,Recife,ok
467,931.0,2023-03-24 00:00:00,Eletrônicos,0.0,1.0,0.0,False,True,,,
6038,,2023-12-10 00:00:00,Escritório,199.37,2.0,0.0,False,True,Cartão ,bh,telefone inválido
5442,1114.0,2025-09-27 00:00:00,Móveis,3185.04,3.0,0.3,False,True,boleto,  RIO DE JANEIRO  ,ok
6872,,2029-12-25 00:00:00,Informática,2705.09,2.0,0.0,False,True,Cartão ,SJC,telefone inválido
712,,2022-07-04 00:00:00,Eletrônicos,0.0,1.0,0.0,False,True,dinheiro,Belo Horizonte,
2265,422.0,2024-01-11 00:00:00,Informática,964.06,1.0,0.0,False,True,dinheiro,sp,telefone inválido
6889,38.0,2025-07-04 00:00:00,Informática,940.14,1.0,0.0,False,True,cartao,BH,
1353,537.0,2025-04-03 00:00:00,Móveis,938.87,1.0,0.0,False,True,Cartão ,Zona Sul,
2794,256.0,2025-10-19 00:00:00,Escritório,261.35,1.0,0.0,False,True,Cartão ,sp,
2342,346.0,2024-04-25 00:00:00,Escritório,343.12,2.0,0.0,False,True,dinheiro,Foratleza,Entrega atrasada
926,238.0,2022-08-19 00:00:00,Acessórios,61.61,1.0,0.0,False,True,boleto, vila velha  ,Entrega atrasada
3395,1481.0,2023-11-04 00:00:00,Escritório,660.11,2.0,0.0,False,True,dinheiro,POA,ok
3207,351.0,2023-01-17 00:00:00,Eletrônicos,376.78,1.0,0.0,False,True,dinheiro,Niterói,Entrega atrasada
1026,247.0,2022-12-29 00:00:00,Escritório,202.92,1.0,0.0,False,True,dinheiro,goiania,cliente reclamou
1867,,2025-05-28 00:00:00,Eletrônicos,877.27,1.0,0.0,False,True,boleto,BH ,telefone inválido
2293,1328.0,2024-12-26 00:00:00,Informática,1487.53,1.0,0.0,False,True,Cartão ,rio de janeiro,Entrega atrasada
5923,,2023-11-09 00:00:00,Escritório,138.37,1.0,0.0,False,True,,SP ,
1550,1428.0,2023-02-01 00:00:00,Eletrônicos,754.69,2.0,0.3,False,True,pix,São Paulo,
4038,703.0,2022-06-10 00:00:00,Eletrônicos,0.0,3.0,0.0,False,True,dinheiro,BELO HORIZONTE,
3793,448.0,2025-04-24 00:00:00,Móveis,0.0,3.0,0.0,False,True,Cartão ,  reicfe,ok
1505,14.0,2025-06-29 00:00:00,Informática,1287.59,2.0,0.0,False,True,,rio ,
2930,925.0,2024-12-17 00:00:00,Eletrônicos,0.0,2.0,0.0,False,True,pix,Zona Sul,
6219,1006.0,2022-11-12 00:00:00,Alimentos,95.68,3.0,0.15,False,True,cartao,  Manaus ,Entrega atrasada
5048,256.0,2024-08-19 00:00:00,Escritório,1399.86,5.0,0.0,False,True,cartao,bh,cliente reclamou
4015,1372.0,2022-03-22 00:00:00,Brinquedos,114.0,2.0,0.0,False,True,Cartão ,Goiania  ,
4281,263.0,2023-11-17 00:00:00,Eletrônicos,601.22,1.0,0.0,False,True,cartao,sp,cliente reclamou
1144,163.0,2024-05-18 00:00:00,,761.63,1.0,0.0,False,True,Cartão ,CTBA,
705,82.0,2022-05-26 00:00:00,Informática,767.2,1.0,0.0,False,True,cartao,SJC,
4953,486.0,2025-09-27 00:00:00,Escritório,294.46,1.0,0.0,False,True,dinheiro,sao jose dos campos,
2207,232.0,2023-05-03 00:00:00,Eletrônicos,840.48,1.0,0.0,True,True,cartao,são paulo,
4094,48.0,2024-08-23 00:00:00,Eletrônicos,635.89,1.0,0.0,False,True,dinheiro,FORTALEZA,ok
5643,112.0,2023-12-13 00:00:00,Escritório,269.2,1.0,0.0,False,True,cartao,bh,
458,477.0,2023-04-09 00:00:00,Informática,3372.62,4.0,0.0,False,True,pix,SJC,Entrega atrasada
1988,42.0,2024-10-29 00:00:00,Eletrônicos,0.0,1.0,0.0,False,True,cartao,BH,
6102,1292.0,2023-06-28 00:00:00,Eletrônicos,1117.78,2.0,0.0,False,True,boleto,Zona Sul,telefone inválido
2521,869.0,2024-03-16 00:00:00,Escritório,1278.63,4.0,0.0,False,False,dinheiro,BH,ok
1889,123.0,2023-11-05 00:00:00,Informática,1410.61,1.0,0.0,False,True,,porto alegre,
1754,14.0,2024-04-01 00:00:00,Escritório,234.51,1.0,0.0,False,True,pix,Ntieroi,
6404,207.0,2023-02-08 00:00:00,Informática,2165.95,3.0,0.0,False,True,,São aPulo,ok
5802,1274.0,2025-08-21 00:00:00,Móveis,2583.99,2.0,0.0,False,True,dinheiro,RJ,telefone inválido
4344,417.0,2029-12-25 00:00:00,Móveis,1686.81,1.0,0.0,False,True,boleto,Brasília,cliente reclamou
4111,1040.0,2022-04-16 00:00:00,Acessórios,47.46,1.0,0.0,False,True,dinheiro,Goiania,telefone inválido
6136,991.0,2025-06-27 00:00:00,Escritório,221.44,1.0,0.0,False,True,,SaoPaulo,
4847,621.0,2025-02-18 00:00:00,Escritório,124.31,1.0,0.0,False,True,pix,Recife,cliente reclamou
2888,1067.0,2023-12-02 00:00:00,Informática,4004.23,3.0,0.0,False,True,boleto,CTBA,cliente reclamou
1088,833.0,2022-11-03 00:00:00,Informática,1139.59,1.0,0.0,False,True,dinheiro,Manaus,ok
5068,872.0,2023-09-01 00:00:00,Informática,0.0,1.0,0.0,False,True,dinheiro,Belo Horizonte,ok
2877,120.0,2023-03-30 00:00:00,Brinquedos,240.34,4.0,0.0,False,True,boleto,SÃOPAULO,cliente reclamou
4964,1146.0,2025-01-01 00:00:00,Brinquedos,171.45,3.0,0.0,False,False,pix,Niteroi,cliente reclamou
4641,1133.0,2025-06-13 00:00:00,Móveis,3089.32,,0.0,False,True,cartao,zona sul,cliente reclamou
6250,1108.0,2023-07-01 00:00:00,Escritório,204.62,1.0,0.1,False,True,dinheiro,NITEROI,cliente reclamou
471,741.0,2025-07-16 00:00:00,Eletrônicos,711.97,1.0,0.0,False,True,pix,SJC,
5280,16.0,2023-01-13 00:00:00,Informática,1062.95,1.0,0.0,False,True,boleto,,cliente reclamou
2596,169.0,2023-05-05 00:00:00,Brinquedos,61.04,1.0,0.0,False,True,boleto,Vila Velha,cliente reclamou
459,461.0,2024-03-18 00:00:00,Escritório,196.59,1.0,0.0,False,True,Cartão ,belo horizonte  ,Entrega atrasada
3917,404.0,2023-08-24 00:00:00,Escritório,990.75,5.0,0.0,False,True,pix,Goiania,telefone inválido
1209,,2023-10-28 00:00:00,Brinquedos,0.0,3.0,0.0,False,True,dinheiro,Sao Jose dos Campos,ok
4021,159.0,2025-09-23 00:00:00,Informática,533.84,1.0,0.0,False,True,Cartão ,  RJ  ,
5335,607.0,2025-08-18 00:00:00,Móveis,2641.59,2.0,0.0,False,True,,CAMPINAS,telefone inválido
3858,1170.0,2022-11-04 00:00:00,Alimentos,91.12,4.0,0.0,False,True,boleto,campinas,
3013,1081.0,2023-06-22 00:00:00,Acessórios,74.22,1.0,0.0,True,True,pix,CTBA,
4047,488.0,2023-09-07 00:00:00,Informática,1603.77,2.0,0.0,False,True,,ZONA SUL,ok
5963,1176.0,2022-11-04 00:00:00,Eletrônicos,2939.77,3.0,0.0,False,True,cartao,Campinas,ok
5278,171.0,2024-02-04 00:00:00,Informática,1026.67,1.0,0.15,False,False,Cartão ,Sao Paulo Centro,telefone inválido
385,1176.0,2025-08-03 00:00:00,Escritório,467.99,2.0,0.0,False,True,,vial velha,
80,875.0,2022-12-05 00:00:00,Escritório,1052.08,4.0,0.0,False,True,dinheiro,Belo Horizonte,ok
1249,929.0,2022-09-10 00:00:00,Eletrônicos,465.04,1.0,0.1,False,True,pix,Porto Alegre,telefone inválido
2873,395.0,2024-07-23 00:00:00,Acessórios,56.99,1.0,0.0,False,True,pix,SãoaPulo,cliente reclamou
5624,886.0,2024-09-13 00:00:00,Móveis,1118.95,1.0,0.0,False,True,dinheiro,,  RECIFE
2820,206.0,2023-10-01 00:00:00,,662.88,4.0,0.3,False,True,boleto,niteroi,cliente reclamou
2591,584.0,2022-05-14 00:00:00,Eletrônicos,508.95,1.0,0.0,False,True,Cartão ,Recife,Entrega atrasada
5799,,2022-11-07 00:00:00,Escritório,588.92,2.0,0.0,False,True,,  SãoPaulo ,ok
3822,599.0,2022-05-21 00:00:00,Eletrônicos,605.49,1.0,0.0,False,True,boleto,BH,Entrega atrasada
3390,1385.0,2022-03-12 00:00:00,Móveis,1651.32,1.0,0.0,False,True,dinheiro,  Niterói  ,
5481,176.0,2023-11-23 00:00:00,Eletrônicos,1013.77,1.0,0.0,False,True,boleto,Manaus,
4615,987.0,2023-05-26 00:00:00,,418.85,1.0,0.15,False,True,cartao,SP,
6810,1067.0,2025-02-16 00:00:00,Eletrônicos,1238.29,2.0,0.0,False,True,cartao, NITERÓI  ,Entrega atrasada
2154,632.0,2025-03-12 00:00:00,Acessórios,54.46,1.0,0.0,False,True,pix,Niteroi,ok
1398,602.0,2023-07-09 00:00:00,Eletrônicos,862.53,2.0,0.0,False,True,Cartão ,são paulo,
2594,565.0,2024-07-24 00:00:00,Acessórios,33.48,1.0,0.0,False,True,pix,RBASILIA,cliente reclamou
5171,874.0,2024-09-01 00:00:00,Informática,1046.75,1.0,0.0,False,False,pix,SALVADOR,Entrega atrasada
179,930.0,2022-05-20 00:00:00,Escritório,176.01,1.0,0.0,False,True,pix,Rio,telefone inválido
307,1188.0,2022-11-13 00:00:00,Acessórios,46.87,1.0,0.0,False,True,dinheiro,ZONA SUL,cliente reclamou
4618,1029.0,2023-03-15 00:00:00,Alimentos,22.66,1.0,0.15,False,True,dinheiro,,ok
5418,890.0,2022-09-17 00:00:00,Escritório,206.57,1.0,0.0,False,True,cartao,RIO DE JANEIRO,Entrega atrasada
1150,311.0,2022-09-16 00:00:00,Brinquedos,52.99,1.0,0.3,False,True,pix,reicfe,
6820,581.0,2022-10-22 00:00:00,Eletrônicos,575.21,1.0,0.0,False,True,pix,são paulo,Entrega atrasada
1447,561.0,2023-07-04 00:00:00,Informática,920.99,1.0,0.0,False,True,Cartão ,RIO DE JANEIRO,Entrega atrasada
4473,470.0,2022-10-19 00:00:00,Eletrônicos,397.23,1.0,0.0,False,True,dinheiro,Sao Jose dos Campos,telefone inválido
2714,77.0,2023-10-05 00:00:00,Acessórios,133.36,3.0,0.0,False,True,dinheiro,PORTO LAEGRE,
2792,1076.0,2022-03-10 00:00:00,Acessórios,42.76,1.0,0.0,False,True,Cartão ,Sao Paulo ,Entrega atrasada
3442,15.0,2025-06-21 00:00:00,Eletrônicos,0.0,2.0,0.0,False,True,Cartão ,vila velha,telefone inválido
3446,253.0,2024-09-08 00:00:00,Móveis,917.18,1.0,0.0,False,True,dinheiro,BH,cliente reclamou
2785,111.0,2025-06-16 00:00:00,Eletrônicos,570.07,1.0,0.0,False,True,dinheiro,Recfie  ,Entrega atrasada
6954,438.0,2023-05-18 00:00:00,Brinquedos,0.0,4.0,0.0,False,True,pix,  manaus  ,
6551,883.0,2024-04-10 00:00:00,Acessórios,181.02,3.0,0.0,False,True,pix,,
6811,660.0,2025-02-03 00:00:00,Brinquedos,83.2,1.0,0.0,False,True,,rio de jnaeiro,ok
938,469.0,2024-01-04 00:00:00,Eletrônicos,363.99,1.0,0.3,False,True,boleto,Niteroi,
6477,1402.0,2022-05-08 00:00:00,Brinquedos,59.08,1.0,0.0,False,True,,são paulo,cliente reclamou
5354,39.0,2025-02-27 00:00:00,Escritório,274.29,1.0,0.0,False,True,,VILA VELHA,telefone inválido
6140,694.0,2022-12-23 00:00:00,Escritório,461.75,2.0,0.0,False,True,boleto,sp,
2208,95.0,2022-06-05 00:00:00,Escritório,431.78,2.0,0.0,False,True,cartao, Sao Jose dos Campos  ,ok
4673,221.0,2024-05-24 00:00:00,Eletrônicos,466.86,1.0,0.1,False,True,cartao,INTERIOR,
1776,164.0,2022-10-06 00:00:00,Eletrônicos,425.13,,0.0,False,True,,brasília,
864,740.0,2024-09-22 00:00:00,Acessórios,43.73,1.0,0.0,False,False,boleto,SAO PAULO CENTRO,
5380,340.0,2029-12-25 00:00:00,Alimentos,89.01,6.0,0.0,False,True,dinheiro,Interior,
656,867.0,2023-09-27 00:00:00,Móveis,1435.75,2.0,0.1,False,True,,  Sao Jose dos Campos ,
4341,235.0,2022-02-17 00:00:00,Escritório,202.27,1.0,0.0,False,True,,vila velha,
5998,834.0,2025-04-30 00:00:00,Informática,1085.83,1.0,0.1,False,True,cartao,rio de janeiro,telefone inválido
1036,331.0,2024-06-27 00:00:00,Acessórios,67.62,1.0,0.0,False,True,boleto,Niterói,Entrega atrasada
435,331.0,2025-07-25 00:00:00,Alimentos,63.3,3.0,0.0,False,True,Cartão , PORTO ALEGRE,telefone inválido
5650,502.0,2025-10-01 00:00:00,Acessórios,56.92,1.0,0.0,False,True,Cartão ,rio de janeiro,
3765,15.0,2022-09-06 00:00:00,Acessórios,38.84,1.0,0.0,False,True,,sao paulo,Entrega atrasada
494,1100.0,2022-09-01 00:00:00,Acessórios,76.93,4.0,0.0,False,True,pix,  POA,cliente reclamou
1569,868.0,2029-12-25 00:00:00,Informática,3687.58,3.0,0.0,False,True,pix, Interiro,Entrega atrasada
5337,742.0,2023-03-02 00:00:00,Escritório,99.4,1.0,0.0,False,True,,são paulo,
935,37.0,2022-05-17 00:00:00,Móveis,5605.23,3.0,0.0,False,True,pix,Niteroi,
6254,842.0,2022-04-21 00:00:00,Alimentos,98.1,5.0,0.0,False,True,pix,interior,
1048,541.0,2023-06-24 00:00:00,Informática,802.27,1.0,0.0,True,True,cartao,  SAO JOSE DOS CAMPOS,ok
2007,1068.0,2022-12-12 00:00:00,Informática,2300.77,2.0,0.0,False,True,Cartão ,rio de janeiro,
506,177.0,2025-01-25 00:00:00,Informática,0.0,1.0,0.0,False,True,dinheiro,SALVADOR,cliente reclamou
6526,1136.0,2024-02-08 00:00:00,Alimentos,76.42,3.0,0.0,False,True,,rio de janeiro,cliente reclamou
1156,169.0,2025-05-15 00:00:00,Eletrônicos,2924.73,,0.0,False,True,boleto,Rio,cliente reclamou
4225,271.0,2022-01-11 00:00:00,Informática,951.52,1.0,0.0,False,True,boleto,Belo Horizonte  ,telefone inválido
1716,33.0,2024-02-01 00:00:00,Eletrônicos,822.45,2.0,0.0,False,True,pix,SJC,Entrega atrasada
951,1187.0,2022-06-24 00:00:00,Eletrônicos,988.61,1.0,0.0,False,True,Cartão ,Manaus,telefone inválido
2188,434.0,2024-06-08 00:00:00,Informática,1324.67,1.0,0.0,False,True,cartao,   ,cliente reclamou
5811,1204.0,2025-07-13 00:00:00,Informática,1078.6,1.0,0.0,False,True,cartao,SP,ok
2376,689.0,2023-11-21 00:00:00,Escritório,358.11,1.0,0.0,False,True,dinheiro,CAMPINAS,ok
1023,1223.0,2025-04-10 00:00:00,Informática,1072.47,1.0,0.0,False,True,cartao,zona sul,ok
5765,342.0,2022-08-22 00:00:00,Informática,2957.65,2.0,0.05,False,True,, CTBA  ,cliente reclamou
5576,694.0,2024-03-13 00:00:00,Móveis,2017.92,2.0,0.0,False,True,dinheiro,Interior,cliente reclamou
2373,1172.0,2022-03-30 00:00:00,,828.27,1.0,0.0,False,True,dinheiro,Zona Sul,
1559,959.0,2022-02-13 00:00:00,Brinquedos,45.13,1.0,0.0,False,True,Cartão ,CTBA,Entrega atrasada
5085,82.0,2024-08-28 00:00:00,Móveis,2449.52,2.0,0.0,False,True,boleto,,cliente reclamou
3347,392.0,2022-10-01 00:00:00,Acessórios,37.48,1.0,0.0,True,True,boleto,SãoPauol,
5816,298.0,2035-01-01 00:00:00,Brinquedos,140.45,2.0,0.0,False,True,Cartão ,Nitreoi,telefone inválido
2121,1074.0,2022-01-29 00:00:00,Eletrônicos,773.47,2.0,0.0,False,True,cartao,Niterói,
3994,47.0,2024-01-03 00:00:00,Eletrônicos,1202.84,2.0,0.0,False,True,pix,Fortaleza,cliente reclamou
2122,1303.0,2023-04-11 00:00:00,Informática,704.72,1.0,0.1,False,True,dinheiro, POA,Entrega atrasada
4204,194.0,2022-09-29 00:00:00,Acessórios,117.28,2.0,0.0,False,True,dinheiro,,
2860,40.0,2022-09-02 00:00:00,Escritório,166.69,1.0,0.1,False,True,,Sao Jose dos Campos,ok
5131,292.0,2024-06-12 00:00:00,Eletrônicos,503.5,1.0,0.0,False,True,,BH,telefone inválido
4019,1097.0,2022-03-15 00:00:00,Escritório,421.91,2.0,0.0,False,True,cartao,rio,telefone inválido
1995,1018.0,2024-03-14 00:00:00,Móveis,1754.62,1.0,0.0,False,True,,SaoP aulo,Entrega atrasada
2715,269.0,2025-10-07 00:00:00,Escritório,0.0,2.0,0.0,False,True,boleto,sp,cliente reclamou
5009,939.0,2024-11-22 00:00:00,Alimentos,51.67,2.0,0.0,False,True,dinheiro,GOIANIA,ok
2327,1019.0,2022-07-21 00:00:00,Brinquedos,105.53,3.0,0.0,False,True,Cartão ,Belo Horizonte,
2453,326.0,2024-03-17 00:00:00,Escritório,135.71,1.0,0.3,False,True,dinheiro,curitiba,telefone inválido
5187,1190.0,2025-02-21 00:00:00,Informática,2781.39,3.0,0.0,False,True,dinheiro,São Paulo  ,
211,1167.0,2024-11-24 00:00:00,Escritório,436.55,2.0,0.0,False,True,Cartão ,RJ,Entrega atrasada
3457,1195.0,2022-12-08 00:00:00,Escritório,371.4,1.0,0.0,False,True,Cartão ,Rio ,ok
106,546.0,2024-06-15 00:00:00,Eletrônicos,1929.49,3.0,0.1,False,True,pix,BH,ok
4624,571.0,2024-09-25 00:00:00,Acessórios,28.9,1.0,0.0,False,True,dinheiro,SÃO PAULO,
1391,715.0,2023-04-25 00:00:00,Eletrônicos,517.65,1.0,0.0,False,False,dinheiro,  Vila Velha ,telefone inválido
4243,772.0,2025-07-12 00:00:00,Eletrônicos,510.65,1.0,0.0,False,True,,  NITERÓI,
3909,1429.0,2025-08-06 00:00:00,Informática,2077.67,2.0,0.0,False,True,cartao,zona sul,ok
3621,1038.0,2029-12-25 00:00:00,Acessórios,61.87,1.0,0.0,False,True,,Rio de Janeiro,telefone inválido
1228,200.0,2024-05-12 00:00:00,Informática,762.42,1.0,0.0,False,True,pix,CTBA,Entrega atrasada
2407,776.0,2022-10-22 00:00:00,Escritório,172.84,1.0,0.15,False,True,boleto, CTBA ,
4416,819.0,2022-01-12 00:00:00,Alimentos,84.62,6.0,0.0,False,True,boleto,brasília,
5813,1211.0,2024-09-11 00:00:00,Alimentos,101.87,5.0,0.0,False,True,pix,POA,cliente reclamou
4968,244.0,2023-07-11 00:00:00,Alimentos,16.88,1.0,0.0,False,True,,POA,cliente reclamou
1534,318.0,2024-05-01 00:00:00,Brinquedos,277.73,3.0,0.0,False,True,Cartão ,POA,
5682,261.0,2022-08-24 00:00:00,Eletrônicos,1947.48,3.0,0.0,False,True,pix, BRASÍLIA ,telefone inválido
1866,735.0,2025-01-19 00:00:00,,153.12,1.0,0.0,False,True,dinheiro, Rio  ,ok
4976,84.0,2025-05-27 00:00:00,Eletrônicos,701.83,1.0,0.15,False,True,,Sao Jose dos Campos,Entrega atrasada
3664,190.0,2025-03-03 00:00:00,Informática,1946.84,2.0,0.0,False,True,cartao,bh,cliente reclamou
673,270.0,2022-10-07 00:00:00,Escritório,404.99,2.0,0.15,False,True,cartao,  BH,
2762,1075.0,2022-11-07 00:00:00,Escritório,543.37,2.0,0.0,False,True,Cartão ,SP,
3057,49.0,2022-12-10 00:00:00,Acessórios,155.42,3.0,0.0,False,True,,BRASÍLIA,cliente reclamou
6165,727.0,2022-02-06 00:00:00,Brinquedos,178.42,4.0,0.0,False,True,dinheiro,  rio de janeiro ,
6394,514.0,2025-06-02 00:00:00,Móveis,1034.09,1.0,0.05,False,True,dinheiro,  SAO PAULO  ,cliente reclamou
6589,542.0,2024-05-13 00:00:00,Acessórios,126.62,3.0,0.0,False,True,dinheiro,SÃO PAULO,
2259,811.0,2023-11-20 00:00:00,Acessórios,121.42,2.0,0.0,False,False,Cartão ,BRASÍLIA,cliente reclamou
5204,672.0,2023-04-15 00:00:00,Eletrônicos,1865.2,,0.0,False,True,Cartão ,,
1044,531.0,2025-09-27 00:00:00,Escritório,435.42,3.0,0.0,False,True,dinheiro,Rio de Janeiro,telefone inválido
5216,113.0,2022-08-07 00:00:00,Eletrônicos,1864.79,4.0,0.05,False,True,cartao,Sao Jose dos Campos,
3795,564.0,2022-11-26 00:00:00,,1155.56,1.0,0.0,False,True,cartao,SãoPaulo,
1532,989.0,2022-03-12 00:00:00,Brinquedos,187.06,3.0,0.0,False,True,boleto,,telefone inválido
1334,226.0,2025-09-12 00:00:00,Eletrônicos,3117.39,4.0,0.0,False,True,boleto,POA,ok
3810,131.0,2022-05-17 00:00:00,Informática,1459.09,1.0,0.0,False,True,Cartão ,SAO PAULO CENTRO,telefone inválido
2136,,2022-08-28 00:00:00,Escritório,0.0,1.0,0.0,False,True,Cartão ,são paulo,
377,180.0,2022-01-06 00:00:00,Eletrônicos,606.72,1.0,0.0,False,True,,Belo Horizonte,
51,1056.0,2023-10-24 00:00:00,Escritório,303.16,1.0,0.0,False,True,cartao,SÃO PAULO,Entrega atrasada
5471,380.0,2024-08-11 00:00:00,Acessórios,53.81,1.0,0.0,False,True,,Recife,Entrega atrasada
1350,541.0,2024-11-12 00:00:00,Informática,1112.25,1.0,0.0,False,False,Cartão ,CTBA,Entrega atrasada
1671,144.0,2023-09-01 00:00:00,Alimentos,38.8,2.0,0.0,False,True,boleto,sao paulo centro,Entrega atrasada
12,885.0,2023-11-16 00:00:00,Escritório,227.95,1.0,0.0,False,True,cartao,SJC,
363,733.0,2022-03-10 00:00:00,Eletrônicos,632.43,1.0,0.0,False,True,,SJC,
5782,1140.0,2029-12-25 00:00:00,Alimentos,121.64,4.0,0.0,False,True,Cartão ,SãoPaulo  ,
1694,1137.0,2023-12-16 00:00:00,Escritório,258.49,1.0,0.0,False,True,Cartão ,VILA VLEHA,telefone inválido
1888,64.0,2025-10-11 00:00:00,Alimentos,46.43,2.0,0.0,False,True,cartao,SAO JOSE DOS CAMPOS,
2415,83.0,2024-07-01 00:00:00,,0.0,1.0,0.0,False,True,dinheiro,  RJ ,cliente reclamou
6500,539.0,2022-08-30 00:00:00,Acessórios,32.02,1.0,0.0,False,True,Cartão ,NITERÓI,
1010,,2024-03-17 00:00:00,Eletrônicos,564.36,1.0,0.0,False,False,boleto,SAOPAULO,cliente reclamou
3122,595.0,2025-05-06 00:00:00,Eletrônicos,796.73,1.0,0.0,False,True,boleto,Sao Paulo,telefone inválido
6993,272.0,2024-07-01 00:00:00,Eletrônicos,897.52,1.0,0.0,False,True,boleto,,cliente reclamou
2372,145.0,2022-07-01 00:00:00,Brinquedos,188.07,3.0,0.0,True,False,boleto, interior,
1674,1376.0,2025-07-09 00:00:00,Eletrônicos,1497.0,2.0,0.0,False,True,dinheiro,SJC ,
2223,564.0,2024-10-02 00:00:00,Brinquedos,213.54,3.0,0.0,False,True,Cartão ,rio de janeiro,
843,1435.0,2022-08-18 00:00:00,Acessórios,57.06,1.0,0.0,False,True,Cartão ,bh,
2482,604.0,2025-10-03 00:00:00,Acessórios,57.82,1.0,0.0,False,True,Cartão ,  sãopaulo ,ok
773,230.0,2025-08-25 00:00:00,Eletrônicos,837.67,1.0,0.0,False,True,boleto, Vila Velha ,cliente reclamou
384,306.0,2025-03-31 00:00:00,Escritório,277.12,1.0,0.0,False,True,dinheiro,SAO JOSE DOS CAMPOS,Entrega atrasada
2102,753.0,2025-10-04 00:00:00,Móveis,1704.51,2.0,0.0,False,True,cartao, Brasília ,Entrega atrasada
5529,666.0,2023-12-26 00:00:00,Informática,2356.52,,0.0,False,True,cartao,Niterói,Entrega atrasada
6419,818.0,2023-02-30,Móveis,1659.29,1.0,0.0,True,True,,SJC,
6488,592.0,2025-06-12 00:00:00,Acessórios,58.99,1.0,0.0,False,True,cartao,NITEROI,
4054,176.0,2023-12-14 00:00:00,Eletrônicos,742.21,1.0,0.0,False,True,dinheiro,INTERIOR,ok
4587,938.0,2023-11-03 00:00:00,Eletrônicos,2200.54,2.0,0.0,False,True,,são paulo,
146,824.0,2025-03-18 00:00:00,Eletrônicos,892.75,1.0,0.0,False,True,,Entrega atrasada,SP 
6454,1066.0,2025-01-25 00:00:00,Móveis,1887.05,1.0,0.1,False,True,pix,  NITEROI  ,
1976,854.0,2024-12-22 00:00:00,Escritório,415.34,2.0,0.0,False,True,cartao,SÃOPAULO,cliente reclamou
5514,908.0,2023-02-27 00:00:00,Brinquedos,0.0,2.0,0.0,False,True,dinheiro,vila velha,Entrega atrasada
6326,148.0,2025-06-25 00:00:00,Escritório,180.42,1.0,0.0,False,True,cartao,Rio,
41,55.0,2024-12-12 00:00:00,Brinquedos,219.79,5.0,0.05,False,True,boleto,Rio,
3100,212.0,2023-11-14 00:00:00,Informática,2820.75,2.0,0.0,False,False,Cartão ,  INTERIOR,Entrega atrasada
4675,146.0,2023-09-04 00:00:00,Acessórios,62.36,1.0,0.0,False,True,dinheiro,sjc,cliente reclamou
989,1172.0,2024-11-08 00:00:00,Escritório,208.89,1.0,0.0,False,True,dinheiro,sp,ok
1511,618.0,2023-10-03 00:00:00,Informática,1074.26,1.0,0.0,False,True,pix,  SAO PAULO,
2559,730.0,2024-11-18 00:00:00,Informática,1163.12,1.0,0.0,False,True,cartao,sp,
2484,245.0,2023-11-27 00:00:00,Eletrônicos,1400.63,1.0,0.0,False,True,pix,porto alegre,
4238,83.0,2025-02-24 00:00:00,Móveis,2087.87,2.0,0.0,False,True,pix,bh,telefone inválido
1577,40.0,2023-02-30,Escritório,213.3,1.0,0.0,False,True,cartao,NITEROI,ok
1954,610.0,2022-09-09 00:00:00,Brinquedos,164.41,3.0,0.0,False,True,boleto,NITERÓI,
4240,1497.0,2025-09-26 00:00:00,Escritório,247.3,1.0,0.0,False,True,Cartão ,SP,
1173,417.0,2023-06-30 00:00:00,Informática,879.53,1.0,0.0,False,True,,RECIFE,
6157,1085.0,2025-06-18 00:00:00,Móveis,1615.57,1.0,0.05,False,True,dinheiro,RIO D EJANEIRO,ok
6417,528.0,2024-08-09 00:00:00,Móveis,1038.84,1.0,0.0,False,True,,Porto Alegre,Entrega atrasada
6752,,2022-10-03 00:00:00,Brinquedos,244.44,4.0,0.0,False,True,boleto,INTERIOR,
4594,1040.0,2022-06-26 00:00:00,Eletrônicos,710.31,1.0,0.0,False,True,Cartão ,POA,
6888,362.0,2025-05-22 00:00:00,Eletrônicos,722.55,1.0,0.0,False,True,dinheiro,RIO DE JANEIRO,
984,1390.0,2023-07-06 00:00:00,Escritório,201.74,1.0,0.0,False,True,cartao,Salvador,ok
6389,689.0,2025-06-20 00:00:00,Eletrônicos,997.46,1.0,0.0,False,True,cartao,bh,cliente reclamou
4174,924.0,2023-07-16 00:00:00,Informática,1038.34,1.0,0.0,False,True,,bh,
6057,1116.0,2022-06-09 00:00:00,Eletrônicos,725.07,1.0,0.0,False,True,boleto,Salvador,Entrega atrasada
4544,358.0,2023-09-21 00:00:00,Informática,962.84,1.0,0.0,False,True,,zona sul,
5072,370.0,2022-02-20 00:00:00,Eletrônicos,434.44,1.0,0.0,False,True,boleto,Brasília,cliente reclamou
2685,31.0,2023-08-23 00:00:00,Móveis,1919.02,1.0,0.0,False,True,boleto,CAMPINAS,
5263,288.0,2022-11-02 00:00:00,,109.51,2.0,0.0,False,True,, sao paulo ,
4881,780.0,2025-02-05 00:00:00,Acessórios,39.39,1.0,0.0,False,True,dinheiro,Zona Sul,telefone inválido
721,912.0,2024-05-04 00:00:00,Brinquedos,50.89,1.0,0.15,False,True,dinheiro,Salvador,
3421,668.0,2025-02-06 00:00:00,Acessórios,149.47,4.0,0.0,False,True,Cartão ,RIO,ok
3952,680.0,2025-02-19 00:00:00,Escritório,218.73,1.0,0.0,True,True,Cartão , Rio de aJneiro ,ok
502,305.0,2024-11-21 00:00:00,Acessórios,42.24,1.0,0.0,False,True,cartao,INTERIOR,
1761,466.0,2023-05-15 00:00:00,Escritório,470.24,2.0,0.0,False,True,Cartão ,RJ,
4581,636.0,2024-05-19 00:00:00,Acessórios,43.69,1.0,0.0,False,True,Cartão ,Rio de Janeiro,
5584,522.0,2022-06-15 00:00:00,Informática,961.18,1.0,0.0,False,True,Cartão , interior,
3448,936.0,2022-02-21 00:00:00,Acessórios,56.59,1.0,0.0,False,True,pix,,
6507,161.0,2029-12-25 00:00:00,Informática,2888.79,2.0,0.0,False,True,pix,sp,
4025,552.0,2025-05-27 00:00:00,móveis,4667.35,4.0,0.0,False,True,cartao,Rio de Janeiro,
1960,1361.0,2029-12-25 00:00:00,Eletrônicos,850.08,1.0,0.0,False,True,boleto,  NITERÓI ,
2551,213.0,2022-04-21 00:00:00,Informática,737.16,1.0,0.0,False,True,boleto,  BH  ,Entrega atrasada
2609,228.0,2023-09-09 00:00:00,Alimentos,88.74,5.0,0.0,False,True,Cartão ,POA,cliente reclamou
2997,1373.0,2023-06-11 00:00:00,Eletrônicos,628.49,1.0,0.0,False,True,boleto,Cuirtiba,telefone inválido
618,681.0,2024-11-03 00:00:00,Eletrônicos,796.4,1.0,0.0,False,True,Cartão ,iNterói,
3248,1382.0,2024-04-16 00:00:00,Escritório,507.58,3.0,0.0,False,True,pix,Porto Alegre,Entrega atrasada
445,424.0,2025-07-03 00:00:00,Brinquedos,75.7,1.0,0.0,False,True,boleto,sao paulo,Entrega atrasada
5856,265.0,2024-12-31 00:00:00,Eletrônicos,588.1,1.0,0.0,False,True,Cartão ,BELO HORIZONTE,ok
2089,1267.0,2024-01-24 00:00:00,Móveis,1402.98,1.0,0.0,False,True,cartao,rio de janeiro,cliente reclamou
5121,,2023-09-17 00:00:00,,1073.48,2.0,0.0,False,True,pix,Manaus,ok
680,190.0,2024-02-29 00:00:00,Acessórios,26.2,1.0,0.1,False,False,Cartão ,Fortaleza  ,telefone inválido
1033,137.0,2022-05-26 00:00:00,Móveis,1229.75,1.0,0.0,False,True,boleto,AMNAUS,
3083,44.0,2025-06-05 00:00:00,Acessórios,120.57,2.0,0.0,False,True,cartao,GOIANIA,ok
5381,238.0,2022-08-04 00:00:00,Informática,973.75,1.0,0.0,False,True,pix,Niterói,Entrega atrasada
1631,1040.0,2022-11-07 00:00:00,Alimentos,71.54,4.0,0.0,False,True,dinheiro,Belo Horizonte,ok
450,427.0,2022-02-15 00:00:00,Móveis,1292.1,0.0,1.0,False,True,Cartão ,Niterói,cliente reclamou
2035,446.0,2022-04-21 00:00:00,Eletrônicos,586.3,1.0,0.0,False,True,,Porto Alegre,Entrega atrasada
517,189.0,2023-04-29 00:00:00,Informática,3293.35,3.0,0.0,False,True,Cartão ,Goiania,telefone inválido
6728,237.0,2025-01-18 00:00:00,Eletrônicos,636.66,1.0,0.0,False,True,pix,são paulo,
3777,726.0,2022-07-12 00:00:00,Acessórios,158.27,3.0,0.0,False,True,boleto,belo horizonte,ok
233,978.0,2024-09-03 00:00:00,Eletrônicos,249.75,1.0,0.0,False,True,cartao,SãoPaulo,ok
3452,561.0,2024-07-31 00:00:00,Acessórios,0.0,1.0,0.0,False,True,Cartão , zona sul  ,
678,35.0,2022-01-31 00:00:00,Informática,1656.27,2.0,0.0,False,True,,ctba,Entrega atrasada
595,50.0,2025-09-24 00:00:00,Eletrônicos,1180.54,2.0,0.15,False,True,boleto,CAMPINAS  ,telefone inválido
225,1381.0,2024-04-27 00:00:00,Informática,3090.43,,0.0,False,True,pix,Manaus,telefone inválido
2680,608.0,2023-05-19 00:00:00,Móveis,2886.35,2.0,0.0,False,True,pix,CTBA,
4192,15.0,2025-03-04 00:00:00,Escritório,547.38,3.0,0.0,False,True,pix,Barsília,telefone inválido
4493,1062.0,2023-09-08 00:00:00,Acessórios,34.77,1.0,0.3,False,True,pix,sp,telefone inválido
1430,224.0,2023-07-12 00:00:00,Eletrônicos,681.12,1.0,0.0,False,False,,rio de janeiro,
5461,99.0,2022-10-14 00:00:00,Eletrônicos,445.44,1.0,0.1,False,True,,recife,
5557,752.0,2023-08-06 00:00:00,Acessórios,32.34,1.0,0.0,False,True,,POA,ok
5169,354.0,2025-08-15 00:00:00,Escritório,298.38,2.0,0.15,False,True,,interior,cliente reclamou
5015,1050.0,2022-07-16 00:00:00,Escritório,423.41,3.0,0.0,False,True,cartao,Rio de Janeiro,
37,269.0,2024-12-25 00:00:00,Alimentos,9.51,1.0,0.0,False,True,,RJ,Entrega atrasada
2263,899.0,2022-11-29 00:00:00,Acessórios,57.7,1.0,0.0,False,True,pix,SãoPaulo,telefone inválido
4257,287.0,2025-05-17 00:00:00,,166.59,1.0,0.0,False,True,dinheiro,Goiania,ok
6657,186.0,2023-06-25 00:00:00,Acessórios,102.08,2.0,0.0,False,True,,Belo Horizonte,Entrega atrasada
6153,790.0,2022-05-27 00:00:00,Eletrônicos,1281.92,2.0,0.0,False,True,cartao,Maanus,cliente reclamou
1724,480.0,2022-02-23 00:00:00,Brinquedos,156.13,2.0,0.0,False,True,,SAVLADOR,Entrega atrasada
1413,1051.0,2023-01-11 00:00:00,Móveis,1676.1,1.0,0.0,False,True,Cartão , NITEROI  ,Entrega atrasada
6862,221.0,2022-04-27 00:00:00,Móveis,1164.56,1.0,0.0,False,True,pix,Rio de Janeiro,
6262,599.0,2023-09-09 00:00:00,Informática,838.0,1.0,0.0,False,True,Cartão ,,
6077,1105.0,2024-05-25 00:00:00,Acessórios,66.98,2.0,0.0,False,True,boleto,SAO PAULO CENTRO,Entrega atrasada
3714,260.0,2023-11-06 00:00:00,Acessórios,60.97,1.0,0.05,False,True,cartao,poa,
2959,179.0,2025-01-23 00:00:00,Eletrônicos,645.04,1.0,0.0,False,True,boleto,RIO DE JANEIRO,ok
3543,447.0,2029-12-25 00:00:00,Informática,1114.04,1.0,0.0,False,True,,Fortaleza,ok
6028,,2023-03-01 00:00:00,Brinquedos,82.28,1.0,0.0,False,True,Cartão ,SALVADOR,telefone inválido
1753,1394.0,2023-04-10 00:00:00,Eletrônicos,776.5,1.0,0.0,False,False,Cartão , Porto Alegre  ,Entrega atrasada
5422,1431.0,2023-12-23 00:00:00,Eletrônicos,958.42,1.0,0.0,False,True,,SãoPaulo,ok
6960,206.0,2023-03-27 00:00:00,Escritório,539.94,3.0,0.0,False,True,boleto,Campinas,telefone inválido
3436,126.0,2029-12-25 00:00:00,Eletrônicos,925.71,1.0,0.0,False,True,, Manaus  ,ok
4198,278.0,2025-04-05 00:00:00,Acessórios,69.23,1.0,0.0,False,True,dinheiro,  São Paulo,cliente reclamou
6563,184.0,2023-08-27 00:00:00,Escritório,342.02,2.0,0.0,False,True,,inetrior,Entrega atrasada
5136,861.0,2023-07-16 00:00:00,Escritório,209.71,1.0,0.0,False,True,,NIETROI,
4008,61.0,2023-07-30 00:00:00,,1030.25,1.0,0.0,False,True,dinheiro, BH  ,
5917,609.0,2022-12-22 00:00:00,Escritório,525.43,3.0,0.0,False,True,,SÃO PAULO,Entrega atrasada
4887,1147.0,2022-02-23 00:00:00,Escritório,242.89,1.0,0.0,False,True,cartao,bh,ok
3351,1330.0,2024-09-14 00:00:00,Alimentos,50.36,5.0,0.0,False,True,boleto,recife,ok
4952,353.0,2025-01-10 00:00:00,Acessórios,56.15,1.0,0.0,False,True,dinheiro,bh,ok
403,1063.0,2022-11-08 00:00:00,Alimentos,91.64,,0.0,False,True,, INTERIOR  ,
3467,991.0,2029-12-25 00:00:00,Eletrônicos,0.0,1.0,0.0,False,True,dinheiro,,telefone inválido
6063,347.0,2022-04-19 00:00:00,Móveis,1298.63,2.0,0.0,False,True,pix,SJC,Entrega atrasada
3041,437.0,2023-02-14 00:00:00,Escritório,192.57,1.0,0.15,False,True,boleto,RIO DE JANEIRO,cliente reclamou
6979,1376.0,2022-02-03 00:00:00,Informática,1065.53,1.0,0.0,False,True,pix,Belo Horizonte,Entrega atrasada
1030,382.0,2024-04-29 00:00:00,Móveis,1432.76,1.0,0.0,False,True,Cartão ,sp,ok
6917,432.0,2024-06-29 00:00:00,Acessórios,40.86,1.0,0.0,False,True,pix,sao jose dos campos,cliente reclamou
5880,336.0,2024-09-12 00:00:00,Acessórios,36.81,1.0,0.0,False,True,Cartão ,,
5890,962.0,2023-05-13 00:00:00,Informática,1768.47,2.0,0.0,False,True,boleto,RJ,ok
4586,329.0,2024-11-01 00:00:00,Acessórios,80.68,1.0,0.0,False,True,,Fortaleza,Entrega atrasada
3427,1445.0,2024-07-05 00:00:00,Eletrônicos,760.86,1.0,0.0,False,True,cartao,zona sul,cliente reclamou
6698,198.0,2025-07-15 00:00:00,Informática,1105.34,1.0,0.0,False,True,,SÃO PAULO,
5518,349.0,2024-04-26 00:00:00,,2085.75,2.0,0.0,False,True,boleto,rio de janeiro,
5907,900.0,2025-02-16 00:00:00,Eletrônicos,670.64,1.0,0.0,False,True,Cartão ,Goiani a,
3869,,2023-03-18 00:00:00,,546.46,1.0,0.15,False,True,Cartão ,Niteroi,cliente reclamou
1236,1011.0,2023-04-26 00:00:00,Escritório,339.62,2.0,0.0,False,True,pix,SA OJOSE DOS CAMPOS,telefone inválido
2143,815.0,2022-04-17 00:00:00,Escritório,194.92,1.0,0.0,False,True,,NITERÓI,Entrega atrasada
1643,874.0,2024-02-29 00:00:00,Acessórios,68.71,2.0,0.0,False,True,cartao,POA,telefone inválido
6172,534.0,2025-03-02 00:00:00,Alimentos,0.0,3.0,0.15,False,True,boleto,Sao Paulo,ok
781,656.0,2024-04-06 00:00:00,Acessórios,124.02,2.0,0.0,False,True,cartao,Campinas,ok
5651,312.0,2022-03-31 00:00:00,Informática,2109.61,4.0,0.0,False,True,cartao,Vila Velha,Entrega atrasada
5256,87.0,2024-07-09 00:00:00,Móveis,6433.49,4.0,0.0,False,True,cartao,SÃOPAULO,telefone inválido
202,1004.0,2023-05-30 00:00:00,Acessórios,0.0,2.0,0.0,False,True,cartao,  campinas ,Entrega atrasada
3530,816.0,2023-04-09 00:00:00,Móveis,1206.77,1.0,0.0,False,True,dinheiro, são paulo ,cliente reclamou
5356,412.0,2024-01-02 00:00:00,Escritório,452.44,3.0,0.0,False,True,boleto,BH,Entrega atrasada
2033,558.0,2022-07-04 00:00:00,Eletrônicos,2215.61,3.0,0.0,False,True,boleto,sãopaulo,
2300,1337.0,2023-03-29 00:00:00,Móveis,1789.36,2.0,0.0,False,True,boleto,Niteroi,cliente reclamou
1878,732.0,2023-12-08 00:00:00,Escritório,480.25,2.0,0.1,False,True,cartao,SÃO PAULO,cliente reclamou
2299,35.0,2025-10-26 00:00:00,Alimentos,56.25,4.0,0.0,False,True,,SP,telefone inválido
2555,771.0,2023-08-10 00:00:00,Móveis,2233.65,2.0,0.0,False,True,,CBTA,cliente reclamou
6448,339.0,2023-04-08 00:00:00,Informática,756.96,1.0,0.0,False,True,Cartão ,POA,
1875,76.0,2024-05-16 00:00:00,,890.07,1.0,0.0,False,True,,,telefone inválido
1405,449.0,2023-09-28 00:00:00,Escritório,201.65,1.0,0.0,False,True,dinheiro,Cmapinas,cliente reclamou
5607,155.0,2025-01-25 00:00:00,Eletrônicos,843.1,1.0,0.0,False,True,cartao,Brasília,
1854,32.0,2022-12-08 00:00:00,Móveis,1430.62,1.0,0.0,False,True,Cartão ,BRASÍLIA,telefone inválido
2029,1370.0,2024-12-18 00:00:00,Acessórios,55.62,1.0,0.0,False,True,Cartão ,Porto Alegre,Entrega atrasada
3430,1026.0,2022-04-15 00:00:00,Informática,3743.36,4.0,0.0,False,True,Cartão ,são paulo ,Entrega atrasada
1980,909.0,2024-01-02 00:00:00,,536.02,1.0,0.0,False,True,Cartão ,,telefone inválido
5188,223.0,2029-12-25 00:00:00,Eletrônicos,3112.79,4.0,0.0,False,True,cartao,Rio de Janeiro,telefone inválido
2595,97.0,2022-02-27 00:00:00,Escritório,499.01,3.0,0.0,False,True,Cartão ,sao jose dos campos,ok
235,962.0,2022-07-31 00:00:00,Eletrônicos,466.89,1.0,0.0,False,True,boleto,bh,ok
2400,219.0,2023-11-12 00:00:00,Alimentos,49.76,2.0,0.0,False,True,pix,RJ,ok
6609,429.0,2024-03-20 00:00:00,Acessórios,188.68,4.0,0.0,False,True,dinheiro,,
425,421.0,2025-05-23 00:00:00,Informática,627.1,1.0,0.0,False,False,Cartão , sp  ,cliente reclamou
2151,178.0,2022-11-13 00:00:00,Eletrônicos,711.14,1.0,0.3,False,True,boleto,RIO DE JANEIRO,Entrega atrasada
2788,1351.0,2024-10-26 00:00:00,Alimentos,18.89,1.0,0.15,False,True,cartao,  sao paulo centro,
1330,1311.0,2023-04-03 00:00:00,Escritório,123.56,1.0,0.0,False,True,Cartão ,curitiba,telefone inválido
5096,676.0,2022-08-29 00:00:00,Escritório,132.4,1.0,0.15,False,True,pix,  curitiba ,
3581,600.0,2025-09-24 00:00:00,Móveis,1484.89,1.0,0.0,False,True,pix,RIO DE JANEIRO,
6812,45.0,2025-05-31 00:00:00,Informática,795.67,1.0,0.0,False,True,,campinas,cliente reclamou
3331,678.0,2024-01-04 00:00:00,Brinquedos,272.62,4.0,0.0,False,True,pix,Recife,
4685,893.0,2024-01-04 00:00:00,Acessórios,33.01,1.0,0.0,False,True,boleto,goiania,Entrega atrasada
2139,1087.0,2022-05-07 00:00:00,Escritório,733.63,3.0,0.0,False,True,pix,RJ,ok
6455,648.0,2024-12-10 00:00:00,Eletrônicos,1660.53,2.0,0.0,False,True,cartao,Sao Paulo Centro,cliente reclamou
2424,667.0,2024-05-31 00:00:00,Eletrônicos,687.68,1.0,0.0,False,True,,SP,cliente reclamou
5430,1116.0,2024-09-29 00:00:00,Alimentos,76.18,3.0,0.0,False,True,cartao,NITERÓI,cliente reclamou
286,1013.0,2023-01-22 00:00:00,Acessórios,42.96,1.0,0.0,False,True,pix,SÃO PAULO,cliente reclamou
258,310.0,2025-03-23 00:00:00,Móveis,1283.5,1.0,0.0,False,True,Cartão ,SAO JOSE DOS CAMPOS,
1555,945.0,2023-03-25 00:00:00,Escritório,1141.91,5.0,0.0,False,True,boleto,Sao Paulo,telefone inválido
6890,812.0,2022-08-07 00:00:00,Acessórios,59.09,1.0,0.0,False,True,boleto,Riod e Janeiro,telefone inválido
6851,801.0,2025-08-12 00:00:00,Móveis,3456.0,2.0,0.0,False,True,boleto,b h ,telefone inválido
4250,1037.0,2022-06-24 00:00:00,Eletrônicos,770.07,1.0,0.0,False,True,,intreior,cliente reclamou
3164,933.0,2022-01-11 00:00:00,Eletrônicos,1613.46,2.0,0.0,False,True,Cartão ,SP,
1491,1184.0,2024-02-10 00:00:00,Acessórios,103.3,2.0,0.0,False,True,pix,,Entrega atrasada
4274,99.0,2024-01-03 00:00:00,Eletrônicos,1201.55,2.0,0.0,False,True,Cartão , SãoPaulo ,cliente reclamou
1798,1055.0,2022-05-12 00:00:00,Eletrônicos,513.16,1.0,0.0,False,True,Cartão ,BELO HORIZONTE,telefone inválido
946,192.0,2024-10-18 00:00:00,Alimentos,62.31,2.0,0.0,False,True,Cartão ,sao jose dos campos,Entrega atrasada
3468,625.0,2022-06-16 00:00:00,Escritório,156.43,1.0,0.0,False,True,dinheiro,  SãoPaulo ,Entrega atrasada
3574,474.0,2023-12-08 00:00:00,Eletrônicos,618.93,1.0,0.0,False,True,Cartão ,  SãoPaulo ,ok
362,938.0,2023-02-09 00:00:00,Eletrônicos  ,394.38,1.0,0.0,False,True,cartao,iNteroi,cliente reclamou
2043,344.0,2023-05-20 00:00:00,Eletrônicos,2171.07,3.0,0.0,False,True,boleto,recife,cliente reclamou
1384,378.0,2023-12-08 00:00:00,Escritório,132.22,1.0,0.0,False,True,pix,SP,
1027,890.0,2023-10-18 00:00:00,Móveis,793.4,1.0,0.0,False,True,dinheiro,sp,telefone inválido
3423,271.0,2024-10-26 00:00:00,,1908.18,1.0,0.0,False,True,pix,SAO PAULO CENTRO,ok
666,606.0,2022-07-29 00:00:00,Informática,1103.77,1.0,0.0,False,True,pix,  BH  ,telefone inválido
6527,1476.0,2029-12-25 00:00:00,Eletrônicos,1106.91,1.0,0.0,False,True,pix,sao paulo centro,
182,524.0,2023-06-07 00:00:00,Eletrônicos,0.0,2.0,0.15,False,True,dinheiro,porto alegre,
4979,1139.0,2022-11-25 00:00:00,,866.99,1.0,0.0,False,True,cartao,  ,
897,215.0,2024-10-25 00:00:00,Informática,1114.78,1.0,0.0,False,True,pix,Niterói,cliente reclamou
1548,1010.0,2022-03-23 00:00:00,Alimentos,59.76,2.0,0.0,False,True,cartao,CTAB,cliente reclamou
151,467.0,2022-05-01 00:00:00,Escritório,410.37,2.0,0.0,False,True,boleto,SÃO PAULO,
1642,153.0,2025-09-08 00:00:00,Escritório,0.0,2.0,0.0,False,True,dinheiro,poa,telefone inválido
5605,154.0,2025-08-11 00:00:00,Alimentos,25.56,2.0,0.0,False,True,Cartão ,Fortaleza,telefone inválido
3395,1481.0,2023-11-04 00:00:00,Escritório,660.11,0.0,2.0,False,True,dinheiro,POA,ok
6727,407.0,2022-01-11 00:00:00,Móveis,1775.87,1.0,0.0,False,True,pix,BH,Entrega atrasada
5236,921.0,2024-10-15 00:00:00,,72.09,2.0,0.0,False,True,pix, Interior,cliente reclamou
4456,1449.0,2022-02-18 00:00:00,Acessórios,119.98,2.0,0.0,False,True,cartao, RJ ,Entrega atrasada
6611,598.0,2023-09-29 00:00:00,Brinquedos,130.0,2.0,0.0,False,True,pix,TCBA,Entrega atrasada
5972,64.0,2024-04-30 00:00:00,Informática,3559.62,3.0,0.0,False,True,dinheiro,ctba,Entrega atrasada
5694,935.0,2024-03-29 00:00:00,Eletrônicos,1468.85,2.0,0.0,False,True,dinheiro,SALVADOR,
2558,1076.0,2023-03-08 00:00:00,Brinquedos,200.94,5.0,0.0,False,True,dinheiro,Goiania,Entrega atrasada
3159,169.0,2024-10-05 00:00:00,Alimentos,56.13,3.0,0.0,False,True,boleto,  SP  ,
1685,312.0,2022-06-13 00:00:00,Escritório,91.53,1.0,0.15,True,False,boleto,Rio,
4672,579.0,2023-07-31 00:00:00,Eletrônicos,781.87,1.0,0.0,False,True,pix,MANAUS,
3883,288.0,2024-02-15 00:00:00,Acessórios,43.8,1.0,0.0,False,True,,poa,
6108,414.0,2023-02-03 00:00:00,Acessórios,45.0,1.0,0.0,False,True,dinheiro,  porto alegre,
906,631.0,2024-11-08 00:00:00,Informática,940.24,2.0,0.0,False,True,cartao,SÃOAPULO,telefone inválido
4340,227.0,2023-04-21 00:00:00,Escritório,611.91,3.0,0.0,False,True,Cartão ,BELO HORIZONTE,telefone inválido
798,1448.0,2023-07-25 00:00:00,Escritório,278.3,1.0,0.0,False,True,, BRASÍLIA ,cliente reclamou
175,1072.0,2022-05-23 00:00:00,Eletrônicos,1404.26,2.0,0.0,False,True,,,Entrega atrasada
2774,956.0,2023-10-27 00:00:00,Escritório,193.46,1.0,0.0,False,True,,POA,telefone inválido
4348,140.0,2022-03-24 00:00:00,Informática,2305.3,3.0,0.0,False,True,pix,  RJ  ,
4708,794.0,2023-01-22 00:00:00,Acessórios,305.99,,0.0,False,True,pix,SAO PAULO CENTRO,telefone inválido
504,1262.0,2024-08-27 00:00:00,Alimentos,48.89,2.0,0.0,False,True,cartao,BH,
5797,322.0,2022-04-09 00:00:00,Informática,1848.82,2.0,0.0,False,True,boleto,RECIFE,
2338,149.0,2024-02-20 00:00:00,,1279.86,2.0,0.0,False,True,cartao,Vila Velha,
2191,102.0,2022-05-27 00:00:00,Brinquedos,316.08,3.0,0.0,False,True,boleto,CURITIBA,ok
4731,923.0,2023-08-20 00:00:00,Eletrônicos,944.36,1.0,0.0,False,True,dinheiro,  Recife  ,telefone inválido
2536,85.0,2025-08-27 00:00:00,Brinquedos,95.31,1.0,0.0,False,True,,rio de janeiro,
1682,265.0,2023-05-07 00:00:00,Acessórios,57.21,1.0,0.0,False,True,pix,brasília  ,Entrega atrasada
3117,45.0,2022-09-29 00:00:00,Informática,1813.35,2.0,0.0,False,True,cartao,Niteroi,
3723,1143.0,2023-11-29 00:00:00,Móveis,1260.06,1.0,0.0,False,True,boleto, MANAUS,Entrega atrasada
74,847.0,2024-12-18 00:00:00,Eletrônicos,752.91,1.0,0.15,False,True,pix,sp,cliente reclamou
5426,809.0,2023-02-23 00:00:00,Móveis,855.55,1.0,0.0,False,False,pix,,cliente reclamou
580,403.0,2023-01-31 00:00:00,Brinquedos,245.34,4.0,0.0,False,True,Cartão , BH ,cliente reclamou
5628,1183.0,2024-03-15 00:00:00,Eletrônicos,858.96,1.0,0.0,False,True,,manaus,ok
2980,794.0,2025-07-16 00:00:00,Escritório,103.03,1.0,0.15,False,True,cartao,Porto Alegre,cliente reclamou
6249,1444.0,2024-08-18 00:00:00,Eletrônicos,705.39,1.0,0.0,False,True,cartao,sp,Entrega atrasada
1497,1218.0,2022-11-13 00:00:00,Eletrônicos,1377.05,1.0,0.0,False,True,Cartão , SÃOPAULO,ok
4674,815.0,2024-03-30 00:00:00,Eletrônicos,711.78,1.0,0.3,False,True,boleto,Salvador,
584,1448.0,2025-01-13 00:00:00,Informática,855.08,,0.0,False,True,boleto,,
4946,160.0,2024-01-24 00:00:00,Informática,971.19,1.0,0.0,False,True,pix,Brasília,
6910,,2023-03-10 00:00:00,Informática,1838.66,2.0,0.0,False,True,Cartão ,Sao Jose dos Campos,cliente reclamou
3805,468.0,2022-07-13 00:00:00,Móveis,2080.21,2.0,0.0,False,True,pix,Rio,ok
2238,637.0,2022-11-24 00:00:00,Escritório,261.85,1.0,0.0,False,True,cartao,porto alegre,
3201,834.0,2023-12-09 00:00:00,Acessórios,0.0,1.0,0.0,False,True,dinheiro,Sao aPulo,cliente reclamou
5229,11.0,2022-02-04 00:00:00,Acessórios,76.17,2.0,0.0,False,True,Cartão ,rj,telefone inválido
2529,691.0,2024-01-18 00:00:00,Eletrônicos,1326.15,2.0,0.0,False,True,,Sao Paulo Centro,telefone inválido
3197,932.0,2023-12-21 00:00:00,Escritório,971.12,3.0,0.0,False,True,dinheiro,CTBA ,
6860,628.0,2023-01-21 00:00:00,Escritório,157.74,1.0,0.0,False,True,cartao,Fortaleza,cliente reclamou
4483,26.0,2023-05-06 00:00:00,Escritório,209.11,1.0,0.0,False,True,boleto,SJC,
257,507.0,2023-05-15 00:00:00,Informática,954.75,1.0,0.0,False,True,,Rio,cliente reclamou
16,1146.0,2025-04-07 00:00:00,Escritório,258.21,1.0,0.0,False,True,cartao,ZONA SUL,
5367,1056.0,2022-07-23 00:00:00,Eletrônicos,787.35,1.0,0.0,False,True,,CUIRTIBA,
2739,199.0,2023-08-08 00:00:00,Acessórios,120.43,0.0,2.0,False,True,boleto,vila velha,Entrega atrasada
187,49.0,2023-08-26 00:00:00,Escritório,230.85,2.0,0.3,False,True,boleto,RECIFE,ok
6893,24.0,2024-10-24 00:00:00,Informática,938.51,1.0,0.0,False,True,cartao,Zona Sul  ,telefone inválido
1220,540.0,2022-10-29 00:00:00,Eletrônicos,828.6,1.0,0.0,False,True,pix,Sao Paulo Centro,Entrega atrasada
5119,1479.0,2029-12-25 00:00:00,Brinquedos,128.97,2.0,0.0,False,True,dinheiro,sao paulo centro,Entrega atrasada
4749,11.0,2029-12-25 00:00:00,Informática,1303.6,1.0,0.0,False,True,dinheiro,são paulo,cliente reclamou
4751,365.0,2023-09-18 00:00:00,Eletrônicos,742.77,1.0,0.0,False,True,Cartão ,Belo Horizonte,telefone inválido
1476,370.0,2023-10-05 00:00:00,Eletrônicos,1593.7,3.0,0.0,False,True,,CAMPINAS,
6595,590.0,2022-06-13 00:00:00,Acessórios,38.0,1.0,0.0,False,False,,SAO PAUOL,
139,49.0,2022-09-26 00:00:00,Acessórios,25.77,1.0,0.0,False,True,pix,SJC,ok
2756,193.0,2022-02-10 00:00:00,Brinquedos,146.88,3.0,0.0,False,False,dinheiro,  SP,cliente reclamou
1183,1329.0,2024-03-02 00:00:00,Informática,2472.95,2.0,0.0,False,True,dinheiro,interoi,telefone inválido
4795,210.0,2024-11-26 00:00:00,Brinquedos,234.42,0.0,3.0,False,True,pix,bh,telefone inválido
5635,598.0,2025-03-06 00:00:00,Brinquedos,132.04,2.0,0.0,False,True,dinheiro, RJ  ,
6012,735.0,2023-06-02 00:00:00,Alimentos,93.22,3.0,0.0,False,True,, Rio  ,
470,1034.0,2024-11-07 00:00:00,Eletrônicos,780.07,1.0,0.0,False,True,,bh,
3859,147.0,2023-08-15 00:00:00,Alimentos,32.31,2.0,0.0,False,True,,RIO DE JANEIRO,
2074,1028.0,2025-01-09 00:00:00,Eletrônicos,656.52,1.0,0.0,False,True,,  Brasília  ,telefone inválido
6920,980.0,2023-06-21 00:00:00,Brinquedos,303.05,5.0,0.0,False,True,Cartão , SAO PAULO CENTRO ,Entrega atrasada
3107,343.0,2025-02-24 00:00:00,Escritório,122.22,1.0,0.0,False,True,Cartão ,Campinas,telefone inválido
3745,667.0,2023-11-01 00:00:00,Escritório,157.45,1.0,0.0,False,True,dinheiro,SÃO PAULO,Entrega atrasada
1961,760.0,2023-05-19 00:00:00,Brinquedos,200.33,4.0,0.0,False,True,Cartão ,rio de janeiro,ok
5711,460.0,2025-09-15 00:00:00,Brinquedos,184.09,3.0,0.0,False,True,pix,  ctba,
306,1185.0,2024-07-26 00:00:00,Alimentos,65.16,3.0,0.0,False,True,,Sao Paulo,ok
2622,96.0,2022-09-15 00:00:00,Alimentos,40.26,2.0,0.0,False,True,boleto,Brasília,
815,208.0,2023-10-14 00:00:00,Eletrônicos,1511.25,2.0,0.0,False,True,boleto,Zona Sul,cliente reclamou
552,89.0,2024-05-02 00:00:00,Informática,2529.41,3.0,0.05,False,True,cartao,fortaleza,Entrega atrasada
4588,6.0,2025-03-13 00:00:00,Alimentos,31.41,2.0,0.0,False,True,,SOÃPAULO,
4687,189.0,2025-05-06 00:00:00,Informática,3401.33,3.0,0.0,False,True,dinheiro,Niteroi,ok
786,1038.0,2023-08-16 00:00:00,Informática,824.57,1.0,0.0,False,True,,Rio,cliente reclamou
332,316.0,2025-10-07 00:00:00,Eletrônicos,771.03,1.0,0.0,False,True,dinheiro, Manaus ,
3320,393.0,2023-01-07 00:00:00,Eletrônicos,1612.12,2.0,0.0,False,True,pix,Goiania,Entrega atrasada
2234,900.0,2022-08-18 00:00:00,Acessórios,42.43,1.0,0.0,False,True,pix,SP,ok
3365,831.0,2024-11-27 00:00:00,Informática,6029.38,4.0,0.0,False,True,boleto, MANAUS,telefone inválido
1495,475.0,2023-10-13 00:00:00,Eletrônicos,472.69,1.0,0.0,False,True,,sp,Entrega atrasada
3890,620.0,2023-01-28 00:00:00,Escritório,526.04,3.0,0.0,False,True,Cartão ,ctba,ok
4164,520.0,2025-09-23 00:00:00,,507.62,1.0,0.0,False,True,dinheiro,Campinas,
4070,430.0,2022-03-19 00:00:00,Alimentos,67.5,3.0,0.0,False,True,pix, manau s,ok
4103,112.0,2025-08-07 00:00:00,Acessórios,83.28,2.0,0.0,False,True,cartao,,SJC
2026,1241.0,2024-04-20 00:00:00,Informática,2151.86,3.0,0.0,False,True,cartao,RJ,cliente reclamou
6258,225.0,2025-06-01 00:00:00,Informática,448.42,1.0,0.15,False,True,Cartão ,Rio,ok
4717,718.0,2023-08-18 00:00:00,Móveis,6177.74,3.0,0.0,False,True,Cartão ,  Recife,
375,679.0,2023-04-04 00:00:00,Alimentos,17.58,1.0,0.0,False,True,pix,Braíslia,cliente reclamou
6376,619.0,2022-11-18 00:00:00,Brinquedos,94.97,2.0,0.0,False,True,cartao,  Recife ,cliente reclamou
4334,1382.0,2022-09-16 00:00:00,Escritório,174.04,1.0,0.0,False,True,pix,Vila Velha,Entrega atrasada
2712,389.0,2029-12-25 00:00:00,,47.59,1.0,0.0,False,True,dinheiro,sp,
6907,791.0,2024-11-03 00:00:00,,478.22,1.0,0.0,False,True,pix,Porto Alegre,
1362,1066.0,2022-07-17 00:00:00,Informática,1848.85,2.0,0.0,False,True,dinheiro,RIO DE JANEIRO,ok
2099,186.0,2022-05-07 00:00:00,Brinquedos,96.91,2.0,0.3,False,True,boleto,,telefone inválido
6248,924.0,2024-11-13 00:00:00,Eletrônicos,0.0,1.0,0.0,False,True,cartao, Znoa Sul,ok
2119,519.0,2022-10-29 00:00:00,Alimentos,20.93,1.0,0.0,False,True,,SJC,
4053,456.0,2022-07-13 00:00:00,Eletrônicos,595.09,1.0,0.0,False,True,dinheiro,FORTALEZA,telefone inválido
6174,,2022-01-15 00:00:00,Brinquedos,150.44,2.0,0.0,False,True,Cartão , zona sul,ok
3778,696.0,2022-10-06 00:00:00,Escritório,193.13,,0.05,False,True,dinheiro,bh,
2186,153.0,2023-02-01 00:00:00,Eletrônicos,471.75,1.0,0.0,False,True,cartao,manaus,
6284,792.0,2024-02-01 00:00:00,Eletrônicos,790.77,1.0,0.0,False,True,cartao,Campinas,
4858,218.0,2022-10-28 00:00:00,Alimentos,50.37,2.0,0.0,False,True,,SJC,cliente reclamou
5343,440.0,2023-01-07 00:00:00,Escritório,187.31,1.0,0.0,False,True,Cartão ,sao paulo,telefone inválido
4113,202.0,2022-10-13 00:00:00,Informática,2050.59,2.0,0.05,True,True,Cartão ,BRASÍLIA,
751,1181.0,2025-04-15 00:00:00,Móveis,4526.56,4.0,0.0,False,True,,Recife,cliente reclamou
2865,254.0,2029-12-25 00:00:00,Escritório ,169.46,1.0,0.0,False,True,cartao,niterói,telefone inválido
3106,545.0,2025-03-21 00:00:00,Eletrônicos,392.31,1.0,0.0,True,True,,CAMPINAS,
972,1289.0,2025-03-12 00:00:00,Alimentos,133.13,6.0,0.0,False,True,boleto,  Salvador,ok
573,1064.0,2024-07-12 00:00:00,Escritório,370.73,2.0,0.0,False,True,boleto,SAO PAULO CENTRO,
4294,146.0,2022-03-13 00:00:00,Escritório,135.49,1.0,0.3,False,True,cartao,niterói,
6828,252.0,2023-12-09 00:00:00,Informática,1120.2,1.0,0.0,False,True,pix,  Rio ,telefone inválido
1567,,2022-11-17 00:00:00,,261.48,4.0,0.0,False,True,pix, PORTO ALEGRE  ,
269,428.0,2023-11-01 00:00:00,Brinquedos,122.14,2.0,0.0,False,True,dinheiro, RJ,Entrega atrasada
4692,886.0,2024-04-26 00:00:00,Alimentos,74.59,3.0,0.0,False,True,,rio de janeiro,cliente reclamou
5859,831.0,2022-12-04 00:00:00,Acessórios,41.46,1.0,0.0,False,True,pix,BH,
5401,912.0,2023-03-23 00:00:00,Móveis,1230.4,1.0,0.0,False,True,boleto,Belo Horizonte,
2875,690.0,2023-07-15 00:00:00,Eletrônicos,1884.83,3.0,0.1,False,True,Cartão ,belo horizonte,cliente reclamou
6016,782.0,2022-10-12 00:00:00,Eletrônicos,0.0,1.0,0.0,False,True,pix,Rio,
1076,812.0,2023-10-29 00:00:00,Eletrônicos,508.09,1.0,0.0,False,True,Cartão , sao paulo centro ,telefone inválido
1267,728.0,2023-08-12 00:00:00,Informática,890.12,2.0,0.3,False,True,,são paulo,Entrega atrasada
2979,322.0,2024-12-27 00:00:00,Acessórios,179.43,3.0,0.0,False,True,boleto,rio de janeiro,
2182,1113.0,2024-07-02 00:00:00,Escritório,195.06,1.0,0.0,False,True,dinheiro,  Sao Paulo  ,cliente reclamou
5665,1152.0,2022-01-24 00:00:00,Acessórios,42.88,1.0,0.0,False,True,,NITEROI,
3029,91.0,2025-08-04 00:00:00,Escritório,327.68,2.0,0.0,False,True,cartao,rio  ,cliente reclamou
5137,759.0,2022-05-12 00:00:00,Eletrônicos,100979.15,1.0,0.0,False,True,dinheiro,BH,telefone inválido
6464,854.0,2023-09-22 00:00:00,Escritório,230.23,1.0,0.0,False,True,Cartão ,Porto Alegre,Entrega atrasada
2875,690.0,2023-07-15 00:00:00,Eletrônicos,1884.83,3.0,0.1,False,True,Cartão ,belo horizonte,cliente reclamou
6604,258.0,2024-03-18 00:00:00,Escritório,131.53,1.0,0.0,False,True,dinheiro,bh,ok
5922,929.0,2029-12-25 00:00:00,Escritório,210.36,1.0,0.0,False,True,cartao,interior,ok
5847,438.0,2022-07-13 00:00:00,Eletrônicos,1365.11,2.0,0.0,False,True,Cartão ,Sao Paulo Centro,telefone inválido
3476,1196.0,2022-12-06 00:00:00,Eletrônicos,875.18,1.0,0.0,False,True,Cartão ,Porto Alegre,
2389,957.0,2023-12-08 00:00:00,Informática,3106.51,2.0,0.0,False,True,Cartão ,  Zona Sul,cliente reclamou
5000,508.0,2025-04-13 00:00:00,Móveis,0.0,1.0,0.0,False,True,dinheiro, sp  ,Entrega atrasada
4739,147.0,2022-04-05 00:00:00,Eletrônicos,706.9,1.0,0.0,False,True,dinheiro,Goiania,
3061,947.0,2024-02-20 00:00:00,Informática,1356.96,1.0,0.0,False,True,,SP,ok
988,345.0,2024-09-24 00:00:00,Informática,948.12,1.0,0.0,False,True,cartao, VILA VELHA ,ok
5772,689.0,2022-05-31 00:00:00,Alimentos,0.0,4.0,0.0,False,True,pix, rio de janeiro  ,Entrega atrasada
4399,688.0,2023-03-27 00:00:00,Eletrônicos,944.56,1.0,0.0,False,True,Cartão ,   ,telefone inválido
4335,722.0,2025-04-07 00:00:00,Acessórios,115.36,2.0,0.0,False,True,Cartão ,Brasília,Entrega atrasada
2503,834.0,2023-10-12 00:00:00,Informática,918.69,1.0,0.0,False,True,cartao,ctba,
2932,180.0,2022-03-26 00:00:00,,420.04,1.0,0.0,False,True,,  Niteroi ,ok
1313,75.0,2022-12-19 00:00:00,Acessórios,233.58,3.0,0.0,False,True,, BRASÍLIA  ,telefone inválido
6709,628.0,2023-05-03 00:00:00,Brinquedos,42.54,1.0,0.0,False,True,pix, Manaus,
6779,898.0,2023-05-10 00:00:00,Eletrônicos,400.83,1.0,0.1,False,True,boleto,SJC,telefone inválido
5387,1280.0,2023-03-30 00:00:00,INFORMÁTICA,901.12,1.0,0.0,False,True,pix,,
4770,90.0,2024-07-06 00:00:00,Móveis,656.3,1.0,0.0,False,True,dinheiro,SAO PAULO CENTRO,
4944,231.0,2022-02-02 00:00:00,Eletrônicos,1323.43,2.0,0.0,False,True,cartao,SÃOPAULO,
2810,937.0,2023-05-06 00:00:00,Alimentos,37.07,2.0,0.0,False,True,dinheiro,RECIFE,cliente reclamou
4829,831.0,2024-05-19 00:00:00,Eletrônicos,518.05,1.0,0.3,False,True,Cartão ,Sao Paulo,cliente reclamou
5544,698.0,2023-06-29 00:00:00,Escritório,386.51,2.0,0.1,False,True,,Niterói,cliente reclamou
1747,769.0,2025-06-27 00:00:00,Brinquedos,333.47,4.0,0.0,False,True,dinheiro,SJC,
6374,431.0,2024-09-14 00:00:00,Informática,5641.89,4.0,0.0,False,True,,Sao Paulo,
1466,560.0,2024-12-06 00:00:00,Eletrônicos,9999999.99,-3.0,0.0,False,False,dinheiro,saopaulo,Entrega atrasada
6975,588.0,2029-12-25 00:00:00,Móveis,1772.96,1.0,0.0,False,True,cartao,são paulo,cliente reclamou
1348,878.0,2024-03-28 00:00:00,Acessórios,60.3,1.0,0.05,False,True,dinheiro,NITEROI,ok
1171,740.0,2022-08-21 00:00:00,Alimentos,77.25,3.0,0.0,False,True,boleto,CTBA,
4654,660.0,2029-12-25 00:00:00,Escritório,352.53,2.0,0.0,False,True,pix,SJC,cliente reclamou
2038,480.0,2022-08-05 00:00:00,Eletrônicos,539.59,1.0,0.0,False,True,cartao,ZONAS UL,ok
3529,460.0,2024-08-29 00:00:00,Informática,1117.6,1.0,0.0,False,True,dinheiro,  PORTO ALEGRE,Entrega atrasada
5788,1485.0,2023-02-15 00:00:00,Acessórios,7641.38,2.0,0.0,False,True,boleto,INTERIOR,ok
3595,322.0,2025-06-26 00:00:00,Móveis,1450.18,1.0,0.0,False,True,dinheiro,Brasília,ok
4520,228.0,2022-03-20 00:00:00,Alimentos,77.82,6.0,0.0,False,True,cartao,Sao Paulo,ok
4233,687.0,2022-10-14 00:00:00,Móveis,1144.65,,0.0,False,True,pix,OGIANIA,ok
2538,897.0,2024-05-20 00:00:00,Alimentos,21.39,1.0,0.0,False,True,,SP,
5740,603.0,2022-06-27 00:00:00,Informática,458.48,1.0,0.3,False,True,cartao,Sao Paulo,
1454,1081.0,2022-05-31 00:00:00,Escritório,189.5,1.0,0.0,False,True,cartao,RJ,cliente reclamou
765,1176.0,2025-03-10 00:00:00,Escritório,230.76,2.0,0.0,False,True,cartao,PORTO ALEGRE,
3361,520.0,2024-08-05 00:00:00,Eletrônicos,564.43,1.0,0.1,False,True,,RIO,ok
5288,392.0,2024-04-07 00:00:00,Informática,930.55,1.0,0.1,False,True,boleto,RJ,
6533,264.0,2022-11-23 00:00:00,Móveis,2340.38,2.0,0.0,False,True,pix,SÃOPAULO,
4013,1295.0,2025-06-01 00:00:00,Informática,1020.45,1.0,0.0,False,True,boleto,SAO PAULO CENTRO,cliente reclamou
783,234.0,2023-08-28 00:00:00,Brinquedos,201.08,3.0,0.0,False,False,dinheiro,SJC,Entrega atrasada
297,612.0,2024-06-02 00:00:00,Eletrônicos,1911.12,2.0,0.0,False,True,boleto,Sao Paulo,telefone inválido
6351,728.0,2024-02-07 00:00:00,Informática,2708.4,3.0,0.0,False,True,pix,  SJC  ,telefone inválido
6375,141.0,2024-07-08 00:00:00,Escritório,477.97,3.0,0.0,False,True,dinheiro,  SãoaPulo,cliente reclamou
4030,245.0,2023-01-27 00:00:00,Acessórios,55.47,1.0,0.0,False,True,,vila evlha,telefone inválido
3225,740.0,2029-12-25 00:00:00,Eletrônicos,1496.09,2.0,0.0,False,True,pix,  Interior ,ok
6088,,2023-01-05 00:00:00,Eletrônicos,563.01,1.0,0.0,False,True,,Salvador,telefone inválido
2719,407.0,2023-04-16 00:00:00,Informática,1406.24,2.0,0.0,False,True,dinheiro,RIO DE JANEIRO,Entrega atrasada
2241,1395.0,2024-12-17 00:00:00,Escritório,184.71,1.0,0.0,False,True,pix,CURITIBA,Entrega atrasada
5456,15.0,2024-04-18 00:00:00,Eletrônicos,655.24,1.0,0.05,False,True,Cartão ,  SÃOPAULO ,cliente reclamou
1792,53.0,2022-10-15 00:00:00,Escritório,391.87,2.0,0.0,False,True,cartao,sjc,
780,1131.0,2022-08-12 00:00:00,Eletrônicos,0.0,1.0,0.0,False,True,boleto,São Paulo,cliente reclamou
3541,77.0,2023-10-03 00:00:00,Alimentos,52.36,2.0,0.0,False,True,cartao,SJC,
3853,1392.0,2029-12-25 00:00:00,Acessórios,62.23,1.0,0.1,False,True,Cartão ,rj,
79,818.0,2024-06-01 00:00:00,Eletrônicos,3425.3,4.0,0.0,True,True,Cartão ,SJC,
5889,1207.0,2025-05-26 00:00:00,Eletrônicos,757.38,1.0,0.0,False,True,,Goiania,cliente reclamou
4853,546.0,2023-05-27 00:00:00,Acessórios,44.54,1.0,0.0,False,True,Cartão ,Campinas,
5929,1039.0,2025-07-27 00:00:00,Escritório,297.7,2.0,0.0,False,True,boleto,,Entrega atrasada
6064,688.0,2025-10-15 00:00:00,Brinquedos,418.24,6.0,0.0,False,True,dinheiro,NITEROI,
1131,1283.0,2023-09-18 00:00:00,Eletrônicos,433.66,1.0,0.0,False,True,boleto,ZONA SUL,telefone inválido
6530,1021.0,2022-01-07 00:00:00,Acessórios,33.78,1.0,0.0,False,True,dinheiro,sao jose dos campos,
5374,1022.0,2023-02-11 00:00:00,Brinquedos,63.95,2.0,0.0,False,True,dinheiro,POA,ok
6956,721.0,2023-09-08 00:00:00,Móveis,836.52,1.0,0.0,False,True,Cartão ,RIO DE JANEIRO  ,
4421,760.0,2022-09-06 00:00:00,Móveis,1072.16,1.0,0.15,False,True,boleto, MANAUS ,ok
4159,1005.0,2023-11-17 00:00:00,Escritório,273.63,1.0,0.0,False,True,,,Entrega atrasada
4773,709.0,2022-09-22 00:00:00,Escritório,210.11,1.0,0.0,False,True,cartao,BRASÍLIA,
3065,1029.0,2023-10-07 00:00:00,Móveis,2867.62,2.0,0.0,False,True,pix,FORTALEZA,cliente reclamou
6649,583.0,2024-02-22 00:00:00,Escritório,143.44,1.0,0.0,False,True,cartao,SAO PAULO CENTRO,ok
6955,977.0,2024-11-22 00:00:00,Alimentos,38.2,2.0,0.0,False,True,boleto,bh,
1483,1029.0,2024-07-23 00:00:00,Escritório,752.64,3.0,0.0,False,True,dinheiro,RIO DE JANEIRO,
3624,1494.0,2024-03-31 00:00:00,Eletrônicos,2178.98,3.0,0.0,False,True,dinheiro,ZONA SUL,cliente reclamou
2076,1144.0,2025-08-05 00:00:00,Alimentos,70.26,3.0,0.3,True,True,cartao,Campinas,
3257,957.0,2024-05-07 00:00:00,Informática,624.17,1.0,0.05,False,True,Cartão ,vila velha,telefone inválido
123,1039.0,2025-06-23 00:00:00,Eletrônicos,648.96,1.0,0.15,False,True,cartao,recife,ok
1972,528.0,2024-01-13 00:00:00,Informática,953.98,1.0,0.0,False,True,pix,SALVADOR,Entrega atrasada
3323,20.0,2024-04-13 00:00:00,Eletrônicos,681.1,1.0,0.0,False,True,pix,SJC,
6912,260.0,2023-04-04 00:00:00,Eletrônicos,4386.41,5.0,0.0,False,True,dinheiro,recife,Entrega atrasada
4876,906.0,2022-09-14 00:00:00,Eletrônicos,1643.28,2.0,0.0,False,True,,salvador,
931,593.0,2025-04-01 00:00:00,Escritório,250.63,1.0,0.0,False,True,dinheiro,brasília,
5037,766.0,2024-12-09 00:00:00,Eletrônicos,417.97,1.0,0.1,False,True,,PORTO LAEGRE,
4800,486.0,2022-06-21 00:00:00,Eletrônicos,2648.97,4.0,0.0,True,True,,RECIFE,Entrega atrasada
4390,449.0,2024-01-29 00:00:00,Acessórios,35.74,1.0,0.0,False,True,cartao,sjc,cliente reclamou
3785,908.0,2022-01-28 00:00:00,Informática,1140.15,1.0,0.0,False,True,,niterio ,telefone inválido
5898,326.0,2022-03-06 00:00:00,Informática,2220.74,3.0,0.0,False,True,Cartão ,vila velha,cliente reclamou
6106,65.0,2024-10-31 00:00:00,Informática,837.03,1.0,0.0,False,True,dinheiro,Salvador,cliente reclamou
3626,41.0,2025-01-05 00:00:00,Escritório,1005.03,4.0,0.0,False,True,cartao,Brasília,ok
3654,209.0,2023-05-17 00:00:00,Eletrônicos,968.61,2.0,0.0,False,True,,Rio,
6218,214.0,2022-02-03 00:00:00,Brinquedos,79.04,1.0,0.0,False,True,pix,Sao Paulo Centro,telefone inválido
3497,1445.0,2023-04-16 00:00:00,Brinquedos,63.41,2.0,0.3,False,True,,aMnaus,
4254,873.0,2025-08-20 00:00:00,Escritório,144.65,1.0,0.0,False,True,dinheiro,Niterói,
3333,924.0,2022-09-30 00:00:00,Informática,1176.01,1.0,0.0,False,True,boleto,SÃOPAULO,Entrega atrasada
4143,216.0,2025-05-12 00:00:00,Eletrônicos,560.68,1.0,0.0,False,True,dinheiro,SAO PAULO CENTRO,telefone inválido
5152,267.0,2023-12-23 00:00:00,Eletrônicos,1200.37,1.0,0.0,False,True,dinheiro,  Niteroi,
3202,1131.0,2025-07-03 00:00:00,Informática,0.0,1.0,0.0,False,True,Cartão ,SJC,Entrega atrasada
4727,658.0,2025-01-17 00:00:00,Móveis,1719.96,1.0,0.0,False,True,boleto,SJC,telefone inválido
2934,397.0,2024-04-09 00:00:00,Alimentos,17.72,1.0,0.15,False,True,, POA  ,telefone inválido
4945,1221.0,2022-08-27 00:00:00,Acessórios,57.86,1.0,0.0,False,True,dinheiro,SAO PAULO,ok
1312,1182.0,2024-02-03 00:00:00,Eletrônicos,505.15,1.0,0.0,False,True,,RJ,
4505,839.0,2024-01-16 00:00:00,Alimentos,44.5,3.0,0.0,False,True,Cartão ,CTBA,
2352,,2024-04-18 00:00:00,Eletrônicos,1316.74,2.0,0.0,False,True,,Interior  ,cliente reclamou
5253,,2023-01-26 00:00:00,Móveis,1009.3,1.0,0.0,False,True,boleto,foratleza,
5743,284.0,2025-10-17 00:00:00,Móveis,803.59,1.0,0.0,False,True,pix,RJ,
5928,229.0,2023-09-03 00:00:00,Informática,1457.41,1.0,0.0,False,True,Cartão ,Interior,
2056,1102.0,2025-06-06 00:00:00,Acessórios,54.24,1.0,0.0,False,True,, curitiba ,telefone inválido
2634,1361.0,2022-05-27 00:00:00,Móveis,1691.7,1.0,0.0,False,True,Cartão ,  rio ,
6519,1362.0,2024-08-08 00:00:00,Informática,1243.08,1.0,0.0,False,True,pix,Sao Paulo eCntro,
1883,1096.0,2025-05-10 00:00:00,Alimentos,52.2,2.0,0.0,False,True,cartao,belo horizonte,Entrega atrasada
6606,716.0,2022-02-06 00:00:00,Eletrônicos,734.86,1.0,0.0,False,True,dinheiro,belo horizonte,telefone inválido
5,212.0,2025-02-03 00:00:00,Escritório,375.06,2.0,0.0,False,True,dinheiro,Niteroi,telefone inválido
5564,1086.0,2022-08-21 00:00:00,Brinquedos,311.07,4.0,0.0,False,True,boleto,SP,telefone inválido
296,1439.0,2022-01-18 00:00:00,Eletrônicos,2140.3,3.0,0.0,False,True,cartao,,cliente reclamou
5840,38.0,2022-02-08 00:00:00,Acessórios,48.46,1.0,0.0,False,True,boleto,Brasília,ok
1719,,2022-07-07 00:00:00,Informática,786.09,1.0,0.1,False,True,boleto,SJC,telefone inválido
1331,743.0,2023-09-26 00:00:00,Informática,1058.75,1.0,0.0,False,True,pix,Interior,cliente reclamou
38,470.0,2025-08-01 00:00:00,Eletrônicos,722.3,1.0,0.0,False,True,,GOIANIA,
2469,76.0,2023-07-30 00:00:00,Alimentos,73.27,3.0,0.0,False,True,cartao,GOIANIA,Entrega atrasada
4154,847.0,2025-09-24 00:00:00,Escritório,558.38,2.0,0.0,False,True,cartao,Rio de Janeiro,
4461,844.0,2024-05-20 00:00:00,Eletrônicos,673.24,1.0,0.0,False,True,,Sao Paulo Centro,Entrega atrasada
5523,366.0,2025-10-23 00:00:00,Escritório,187.6,1.0,0.0,False,True,dinheiro,sp,telefone inválido
585,753.0,2025-06-27 00:00:00,,554.25,1.0,0.0,False,True,, Porto Alegre  ,Entrega atrasada
2100,419.0,2025-09-19 00:00:00,Escritório,264.96,1.0,0.0,False,True,boleto,Porto Alegre,
6470,1202.0,2022-06-28 00:00:00,Informática,1289.51,1.0,0.0,True,True,boleto,  sãopaulo,cliente reclamou
192,593.0,2022-07-09 00:00:00,Eletrônicos,1594.79,3.0,0.0,False,True,boleto, Manasu,
1622,505.0,2022-11-14 00:00:00,Informática,1145.98,1.0,0.0,False,True,dinheiro,bh,
6594,152.0,2022-09-26 00:00:00,Informática,926.49,1.0,0.0,False,True,cartao,sãop aulo,
1846,1095.0,2025-03-05 00:00:00,Escritório,162.26,1.0,0.0,False,True,,  CTBA ,
5170,751.0,2023-01-07 00:00:00,Escritório,131.95,1.0,0.0,False,True,,BRASÍLIA,
2163,210.0,2024-02-17 00:00:00,Móveis,1511.99,,0.0,False,True,boleto,BH,telefone inválido
2322,613.0,2024-07-09 00:00:00,Escritório,229.34,1.0,0.0,False,True,cartao,bh  ,
3835,841.0,2024-08-14 00:00:00,Eletrônicos,720.07,1.0,0.0,False,True,boleto, ZONA SUL ,telefone inválido
1170,951.0,2022-09-02 00:00:00,,1809.23,3.0,0.0,False,True,,Zona Sul,Entrega atrasada
1915,807.0,2022-12-27 00:00:00,Acessórios,261.84,3.0,0.0,False,True,,  SãoPaulo  ,Entrega atrasada
6982,1343.0,2024-03-13 00:00:00,Eletrônicos,1255.17,2.0,0.05,False,True,, CTBA ,cliente reclamou
6059,622.0,2023-01-28 00:00:00,Escritório,269.99,1.0,0.0,False,True,pix,Rio de Janeiro,
1054,87.0,2024-03-13 00:00:00,Móveis,1157.89,1.0,0.0,False,True,,zona sul,ok
3424,237.0,2024-06-18 00:00:00,Escritório,159.49,1.0,0.0,False,False,cartao,  SãoPaulo  ,ok
2464,602.0,2022-01-01 00:00:00,Brinquedos,221.87,3.0,0.0,False,True,dinheiro,Sao Jose dos Campos,
1986,843.0,2025-09-17 00:00:00,Escritório,280.83,1.0,0.0,False,True,cartao,BH,Entrega atrasada
6639,634.0,2024-01-19 00:00:00,Informática,2251.17,2.0,0.0,False,True,,sa ojose dos campos,ok
6309,1104.0,2023-09-01 00:00:00,Informática,0.0,1.0,0.0,False,True,Cartão ,Niterói  ,
1771,1.0,2023-11-05 00:00:00,Informática,2392.39,2.0,0.0,False,True,pix,VILA VELHA,
3175,875.0,2022-08-04 00:00:00,Eletrônicos,715.49,1.0,0.0,False,True,,RJ,telefone inválido
3254,358.0,2023-05-18 00:00:00,Escritório,777.54,3.0,0.0,False,True,dinheiro, Brasilia  ,cliente reclamou
1758,450.0,2023-12-06 00:00:00,Acessórios,65.14,1.0,0.0,False,True,dinheiro,Sao Jose dos Campos,cliente reclamou
4273,768.0,2025-04-10 00:00:00,Escritório,202.81,1.0,0.0,False,True,dinheiro,Zona Sul,
3067,88.0,2029-12-25 00:00:00,Informática,1592.0,1.0,0.0,False,True,pix,VILA VELHA,Entrega atrasada
6223,75.0,2023-08-14 00:00:00,Informática,628.79,,0.3,False,True,boleto,CAMPIANS,
4268,722.0,2024-03-28 00:00:00,Informática,1708.9,2.0,0.05,False,True,Cartão ,Curitiba,cliente reclamou
2573,359.0,2024-06-14 00:00:00,Acessórios,38.44,1.0,0.0,False,True,pix,FORTALEZA,
4536,1092.0,2024-07-28 00:00:00,Acessórios,0.0,4.0,0.0,False,True,boleto,  FORTALEZA  ,Entrega atrasada
5639,47.0,2024-11-03 00:00:00,Eletrônicos,1650.53,2.0,0.0,False,True,Cartão ,Niterio,telefone inválido
6928,591.0,2025-07-04 00:00:00,Móveis,1260.5,1.0,0.05,False,True,pix,CTBA,
2745,1445.0,2022-08-28 00:00:00,Brinquedos,126.07,2.0,0.3,False,True,boleto,BH  ,cliente reclamou
2670,,2024-03-26 00:00:00,Eletrônicos,461.47,1.0,0.1,False,True,dinheiro,,telefone inválido
2491,1168.0,2024-01-17 00:00:00,Acessórios,191.89,3.0,0.0,False,False,pix,RJ,ok
2531,781.0,2025-02-15 00:00:00,,108.02,1.0,0.0,False,True,boleto,curitiba,cliente reclamou
4265,637.0,2024-05-10 00:00:00,Informática,1474.25,1.0,0.0,False,True,,brasilia,telefone inválido
527,115.0,2022-01-31 00:00:00,Eletrônicos,473.21,1.0,0.0,False,True,pix,interior  ,cliente reclamou
605,842.0,2024-11-02 00:00:00,Eletrônicos,1253.22,3.0,0.05,False,True,Cartão ,SAO PAULO,
5348,518.0,2024-05-10 00:00:00,Acessórios,45.35,1.0,0.0,False,True,dinheiro,belo horizonte ,ok
1081,309.0,2022-01-12 00:00:00,Brinquedos,99.07,2.0,0.0,False,True,Cartão ,CTBA,Entrega atrasada
1162,1019.0,2022-04-20 00:00:00,,52.84,1.0,0.1,True,True,,  SÃOPAULO,Entrega atrasada
5914,1179.0,2024-05-09 00:00:00,Móveis,1528.77,1.0,0.0,False,True,boleto,bh,
6558,1160.0,2022-06-14 00:00:00,Escritório,245.69,2.0,0.0,False,True,cartao,NITERÓI,ok
196,103.0,2024-11-21 00:00:00,Informática,0.0,1.0,0.0,False,True,,SãoP aulo ,Entrega atrasada
3397,74.0,2022-09-21 00:00:00,Eletrônicos,720.18,1.0,0.0,False,True,dinheiro,rio de janeiro,ok
894,170.0,2025-07-27 00:00:00,Informática,4634.1,5.0,0.1,False,True,Cartão ,FORTALEZA,Entrega atrasada
5773,286.0,2025-06-02 00:00:00,Acessórios,223.17,4.0,0.0,False,True,dinheiro,  RIO DE JANEIRO ,ok
2215,1062.0,2024-02-03 00:00:00,,118.46,2.0,0.0,False,True,pix, são paulo  ,
1216,737.0,2023-02-13 00:00:00,Eletrônicos,752.66,1.0,0.0,False,True,, Campinas  ,Entrega atrasada
3345,940.0,2024-01-01 00:00:00,Alimentos,50.36,3.0,0.0,False,True,,  CTBA,ok
3022,989.0,2023-09-05 00:00:00,Alimentos,59.52,3.0,0.0,False,True,cartao,,
5846,771.0,2025-02-04 00:00:00,Eletrônicos,636.66,1.0,0.0,False,True,pix,  Interior,ok
2702,981.0,2023-06-16 00:00:00,Brinquedos,223.8,5.0,0.0,False,True,pix,Niterói,
761,878.0,2023-07-13 00:00:00,Acessórios,201.77,6.0,0.0,False,True,Cartão , BH ,
2966,234.0,2025-03-11 00:00:00,Eletrônicos,589.85,1.0,0.0,False,True,boleto,bh,Entrega atrasada
6909,825.0,2023-10-03 00:00:00,Eletrônicos,642.52,1.0,0.0,False,True,,SP,cliente reclamou
6458,192.0,2024-03-11 00:00:00,Escritório,216.37,1.0,0.0,False,True,boleto,Porto Alegre,
480,439.0,2023-02-01 00:00:00,Eletrônicos,487.49,1.0,0.0,False,False,boleto,SAO PAULO CENTRO,ok
1812,662.0,2023-09-05 00:00:00,Escritório,0.0,1.0,0.0,False,True,,INTEIROR,cliente reclamou
6370,,2024-08-10 00:00:00,Eletrônicos,1218.01,2.0,0.0,False,True,boleto,rio de janeiro,ok
58,1078.0,2024-06-03 00:00:00,Eletrônicos,512.06,1.0,0.3,False,True,boleto,  SÃOPAULO,
885,694.0,2024-08-01 00:00:00,Móveis,1650.58,1.0,0.0,False,True,dinheiro,Slavador,telefone inválido
5487,707.0,2025-07-08 00:00:00,Escritório,268.64,1.0,0.0,False,True,, interior  ,
6572,140.0,2025-04-17 00:00:00,Informática,1369.48,3.0,0.0,False,True,pix,Vila Velha,Entrega atrasada
6388,1111.0,2023-09-17 00:00:00,Escritório,228.23,1.0,0.0,False,True,,Rio ,cliente reclamou
2386,1085.0,2024-10-03 00:00:00,Alimentos,55.74,2.0,0.0,False,True,,rio de janeiro,
1188,1084.0,2029-12-25 00:00:00,Informática,3205.78,2.0,0.0,False,True,Cartão ,Vila Velha,telefone inválido
414,,2025-02-05 00:00:00,Eletrônicos,539.47,1.0,0.0,False,True,cartao,campinas,Entrega atrasada
536,542.0,2025-07-05 00:00:00,Informática,974.15,1.0,0.0,False,True,cartao,SJC,ok
3861,1342.0,2024-10-30 00:00:00,Informática,2885.97,2.0,0.0,False,True,pix,rj,ok
5910,282.0,2023-03-02 00:00:00,Móveis,1547.74,1.0,0.0,False,True,cartao,INTEROI,cliente reclamou
6199,972.0,2023-06-02 00:00:00,Eletrônicos,505.37,1.0,0.0,False,True,boleto,Sao Paulo,telefone inválido
2347,224.0,2024-01-06 00:00:00,Informática,1013.83,1.0,0.0,False,True,pix,sp,ok
1097,212.0,2024-02-26 00:00:00,Eletrônicos,1500.65,2.0,0.0,False,True,pix,Sao Paulo Centro,
601,283.0,2022-07-16 00:00:00,Escritório,144.06,1.0,0.0,False,True,cartao,Sao Paulo,Entrega atrasada
638,302.0,2022-03-08 00:00:00,Informática,821.41,1.0,0.0,False,True,boleto,RECIFE,telefone inválido
42,847.0,2022-03-19 00:00:00,Móveis,1114.12,1.0,0.0,False,True,pix,  campinas  ,cliente reclamou
3044,745.0,2022-11-22 00:00:00,Móveis,3707.37,2.0,0.1,False,True,cartao,Niterói,telefone inválido
1128,1005.0,2023-03-13 00:00:00,Informática,723.84,1.0,0.0,False,True,boleto,recife,Entrega atrasada
6475,128.0,2023-09-21 00:00:00,Alimentos,25.68,1.0,0.0,False,True,Cartão ,  Intreior,ok
5587,761.0,2022-04-13 00:00:00,Informática,1312.64,1.0,0.0,False,True,cartao,zona sul,
3101,180.0,2024-10-03 00:00:00,Informática,1256.96,1.0,0.0,False,True,Cartão ,Fortaleza,cliente reclamou
4993,606.0,2022-07-26 00:00:00,Móveis,1070.37,1.0,0.0,False,True,dinheiro,Recife,
5903,203.0,2024-06-15 00:00:00,Eletrônicos,686.28,1.0,0.0,False,True,pix,rio de janeiro,
2616,1183.0,2024-01-25 00:00:00,Acessórios,29.23,1.0,0.0,False,True,cartao,RJ,telefone inválido
4969,695.0,2024-05-26 00:00:00,Eletrônicos,610.48,1.0,0.0,False,True,cartao,Manaus  ,Entrega atrasada
1639,13.0,2023-01-06 00:00:00,Alimentos,22.98,1.0,0.0,False,False,dinheiro,RECIFE,Entrega atrasada
5634,403.0,2025-08-03 00:00:00,Eletrônicos,2208.04,4.0,0.0,False,True,boleto,Sao oJse dos Campos,cliente reclamou
3724,804.0,2025-07-24 00:00:00,Escritório,-0.0,2.0,0.0,False,True,,,
4875,138.0,2025-04-22 00:00:00,Acessórios,25.5,1.0,0.0,False,True,boleto, salvador,
5205,931.0,2024-08-20 00:00:00,Eletrônicos,1512.89,2.0,0.0,False,True,cartao, Rio,ok
4916,,2022-08-13 00:00:00,Eletrônicos,562.75,1.0,0.0,False,True,dinheiro, POA  ,
447,703.0,2023-02-01 00:00:00,Brinquedos,51.01,1.0,0.0,False,True,Cartão ,,cliente reclamou
323,811.0,2023-03-31 00:00:00,Escritório,304.95,2.0,0.1,False,True,pix,aCmpinas ,telefone inválido
4837,39.0,2025-01-03 00:00:00,Eletrônicos,1109.59,1.0,0.0,False,True,boleto,Manaus,
697,987.0,2024-03-09 00:00:00,Brinquedos,0.0,5.0,0.0,False,True,boleto,Belo Horizonte,Entrega atrasada
3753,,2023-10-10 00:00:00,Alimentos,34.37,2.0,0.0,False,True,boleto,RJ,Entrega atrasada
6461,143.0,2025-01-18 00:00:00,Informática,582.39,1.0,0.1,False,True,cartao,SAO PAULO CENTRO,Entrega atrasada
4529,163.0,2025-02-13 00:00:00,,581.23,2.0,0.0,False,True,Cartão , Zona Sul ,ok
261,194.0,2024-01-07 00:00:00,Brinquedos,92.82,2.0,0.15,False,False,dinheiro,porto alegre ,telefone inválido
2307,192.0,2022-07-02 00:00:00,Alimentos,20.45,1.0,0.0,False,True,dinheiro,sp,telefone inválido
3162,526.0,2022-09-20 00:00:00,Móveis,2806.03,3.0,0.0,False,True,boleto,Sao Paluo,Entrega atrasada
5930,567.0,2023-12-30 00:00:00,Escritório,643.71,3.0,0.0,False,True,boleto,RIO,cliente reclamou
4725,633.0,2024-09-18 00:00:00,Eletrônicos,836.12,1.0,0.0,False,True,cartao,MANAUS,ok
1079,379.0,2022-10-25 00:00:00,Escritório,207.56,1.0,0.0,False,True,Cartão ,POA,telefone inválido
5828,142.0,2024-10-13 00:00:00,Eletrônicos,983.36,2.0,0.0,False,True,boleto,MANAUS,telefone inválido
5266,148.0,2025-03-15 00:00:00,Informática,860.48,1.0,0.0,False,True,boleto,NITEROI,
6867,960.0,2024-12-04 00:00:00,Eletrônicos,646.72,1.0,0.0,False,True,dinheiro,Porto Alegre,ok
2740,585.0,2023-05-05 00:00:00,Eletrônicos,1731.73,3.0,0.0,False,False,cartao,interior,
2856,786.0,2025-02-16 00:00:00,Eletrônicos,0.0,1.0,0.0,False,True,dinheiro, RECIFE  ,ok
509,322.0,2029-12-25 00:00:00,Brinquedos,582.47,5.0,0.0,False,True,,BH,Entrega atrasada
6415,1190.0,2024-12-02 00:00:00,Eletrônicos,1565.3,1.0,0.0,False,True,Cartão ,SAOP AULO,ok
1328,868.0,2024-01-16 00:00:00,Móveis,1190.8,,0.0,False,True,,NITEROI,ok
3189,573.0,2024-09-05 00:00:00,Informática,941.25,1.0,0.0,False,True,Cartão ,bh,
646,682.0,2023-12-12 00:00:00,Acessórios,118.32,,0.0,False,True,Cartão ,POA,ok
4658,268.0,2023-01-16 00:00:00,Escritório,206.37,1.0,0.0,False,True,cartao,Rio de Janeiro,
5877,1167.0,2022-04-30 00:00:00,Informática,2514.64,3.0,0.0,False,True,cartao,POA,ok
1801,907.0,2025-06-29 00:00:00,Escritório,136.71,1.0,0.1,False,True,pix,bh,cliente reclamou
118,474.0,2022-05-06 00:00:00,Eletrônicos,1893.19,3.0,0.0,False,True,Cartão ,sao paulo,
1134,1418.0,2024-08-25 00:00:00,Informática,2731.41,3.0,0.0,False,True,boleto,sp,telefone inválido
5328,1180.0,2024-02-15 00:00:00,Escritório,275.22,2.0,0.0,False,True,cartao,,Entrega atrasada
3458,164.0,2023-02-30,Acessórios,39.01,1.0,0.0,False,True,cartao,Porto Alegre,telefone inválido
4048,1144.0,2022-07-22 00:00:00,Eletrônicos,503.31,1.0,0.15,False,True,boleto,SÃO PAULO,ok
5641,674.0,2022-08-22 00:00:00,Acessórios,47.33,1.0,0.0,False,True,dinheiro,Manaus,Entrega atrasada
6990,811.0,2023-05-03 00:00:00,Móveis,1574.41,2.0,0.3,False,True,Cartão ,sao jos edos campos,
2777,66.0,2022-01-11 00:00:00,Brinquedos,290.99,4.0,0.0,False,True,boleto,recife,cliente reclamou
1814,1394.0,2023-05-18 00:00:00,Eletrônicos,2715.36,4.0,0.05,False,True,,  São Paulo ,
4748,777.0,2024-10-02 00:00:00,Móveis,654.38,1.0,0.15,False,True,pix,belo horizonte,telefone inválido
6915,111.0,2023-03-13 00:00:00,Eletrônicos,601.4,1.0,0.15,False,True,dinheiro,INTERIOR,
5769,638.0,2022-02-03 00:00:00,Eletrônicos,553.53,1.0,0.0,False,True,cartao,Ntieroi,cliente reclamou
6678,225.0,2022-04-22 00:00:00,Móveis,1648.54,1.0,0.0,False,True,Cartão ,,
3330,832.0,2023-09-03 00:00:00,Móveis,991.98,1.0,0.0,False,True,boleto,Cmapinas,ok
1574,62.0,2024-08-23 00:00:00,Informática,920.04,1.0,0.0,False,True,boleto,RIO,telefone inválido
1806,899.0,2023-06-04 00:00:00,Eletrônicos,605.66,1.0,0.0,False,True,pix,niteroi,ok
6168,72.0,2023-01-26 00:00:00,Eletrônicos,1694.53,2.0,0.0,False,True,cartao,,ok
689,582.0,2025-02-28 00:00:00,Acessórios,42.16,1.0,0.0,False,True,Cartão ,  BH,ok
890,1175.0,2025-09-22 00:00:00,Eletrônicos,844.42,1.0,0.0,False,True,Cartão ,Sao Paulo Centro,
717,855.0,2024-11-20 00:00:00,Informática,1059.46,1.0,0.0,False,True,Cartão ,rio de janeiro,
6027,193.0,2023-10-31 00:00:00,Escritório,671.28,4.0,0.3,False,True,pix,SJC,ok
5067,839.0,2024-07-27 00:00:00,Escritório,328.77,2.0,0.0,False,True,dinheiro,Campinas,ok
1031,831.0,2025-02-03 00:00:00,Eletrônicos,2164.56,3.0,0.0,False,True,Cartão ,porto alegre,
6994,70.0,2023-10-01 00:00:00,Eletrônicos,412.32,1.0,0.0,False,True,dinheiro,POA,cliente reclamou
5313,1131.0,2024-06-30 00:00:00,Informática,794.0,1.0,0.0,False,True,boleto,SAO JOSE DOS CAMPSO,Entrega atrasada
6299,1460.0,2025-07-13 00:00:00,Informática,860.69,1.0,0.0,False,True,,BeloH orizonte ,
1087,191.0,2023-06-03 00:00:00,Informática,2582.09,2.0,0.0,False,True,,SALVADOR,
4451,123.0,2022-02-23 00:00:00,Eletrônicos,689.74,1.0,0.0,False,True,,,cliente reclamou
3030,580.0,2022-01-15 00:00:00,Escritório,270.89,2.0,0.0,False,True,dinheiro,Sao Paulo,cliente reclamou
2140,937.0,2024-03-26 00:00:00,Acessórios,85.71,2.0,0.0,False,True,Cartão , Vila Velha  ,Entrega atrasada
5314,651.0,2022-03-22 00:00:00,Eletrônicos,0.0,1.0,0.05,False,True,dinheiro,Interior,telefone inválido
1315,211.0,2022-08-10 00:00:00,Eletrônicos,831.98,1.0,0.0,False,True,cartao,São Paulo,
6264,1186.0,2023-01-30 00:00:00,Acessórios,52.57,1.0,0.0,False,True,dinheiro,  rj ,ok
6471,789.0,2024-05-05 00:00:00,Informática,871.48,1.0,0.0,False,True,dinheiro,Rio,cliente reclamou
6392,1043.0,2024-01-26 00:00:00,Alimentos,45.24,2.0,0.0,False,True,pix,bh,
2704,203.0,2023-09-22 00:00:00,Informática,975.65,1.0,0.0,False,True,dinheiro,ctba,
6460,85.0,2024-05-24 00:00:00,Alimentos,63.42,2.0,0.0,False,True,cartao,sao paulo centro,cliente reclamou
4925,888.0,2025-01-11 00:00:00,Brinquedos,264.59,3.0,0.0,False,True,dinheiro,zona sul,cliente reclamou
3959,561.0,2025-02-19 00:00:00,Eletrônicos,486.58,1.0,0.0,False,True,Cartão ,são paulo,telefone inválido
1830,225.0,2022-02-20 00:00:00,Eletrônicos,3674.53,4.0,0.0,False,True,Cartão ,sãopaulo,cliente reclamou
2515,892.0,2024-11-15 00:00:00,Eletrônicos,1084.97,1.0,0.0,False,True,Cartão ,SP,telefone inválido
265,364.0,2025-08-28 00:00:00,Informática,1990.71,2.0,0.0,False,True,, CTBA,
3532,740.0,2025-10-12 00:00:00,Alimentos,124.49,6.0,0.0,False,True,pix,  Rio de Janeiro  ,
682,900.0,2022-10-16 00:00:00,Acessórios,33.55,1.0,0.0,False,True,boleto,Niterói,cliente reclamou
3382,1308.0,2023-02-04 00:00:00,Informática,458.49,1.0,0.0,False,True,Cartão ,sp,Entrega atrasada
3663,1015.0,2022-11-18 00:00:00,Eletrônicos,1022.98,1.0,0.0,False,True,boleto,  Brasilia,
2690,466.0,2022-06-22 00:00:00,Informática,1340.93,1.0,0.0,False,True,Cartão ,Vila Velha ,ok
4519,1067.0,2024-08-04 00:00:00,Brinquedos,113.1,2.0,0.0,False,True,cartao,BH,telefone inválido
4128,459.0,2022-11-24 00:00:00,Alimentos,84.11,4.0,0.0,False,True,dinheiro,são paulo,telefone inválido
3645,952.0,2025-04-27 00:00:00,Alimentos,113.06,6.0,0.0,False,True,Cartão ,SJC,Entrega atrasada
1356,989.0,2025-06-05 00:00:00,Escritório,223.32,1.0,0.0,False,True,,  Curitiba  ,ok
2978,101.0,2022-04-10 00:00:00,Acessórios,58.33,1.0,0.0,False,True,,Recief,
3243,381.0,2023-01-31 00:00:00,Eletrônicos,582.24,1.0,0.0,False,True,cartao,Recife ,
2705,83.0,2023-12-12 00:00:00,Eletrônicos,661.75,1.0,0.0,False,True,Cartão ,são paulo,
5495,242.0,2023-02-11 00:00:00,Acessórios,58.74,1.0,0.0,False,True,pix,SALVADOR,Entrega atrasada
496,693.0,2023-02-03 00:00:00,Brinquedos,448.6,,0.0,False,True,cartao,SÃO PAULO,ok
4242,183.0,2023-05-11 00:00:00,Escritório,180.64,1.0,0.0,False,True,,Zona Sul  ,
1004,865.0,2022-05-15 00:00:00,Eletrônicos,1523.83,2.0,0.0,False,True,dinheiro,SAO JOSE DOS CAMPOS,telefone inválido
3327,372.0,2025-01-27 00:00:00,Escritório,885.98,4.0,0.0,False,True,pix,CAMPINAS,telefone inválido
1868,935.0,2023-08-06 00:00:00,Escritório,132.31,1.0,0.0,False,True,Cartão ,POA,Entrega atrasada
6191,918.0,2023-11-22 00:00:00,Eletrônicos,533.04,1.0,0.0,False,True,cartao,POA,
6537,913.0,2025-05-21 00:00:00,Alimentos,55.83,2.0,0.0,False,True,,sp,ok
6381,665.0,2024-01-07 00:00:00,Eletrônicos,559.89,1.0,0.05,False,True,boleto,Porto Alegre,Entrega atrasada
725,486.0,2025-03-06 00:00:00,Escritório,201.29,1.0,0.0,False,True,Cartão ,bh,cliente reclamou
3473,1080.0,2023-02-23 00:00:00,Móveis,977.87,1.0,0.0,False,True,Cartão ,RECIFE,
1818,87.0,2023-09-05 00:00:00,Acessórios,57.86,2.0,0.0,False,True,cartao,ZONA SUL,ok
850,544.0,2023-08-28 00:00:00,Alimentos,43.2,2.0,0.0,False,True,dinheiro,CAMPNIAS,
642,1144.0,2024-02-28 00:00:00,Escritório,214.27,1.0,0.0,False,True,boleto,interói,Entrega atrasada
1562,435.0,2022-03-27 00:00:00,Brinquedos,149.16,3.0,0.1,False,True,dinheiro,,telefone inválido
2630,786.0,2024-11-16 00:00:00,Escritório,147.95,1.0,0.0,False,True,cartao,,cliente reclamou
4961,557.0,2024-05-22 00:00:00,,-269.55,3.0,0.0,False,True,Cartão ,SJC  ,telefone inválido
5298,116.0,2022-05-31 00:00:00,Informática,0.0,1.0,0.0,False,True,,SãoPaulo  ,ok
1126,727.0,2023-01-26 00:00:00,Acessórios,38.63,1.0,0.0,False,True,pix,,cliente reclamou
1326,1393.0,2024-01-27 00:00:00,Eletrônicos,666.11,1.0,0.0,False,True,Cartão ,bh,Entrega atrasada
6879,,2023-01-26 00:00:00,Eletrônicos,698.69,2.0,0.0,False,True,pix,SãoPaulo,Entrega atrasada
5372,75.0,2024-05-08 00:00:00,Informática,3264.47,3.0,0.0,False,True,Cartão ,Nitreói,
3984,1483.0,2023-11-21 00:00:00,Informática,1260.97,1.0,0.0,False,True,Cartão ,Goiania,ok
3412,1370.0,2023-08-20 00:00:00,Escritório,175.76,1.0,0.0,False,True,cartao,tcba,telefone inválido
2626,527.0,2023-05-05 00:00:00,Alimentos,60.19,,0.0,False,True,cartao,cliente reclamou, Goiania
3934,236.0,2022-10-01 00:00:00,Eletrônicos,333.19,1.0,0.0,False,True,dinheiro,,
2027,759.0,2024-11-30 00:00:00,Acessórios,103.02,2.0,0.0,False,True,pix,,Entrega atrasada
6453,998.0,2024-06-06 00:00:00,Acessórios,73.57,2.0,0.0,False,True,dinheiro,Sao Paulo,cliente reclamou
2311,3.0,2023-01-26 00:00:00,Informática,556.66,,0.0,False,True,dinheiro,SJC,
3500,762.0,2024-03-04 00:00:00,Escritório,236.13,1.0,0.0,False,True,,Niterói,
4040,480.0,2023-04-22 00:00:00,,35.27,1.0,0.05,False,True,cartao,SP,Entrega atrasada
1065,1359.0,2023-07-02 00:00:00,Escritório,111.81,1.0,0.0,False,True,boleto,Recife,
6804,118.0,2023-04-02 00:00:00,Eletrônicos,852.26,1.0,0.0,False,True,cartao,bh,ok
5138,406.0,2025-01-17 00:00:00,Móveis,1119.85,1.0,0.0,False,True,boleto,Porto Alegre,
6403,1047.0,2025-10-20 00:00:00,Informática,731.63,1.0,0.0,False,True,pix,POA,
3496,1053.0,2023-07-27 00:00:00,Acessórios,68.76,2.0,0.0,False,True,Cartão ,riod e janeiro,cliente reclamou
214,88.0,2025-03-03 00:00:00,Acessórios,48.79,1.0,0.0,False,False,pix,goiania ,telefone inválido
806,676.0,2024-05-29 00:00:00,Acessórios,0.0,1.0,0.0,False,True,cartao,Campinas,ok
5196,1121.0,2023-10-15 00:00:00,Brinquedos,218.51,3.0,0.0,False,True,Cartão ,BRASILIA,telefone inválido
2750,1204.0,2025-07-13 00:00:00,Informática,4161.61,3.0,0.0,False,True,dinheiro,RJ,Entrega atrasada
3471,1003.0,2025-04-23 00:00:00,Brinquedos,213.35,4.0,0.0,False,True,cartao,RJ,ok
4765,391.0,2022-11-08 00:00:00,Escritório,562.83,2.0,0.0,False,True,,  RBASÍLIA  ,telefone inválido
4114,674.0,2025-10-16 00:00:00,Acessórios,39.89,1.0,0.0,False,True,,recife,
756,1003.0,2029-12-25 00:00:00,Informática,1424.17,2.0,0.0,False,True,dinheiro,FORTALEZA,ok
396,195.0,2023-03-18 00:00:00,Eletrônicos,604.55,1.0,0.0,False,True,pix,RIO DE JANEIRO,ok
6076,69.0,2022-01-03 00:00:00,Informática,673.69,1.0,0.0,False,True,boleto,   ,ok
4785,174.0,2025-07-02 00:00:00,Informática,956.51,1.0,0.0,False,True,Cartão ,Zona Sul ,
5718,1366.0,2025-06-27 00:00:00,Eletrônicos,1204.88,2.0,0.0,False,True,cartao,BELO HORIZONTE,ok
2752,1032.0,2024-12-31 00:00:00,Eletrônicos,589.92,1.0,0.15,False,True,dinheiro,SP,telefone inválido
4579,317.0,2025-02-05 00:00:00,Escritório,193.72,1.0,0.0,False,True,boleto, fortaleza,ok
2198,827.0,2023-07-31 00:00:00,Acessórios,32.19,1.0,0.0,False,True,Cartão , SaoPaulo ,
3930,675.0,2022-07-02 00:00:00,Informática,918.65,1.0,0.0,False,True,boleto,,ok
321,1288.0,2024-12-14 00:00:00,,6415.26,5.0,0.0,False,True,pix,vila velha,cliente reclamou
3240,1083.0,2025-07-21 00:00:00,Acessórios,51.86,1.0,0.0,False,True,pix,SÃOPAULO,
3917,404.0,2023-08-24 00:00:00,Escritório,990.75,5.0,0.0,False,True,pix,Goiania,telefone inválido
2193,291.0,2025-07-20 00:00:00,Eletrônicos,563.86,1.0,0.0,False,True,Cartão ,POA,
152,967.0,2025-09-18 00:00:00,Móveis,2007.21,2.0,0.0,False,True,dinheiro,Campinas,Entrega atrasada
3133,653.0,2025-09-03 00:00:00,Informática,2897.36,3.0,0.1,False,True,boleto, São Paulo ,telefone inválido
2184,1489.0,2025-03-16 00:00:00,Acessórios,90.27,2.0,0.0,False,True,dinheiro,Niteroi,
1370,333.0,2023-04-24 00:00:00,,85.79,4.0,0.1,False,True,boleto,,
6443,204.0,2023-03-24 00:00:00,Brinquedos,128.29,3.0,0.0,False,True,cartao,,ok
2706,663.0,2022-02-05 00:00:00,Escritório,0.0,1.0,0.0,False,True,pix,sãopaulo,
4755,771.0,2025-07-01 00:00:00,Escritório,242.97,1.0,0.0,False,True,,RJ,
259,866.0,2024-06-18 00:00:00,Brinquedos,412.92,5.0,0.0,False,True,cartao,São Paulo,
4077,1082.0,2024-10-15 00:00:00,Informática,1272.32,1.0,0.0,False,True,pix,recfie,telefone inválido
1461,718.0,2025-08-09 00:00:00,Alimentos,71.46,3.0,0.0,False,True,dinheiro, INTERIOR ,telefone inválido
3973,480.0,2023-04-17 00:00:00,Móveis,1619.48,1.0,0.0,False,True,pix,Brasília,ok
1011,1041.0,2024-11-13 00:00:00,Escritório,597.45,3.0,0.0,False,True,dinheiro,SJC,Entrega atrasada
4188,810.0,2023-05-11 00:00:00,Brinquedos,135.15,2.0,0.0,False,True,cartao,ctba,
4428,1249.0,2025-09-07 00:00:00,Escritório,396.22,3.0,0.0,False,True,,SAO PAULO CENTRO,
4958,1022.0,2022-01-21 00:00:00,Escritório,297.16,2.0,0.0,False,True,Cartão , Campinas,cliente reclamou
4575,1058.0,2023-01-31 00:00:00,Eletrônicos,4937.25,6.0,0.0,False,True,boleto,Salvador  ,
6959,227.0,2023-09-08 00:00:00,Informática,1946.11,2.0,0.0,False,True,boleto,SãoPaulo,cliente reclamou
779,,2024-07-22 00:00:00,Móveis,3645.3,2.0,0.0,False,True,boleto,sp,telefone inválido
5537,613.0,2022-01-19 00:00:00,Escritório,133.92,1.0,0.15,False,True,Cartão ,SãoPaulo,ok
5592,881.0,2025-01-10 00:00:00,Alimentos,46.2,2.0,0.0,False,True,Cartão ,BELO HORIZONTE,telefone inválido
4231,877.0,2024-04-16 00:00:00,Acessórios,47.21,1.0,0.15,False,True,pix,Brasília,
6529,203.0,2024-02-20 00:00:00,Brinquedos,219.34,4.0,0.0,False,True,Cartão ,rio de janeiro,ok
1119,90.0,2024-03-03 00:00:00,Móveis,900.24,1.0,0.0,False,True,, Recife  ,
5944,420.0,2024-04-28 00:00:00,Eletrônicos,1027.61,2.0,0.0,False,True,cartao,BH  ,cliente reclamou
589,1010.0,2023-03-02 00:00:00,Móveis,2057.57,2.0,0.0,False,True,cartao, BH  ,ok
6746,303.0,2025-05-09 00:00:00,Escritório,587.34,2.0,0.0,False,True,pix, Salvador  ,
3134,952.0,2025-06-28 00:00:00,,934.47,4.0,0.0,False,True,,Zona Sul,telefone inválido
3014,893.0,2024-05-11 00:00:00,Eletrônicos,892.02,1.0,0.0,False,True,boleto, Goiania ,ok
4901,1145.0,2023-05-30 00:00:00,Móveis,2678.32,2.0,0.0,True,True,dinheiro,RIO DE JANEIRO ,telefone inválido
1951,1171.0,2025-06-10 00:00:00,Informática,1683.72,2.0,0.05,False,True,boleto,CTAB,cliente reclamou
5640,1132.0,2023-03-01 00:00:00,Brinquedos,98.02,2.0,0.05,False,True,cartao,Niteroi,
1728,1029.0,2023-07-13 00:00:00,Informática,1816.51,2.0,0.0,False,True,pix,,
6251,841.0,2024-05-02 00:00:00,Eletrônicos,627.92,1.0,0.0,True,False,Cartão ,GOIANIA,
3787,1108.0,2029-12-25 00:00:00,Eletrônicos,699.66,1.0,0.0,False,True,,rj,Entrega atrasada
5347,1443.0,2025-06-02 00:00:00,Eletrônicos,3377.23,5.0,0.0,False,True,pix,SP,
3097,93.0,2024-02-26 00:00:00,Eletrônicos,470.61,1.0,0.0,False,True,pix,Curitiba,Entrega atrasada
3311,183.0,2023-10-21 00:00:00,Eletrônicos,699.49,1.0,0.0,False,True,dinheiro,SP,
1223,174.0,2022-11-04 00:00:00,Brinquedos,240.51,3.0,0.05,False,True,, SJC  ,telefone inválido
400,864.0,2023-03-10 00:00:00,Brinquedos,182.06,3.0,0.0,False,True,Cartão ,BRASÍLIA,
2696,88.0,2022-06-19 00:00:00,Eletrônicos,865.07,1.0,0.0,False,True,dinheiro,Niterói,ok
2598,20.0,2025-10-18 00:00:00,Eletrônicos,820.72,1.0,0.0,False,True,dinheiro,AMNAUS,
6757,897.0,2025-03-18 00:00:00,Eletrônicos,431.85,1.0,0.0,False,True,cartao,Campinas,telefone inválido
3222,978.0,2022-05-14 00:00:00,Brinquedos,176.91,2.0,0.0,False,True,cartao,   ,ok
3558,252.0,2022-07-22 00:00:00,Alimentos,71.9,3.0,0.0,True,True,dinheiro,bh,Entrega atrasada
5669,405.0,2024-04-15 00:00:00,Eletrônicos,762.83,1.0,0.0,True,False,boleto,Sao Jose dos Campos,ok
3608,216.0,2025-10-24 00:00:00,Informática,1054.45,1.0,0.0,False,True,dinheiro,Rio,cliente reclamou
6553,1268.0,2022-08-01 00:00:00,Eletrônicos,844.49,1.0,0.0,False,True,pix,SJC,
1149,792.0,2022-02-25 00:00:00,Informática,560.23,1.0,0.3,False,True,,POA,ok
3642,303.0,2023-05-08 00:00:00,Eletrônicos,831.5,1.0,0.0,False,True,pix,,ok
5377,45.0,2024-02-11 00:00:00,Eletrônicos,1586.93,3.0,0.0,False,True,Cartão ,belo horizonte ,
4101,1124.0,2024-02-18 00:00:00,Eletrônicos,333.76,1.0,0.0,False,True,cartao,rj,
1943,15.0,2025-04-03 00:00:00,Eletrônicos,421.62,1.0,0.3,False,True,cartao,Vila Velha,ok
933,687.0,2024-12-23 00:00:00,Informática,1059.32,1.0,0.0,False,True,pix, sao paulo ,telefone inválido
6468,595.0,2029-12-25 00:00:00,Móveis,1373.5,1.0,0.0,False,True,dinheiro,niterói,Entrega atrasada
5045,874.0,2023-11-10 00:00:00,Eletrônicos,1282.42,2.0,0.0,False,True,dinheiro,SP,
1301,1106.0,2022-02-22 00:00:00,Informática,1789.05,2.0,0.0,False,True,boleto,Niterói,Entrega atrasada
1656,781.0,2024-12-29 00:00:00,Acessórios,0.0,1.0,0.3,False,True,dinheiro,sãopaulo,ok
2267,1100.0,2025-02-26 00:00:00,Eletrônicos,674.7,1.0,0.0,False,True,Cartão , rj,
882,539.0,2023-01-27 00:00:00,Informática,0.0,1.0,0.0,False,True,boleto,  CTBA,
4076,1053.0,2029-12-25 00:00:00,Alimentos,26.25,1.0,0.0,False,True,,SãoPaulo,ok
6277,525.0,2022-11-03 00:00:00,Eletrônicos,622.57,1.0,0.15,False,True,,Interior,ok
3021,575.0,2022-03-19 00:00:00,Escritório,0.0,1.0,0.0,False,True,cartao,vila velha,cliente reclamou
6350,696.0,2022-03-14 00:00:00,Acessórios,75.41,1.0,0.0,False,True,boleto,rio de janeiro,cliente reclamou
4652,552.0,2022-05-05 00:00:00,Eletrônicos,1024.31,2.0,0.0,False,True,pix,POA,telefone inválido
2748,1196.0,2025-10-25 00:00:00,Acessórios,39.22,1.0,0.0,False,True,,SAO PAULO,
6107,56.0,2024-11-09 00:00:00,Alimentos,30.22,1.0,0.0,False,True,cartao,RJ ,
2324,483.0,2023-01-09 00:00:00,Eletrônicos,840.5,1.0,0.0,False,True,Cartão , ,
2718,202.0,2022-10-14 00:00:00,Acessórios,45.52,1.0,0.0,False,True,cartao,,ok
3085,1159.0,2025-03-28 00:00:00,Escritório,15237.02,1.0,0.1,False,True,dinheiro,SAO PUALO,Entrega atrasada
4566,1015.0,2025-08-02 00:00:00,Informática,1451.95,2.0,0.0,False,True,cartao,Interior,
4010,829.0,2025-09-13 00:00:00,Eletrônicos,612.61,1.0,0.0,False,True,cartao,Sao Paulo Centro,telefone inválido
6211,794.0,2023-02-30,Informática,1362.17,1.0,0.0,False,True,pix,niteroi  ,ok
1733,999.0,2025-09-24 00:00:00,Acessórios,55.56,1.0,0.0,False,True,,  SP,
2614,1182.0,2024-11-18 00:00:00,,0.0,1.0,0.0,False,True,,goiania,ok
6859,125.0,2023-06-22 00:00:00,Móveis,1016.72,1.0,0.0,False,True,dinheiro,rio de janeiro,
3680,846.0,2022-11-08 00:00:00,Informática,883.36,1.0,0.0,False,True,dinheiro,INTERIOR,
1490,1431.0,2023-09-18 00:00:00,Acessórios,44.99,1.0,0.0,False,True,pix,Manaus,cliente reclamou
2991,1076.0,2025-05-24 00:00:00,Escritório,196.84,1.0,0.0,False,True,Cartão ,RECIFE,
71,515.0,2023-03-07 00:00:00,,710.44,1.0,0.0,False,True,Cartão ,,cliente reclamou
4110,1304.0,2023-03-18 00:00:00,Brinquedos,257.45,3.0,0.0,False,True,Cartão ,,
811,888.0,2022-04-03 00:00:00,Eletrônicos,827.15,1.0,0.0,False,True,Cartão ,Rio ,ok
1607,687.0,2025-02-21 00:00:00,Informática,5085.65,5.0,0.0,False,False,boleto, sp ,
473,1405.0,2023-06-16 00:00:00,,21.13,1.0,0.0,False,True,pix,ZONA SUL,telefone inválido
6198,761.0,2022-04-30 00:00:00,,1167.34,1.0,0.0,True,True,boleto,Sao Paulo Centro,cliente reclamou
308,304.0,2023-12-20 00:00:00,Escritório,175.75,1.0,0.0,False,True,dinheiro,sao jose dos campos ,Entrega atrasada
5439,808.0,2024-01-12 00:00:00,Escritório,272.7,1.0,0.0,False,True,cartao,  Interior,cliente reclamou
6146,1389.0,2023-01-24 00:00:00,Informática,881.48,1.0,0.0,False,True,,sao paulo centro,telefone inválido
5791,61.0,2024-02-12 00:00:00,Informática,1185.2,,0.0,False,True,,  niteroi ,
6145,18.0,2024-05-31 00:00:00,Móveis,4124.96,3.0,0.0,False,True,,BELO HORIZONTE,ok
5756,1029.0,2025-01-11 00:00:00,,86.29,,0.0,False,True,dinheiro,Salvador,cliente reclamou
5586,688.0,2022-01-29 00:00:00,Escritório,440.35,4.0,0.0,False,True,cartao, IVLA VELHA,ok
812,546.0,2024-09-08 00:00:00,Acessórios,76.41,2.0,0.0,False,True,boleto,  recife  ,Entrega atrasada
5497,448.0,2022-11-17 00:00:00,Eletrônicos,679.06,1.0,0.05,False,True,dinheiro,BH,cliente reclamou
5283,1203.0,2023-09-09 00:00:00,Eletrônicos,607.15,1.0,0.3,False,True,boleto,Brasília,telefone inválido
2362,1135.0,2022-01-03 00:00:00,Móveis,3385.45,2.0,0.0,False,True,Cartão ,POA,
895,1480.0,2023-02-06 00:00:00,Escritório,135.03,1.0,0.0,False,True,,    ,ok
1052,686.0,2022-04-18 00:00:00,Escritório,157.14,1.0,0.0,False,True,pix,Niterói,cliente reclamou
3146,999.0,2023-06-28 00:00:00,Acessórios,91.79,2.0,0.0,False,True,boleto,brasíila,
4443,1369.0,2022-05-31 00:00:00,Alimentos,11049.41,3.0,0.0,False,True,,SAO PAULO,
5106,285.0,2025-05-20 00:00:00,Brinquedos,272.98,5.0,0.1,False,True,cartao,rio de janeiro,
3460,900.0,2023-01-04 00:00:00,Eletrônicos,1031.71,2.0,0.0,False,True,Cartão ,Niteroi,
2854,866.0,2024-11-04 00:00:00,Eletrônicos,2532.56,3.0,0.0,False,True,pix,sp,cliente reclamou
3480,432.0,2025-04-08 00:00:00,Eletrônicos,476.74,1.0,0.0,False,True,,rio de janeiro,telefone inválido
6887,231.0,2023-12-25 00:00:00,Eletrônicos,1886.79,2.0,0.0,True,True,dinheiro,SJC,
3510,421.0,2022-06-18 00:00:00,Escritório,201.32,1.0,0.0,False,True,boleto,SãoPaulo,
1797,1018.0,2022-01-25 00:00:00,Eletrônicos,828.56,1.0,0.0,False,True,cartao, HB ,
2592,304.0,2024-10-28 00:00:00,Escritório,164.38,1.0,0.0,False,True,boleto,Goinaia,telefone inválido
2861,569.0,2024-01-15 00:00:00,Informática,789.96,1.0,0.0,False,True,cartao,sao paulo,
3229,1421.0,2024-04-20 00:00:00,Eletrônicos,709.29,1.0,0.0,False,True,pix,POA,Entrega atrasada
5388,1145.0,2025-05-26 00:00:00,Brinquedos,204.81,3.0,0.0,False,True,dinheiro,SAO PAULO,
5331,918.0,2022-12-20 00:00:00,Acessórios,178.39,3.0,0.0,False,True,Cartão ,BH,Entrega atrasada
1218,435.0,2024-07-14 00:00:00,Brinquedos,245.99,4.0,0.0,True,True,,Belo Horizonte,ok
3879,479.0,2023-02-26 00:00:00,Escritório,0.0,1.0,0.0,False,False,boleto,SP,ok
5649,1000.0,2022-09-09 00:00:00,Eletrônicos,690.55,1.0,0.0,False,True,cartao,NITEROI,Entrega atrasada
6720,1384.0,2022-12-07 00:00:00,Escritório,211.25,1.0,0.0,False,True,,  campinas ,
6463,1044.0,2022-08-09 00:00:00,Acessórios,39.39,1.0,0.0,False,True,dinheiro,Goiania,
4517,244.0,2025-10-28 00:00:00,Acessórios,45.93,1.0,0.0,False,True,boleto,Interior,ok
5289,107.0,2025-03-12 00:00:00,Escritório,678.35,3.0,0.0,False,True,boleto,,telefone inválido
228,4.0,2023-10-18 00:00:00,Informática,896.89,1.0,0.0,False,True,pix,NITEROI,ok
5766,680.0,2024-01-08 00:00:00,Escritório,133.92,1.0,0.0,False,True,dinheiro,SJC,Entrega atrasada
1623,814.0,2025-04-25 00:00:00,Escritório,306.31,2.0,0.0,False,True,Cartão ,Recife,telefone inválido
3168,765.0,2022-04-05 00:00:00,Acessórios,0.0,1.0,0.3,False,True,pix,Niterói,cliente reclamou
6240,1336.0,2025-02-27 00:00:00,Alimentos,24.44,2.0,0.3,False,True,pix,rio de janeiro,telefone inválido
6521,1316.0,2025-02-14 00:00:00,Informática,1027.79,1.0,0.0,False,True,cartao,bh,
2380,760.0,2024-11-02 00:00:00,Escritório,0.0,1.0,0.0,False,True,Cartão ,RIO DE JANEIRO,
1684,859.0,2022-01-23 00:00:00,Informática,863.17,1.0,0.0,False,True,, são paulo,telefone inválido
287,135.0,2025-06-18 00:00:00,Acessórios,43.05,1.0,0.0,False,True,pix,São Paulo,cliente reclamou
5702,246.0,2024-01-13 00:00:00,Escritório,474.34,2.0,0.0,False,True,pix,zona sul,cliente reclamou
2447,1202.0,2029-12-25 00:00:00,Móveis,2567.64,,0.0,True,True,Cartão ,POA,
6170,941.0,2023-12-12 00:00:00,Informática,842.83,1.0,0.0,False,True,Cartão ,interior,telefone inválido
5307,69.0,2023-10-13 00:00:00,Alimentos,54.47,2.0,0.0,False,True,,  Fortaleza,
1270,833.0,2024-09-06 00:00:00,Eletrônicos,1220.81,2.0,0.0,False,True,cartao,  Zona Sul,
3123,874.0,2022-06-29 00:00:00,Acessórios,151.46,4.0,0.0,False,True,boleto,São Paulo,telefone inválido
3119,363.0,2025-07-22 00:00:00,Acessórios,139.91,2.0,0.0,False,True,boleto,CURITIBA,cliente reclamou
5276,924.0,2023-01-28 00:00:00,Eletrônicos,1427.59,2.0,0.0,False,True,Cartão ,Interior,
442,848.0,2022-05-31 00:00:00,Móveis,1346.33,1.0,0.0,False,True,boleto,VILA EVLHA,cliente reclamou
4711,372.0,2025-02-01 00:00:00,Eletrônicos,570.21,1.0,0.0,False,True,Cartão ,VILA VELHA,
5428,1103.0,2025-09-20 00:00:00,Brinquedos,212.01,4.0,0.0,False,True,dinheiro, rio de janiero  ,
4380,777.0,2022-11-15 00:00:00,Acessórios,38.24,1.0,0.15,False,True,pix,poa,cliente reclamou
6634,998.0,2024-12-21 00:00:00,Móveis,4111.19,2.0,0.0,False,True,pix,Sao Jose dos Campos,
3178,618.0,2025-04-05 00:00:00,Informática,2302.62,2.0,0.0,False,True,Cartão ,Sao Jose dos Campos,ok
4742,20.0,2024-09-16 00:00:00,Informática,1559.61,2.0,0.1,False,True,dinheiro,Belo Horizonte,telefone inválido
5260,864.0,2025-03-23 00:00:00,Escritório,451.34,3.0,0.3,False,False,dinheiro,Zona Sul,
1863,444.0,2023-06-27 00:00:00,Alimentos,73.94,3.0,0.0,False,True,pix,,ok
2483,895.0,2025-07-03 00:00:00,Acessórios,47.83,1.0,0.0,False,True,pix,BH,
6181,1008.0,2022-06-14 00:00:00,Acessórios,49.77,1.0,0.0,False,True,,Campinas,ok
3053,29.0,2022-12-28 00:00:00,Móveis,1056.02,1.0,0.3,False,True,Cartão ,recife,Entrega atrasada
3391,393.0,2022-05-06 00:00:00,Eletrônicos,676.38,1.0,0.15,False,True,pix, ,telefone inválido
2283,962.0,2022-06-13 00:00:00,Escritório,277.33,1.0,0.0,False,True,Cartão ,zona sul  ,Entrega atrasada
4854,1298.0,2024-09-30 00:00:00,Acessórios,48.63,1.0,0.0,False,True,cartao,Rio,Entrega atrasada
6708,135.0,2023-12-07 00:00:00,Informática,1166.76,1.0,0.0,False,True,cartao, poa,telefone inválido
6931,467.0,2023-01-11 00:00:00,Acessórios,76.11,2.0,0.15,False,True,cartao,SãoPaulo,cliente reclamou
829,1141.0,2025-07-26 00:00:00,Escritório,612.42,3.0,0.0,False,True,cartao,são paulo,Entrega atrasada
2520,925.0,2023-01-09 00:00:00,Escritório,548.43,2.0,0.0,False,True,, zona sul,telefone inválido
1265,132.0,2025-02-26 00:00:00,Eletrônicos,361.18,1.0,0.0,False,True,dinheiro,rj,
428,88.0,2023-01-26 00:00:00,Eletrônicos,509.61,1.0,0.05,False,True,pix,CTBA,
5674,959.0,2024-11-05 00:00:00,Móveis,1603.01,1.0,0.0,False,True,Cartão ,Salvador,
4408,1037.0,2023-03-22 00:00:00,Móveis,2717.78,2.0,0.0,False,True,boleto,Vila Velha,
4630,820.0,2025-10-28 00:00:00,Eletrônicos,9999999.99,1.0,0.0,False,True,,SP ,cliente reclamou
743,913.0,2024-05-13 00:00:00,Móveis,1246.61,1.0,0.0,False,True,boleto,CTBA,
4112,627.0,2024-12-14 00:00:00,Acessórios,61.77,1.0,0.0,False,True,Cartão ,rio de janeiro,telefone inválido
6620,710.0,2025-02-08 00:00:00,Móveis,1096.25,1.0,0.15,False,True,boleto,SAO JOSE DOS CAMPOS,cliente reclamou
5830,919.0,2025-03-24 00:00:00,Escritório,305.34,1.0,0.0,False,True,Cartão ,SJC,
3638,24.0,2024-01-12 00:00:00,Escritório,85.75,1.0,0.1,False,True,,Vila Velha,cliente reclamou
1870,332.0,2024-05-22 00:00:00,Eletrônicos,715.13,1.0,0.0,False,True,Cartão ,  SAO PAULO,ok
4141,926.0,2022-11-29 00:00:00,Escritório,636.07,3.0,0.0,False,True,,MANASU,telefone inválido
1994,298.0,2024-02-18 00:00:00,Informática,2151.2,2.0,0.0,False,True,,sã opaulo,ok
3906,428.0,2024-07-16 00:00:00,Escritório,182.43,1.0,0.0,False,True,dinheiro,,
3269,499.0,2024-01-26 00:00:00,Acessórios,49.7,1.0,0.0,False,True,cartao,campinas  ,telefone inválido
2402,321.0,2023-10-12 00:00:00,Acessórios,51.19,1.0,0.0,False,True,cartao,BH,ok
594,715.0,2025-09-01 00:00:00,Eletrônicos,620.55,1.0,0.0,False,True,dinheiro,SAO PAULO,telefone inválido
1985,6.0,2023-10-21 00:00:00,Acessórios,110.12,2.0,0.0,False,True,cartao,Curitiba,
1480,225.0,2025-03-30 00:00:00,Eletrônicos,605.81,1.0,0.0,False,True,cartao,sp,ok
954,543.0,2024-04-28 00:00:00,Escritório,210.82,1.0,0.0,False,True,dinheiro,  SAO PAULO CENTRO,Entrega atrasada
4769,1279.0,2024-10-21 00:00:00,Acessórios,71.97,2.0,0.1,False,True,,POA,Entrega atrasada
6319,804.0,2025-05-09 00:00:00,Acessórios,0.0,1.0,0.0,False,True,Cartão ,ZONA SUL,telefone inválido
1201,983.0,2022-08-15 00:00:00,Informática,599.89,1.0,0.0,False,True,,RIO DE JANEIRO,cliente reclamou
6416,813.0,2024-03-19 00:00:00,Brinquedos,199.45,3.0,0.0,False,True,Cartão ,NIETRÓI,cliente reclamou
5257,99.0,2025-06-08 00:00:00,Informática,1083.82,1.0,0.0,False,True,dinheiro,Recife,Entrega atrasada
2014,556.0,2025-05-06 00:00:00,Acessórios,100.67,2.0,0.0,False,True,,VILA VELHA,telefone inválido
1723,400.0,2024-02-20 00:00:00,Alimentos,27.46,1.0,0.0,False,True,,SJC,ok
3034,163.0,2025-06-20 00:00:00,Eletrônicos,657.21,1.0,0.0,False,True,cartao,Sao Paulo,telefone inválido
6408,762.0,2025-10-15 00:00:00,Eletrônicos,738.76,1.0,0.15,False,True,boleto,RJ,telefone inválido
4072,427.0,2024-01-18 00:00:00,,634.9,0.0,1.0,False,True,dinheiro,,cliente reclamou
5916,499.0,2025-08-02 00:00:00,Informática,710.71,1.0,0.0,False,False,cartao,BH,ok
1715,690.0,2022-11-28 00:00:00,Eletrônicos,618.61,1.0,0.0,False,True,boleto,,cliente reclamou
4046,63.0,2023-07-04 00:00:00,Escritório,206.92,1.0,0.0,False,True,Cartão ,BH,
629,853.0,2022-06-04 00:00:00,Móveis,982.21,1.0,0.0,False,True,,Sao Jose dos Campos,
5022,492.0,2025-01-22 00:00:00,Informática,756.57,1.0,0.0,True,True,dinheiro,Rio,
6270,1012.0,2025-04-25 00:00:00,Móveis,938.15,1.0,0.0,False,True,cartao,NITEROI,telefone inválido
2463,994.0,2024-12-21 00:00:00,Alimentos,0.0,5.0,0.0,False,True,cartao,Rio de Janeiro,Entrega atrasada
4223,862.0,2023-11-14 00:00:00,Acessórios,39.64,1.0,0.0,False,True,,RIO,telefone inválido
5306,1232.0,2023-03-30 00:00:00,Informática,1642.36,2.0,0.0,False,True,boleto,Niteroi,
3060,719.0,2024-11-03 00:00:00,Eletrônicos,2053.2,2.0,0.0,False,True,pix,CTBA,
2080,833.0,2025-09-22 00:00:00,Acessórios,48.56,1.0,0.0,False,True,boleto,Curitiba,ok
221,806.0,2024-04-01 00:00:00,Acessórios,29.57,0.0,1.0,False,True,Cartão ,POA,telefone inválido
6343,289.0,2023-11-21 00:00:00,Acessórios,82.22,1.0,0.15,False,True,boleto,sao paulo,ok
4403,967.0,2025-08-25 00:00:00,Eletrônicos,964.5,1.0,0.0,False,True,dinheiro,porto alegre,cliente reclamou
3008,466.0,2024-05-25 00:00:00,Alimentos,148.31,5.0,0.0,False,True,boleto,  Fortaleza ,
461,,2023-07-12 00:00:00,Informática,683.84,1.0,0.0,False,True,,SÃOPAULO,ok
6225,1486.0,2024-06-18 00:00:00,Escritório,180.41,1.0,0.1,False,True,, BH  ,
6091,294.0,2022-10-05 00:00:00,Acessórios,59.86,2.0,0.0,False,True,cartao,BH,ok
5436,1144.0,2022-06-13 00:00:00,Acessórios,36.54,1.0,0.0,False,True,pix,SJC,
4850,905.0,2025-05-27 00:00:00,Alimentos,20.73,1.0,0.0,False,True,pix,  Goiania,
4424,77.0,2022-05-14 00:00:00,Informática,3215.81,4.0,0.0,False,True,pix,SP,ok
1090,370.0,2024-07-06 00:00:00,,47.74,1.0,0.0,False,True,pix,Niteroi,Entrega atrasada
1332,1393.0,2023-02-20 00:00:00,Acessórios,46.28,1.0,0.0,False,True,Cartão ,Sao Paulo Centro,
6645,488.0,2022-08-07 00:00:00,Escritório,159.73,1.0,0.15,False,True,Cartão ,SãoPaulo,telefone inválido
1487,91.0,2022-11-11 00:00:00,Eletrônicos,1601.81,2.0,0.0,False,True,,,
3888,199.0,2023-10-14 00:00:00,Eletrônicos,779.17,1.0,0.0,False,True,Cartão ,sp,
108,570.0,2023-07-07 00:00:00,Eletrônicos,564.83,1.0,0.0,False,True,cartao,GOIANIA,telefone inválido
4679,272.0,2024-05-02 00:00:00,Informática,684.98,1.0,0.0,False,True,Cartão ,  ZONA SUL,
4585,806.0,2024-06-09 00:00:00,Acessórios,49.3,1.0,0.0,False,True,,Cuirtiba,Entrega atrasada
2913,291.0,2023-12-01 00:00:00,Informática,3350.55,,0.0,False,True,dinheiro,fortaleza,ok
4695,2.0,2023-05-28 00:00:00,Informática,1834.09,2.0,0.0,False,True,cartao,São Paluo ,
6607,1034.0,2024-11-28 00:00:00,Móveis,1445.12,1.0,0.1,False,True,dinheiro,SãoPaulo  ,telefone inválido
1107,393.0,2022-07-23 00:00:00,Informática,460.44,1.0,0.05,False,True,,  Niteroi  ,ok
5679,1163.0,2023-02-05 00:00:00,Brinquedos,180.0,5.0,0.0,False,True,cartao,GOIANIA,cliente reclamou
6850,543.0,2025-05-17 00:00:00,Eletrônicos,724.0,1.0,0.0,False,True,pix,goiania,telefone inválido
2468,1187.0,2024-01-22 00:00:00,Eletrônicos,465.12,1.0,0.0,False,True,cartao,  Sao Paulo  ,ok
4921,94.0,2022-10-28 00:00:00,Alimentos,26.07,1.0,0.0,False,True,dinheiro,SaoJ ose dos Campos,cliente reclamou
4381,101.0,2024-11-26 00:00:00,Brinquedos,314.6,4.0,0.0,False,True,Cartão ,CURITIBA,Entrega atrasada
5533,688.0,2022-01-16 00:00:00,Eletrônicos,1458.96,2.0,0.0,False,True,,,Entrega atrasada
2411,1238.0,2025-01-03 00:00:00,Eletrônicos,537.7,1.0,0.1,False,True,, SÃO PAULO ,ok
240,1014.0,2023-11-06 00:00:00,Alimentos,59.77,2.0,0.0,False,True,boleto,curitiba,
4557,619.0,2022-07-16 00:00:00,Móveis,1244.55,1.0,0.0,False,True,dinheiro,Manaus,ok
6769,1165.0,2025-01-30 00:00:00,Informática,1948.17,2.0,0.0,False,True,Cartão ,Sao Paulo,
6406,578.0,2024-08-22 00:00:00,Alimentos,31.7,2.0,0.05,False,True,boleto,RIO DE AJNEIRO,
6365,1062.0,2022-11-09 00:00:00,Escritório,1076.06,4.0,0.0,False,True,cartao,SP,Entrega atrasada
4930,1080.0,2023-04-03 00:00:00,Acessórios,41.28,1.0,0.0,False,True,cartao,salvador,
3782,190.0,2025-07-19 00:00:00,Escritório,192.04,1.0,0.0,False,True,Cartão ,,ok
560,164.0,2023-09-15 00:00:00,Eletrônicos,1244.87,2.0,0.0,False,True,Cartão ,sp,ok
194,1009.0,2024-05-16 00:00:00,Informática,906.41,1.0,0.0,False,True,Cartão ,NITEROI,telefone inválido
4272,649.0,2025-01-22 00:00:00,Brinquedos,219.71,5.0,0.0,False,True,pix,SAO PAULO,telefone inválido
4345,981.0,2022-03-29 00:00:00,Informática,1717.54,2.0,0.0,False,True,pix,Sao Jose dos Camops,cliente reclamou
5677,731.0,2024-03-14 00:00:00,Informática,1633.76,2.0,0.0,False,True,cartao,sp,
219,1090.0,2024-07-01 00:00:00,Acessórios,65.77,1.0,0.0,False,True,Cartão ,CTBA,telefone inválido
4777,105.0,2023-02-30,Escritório,252.15,1.0,0.0,False,True,,Campinas,
3851,481.0,2024-01-14 00:00:00,Eletrônicos,533.69,1.0,0.0,False,True,Cartão ,sp,Entrega atrasada
1886,1160.0,2022-08-19 00:00:00,Eletrônicos,655.82,1.0,0.0,False,True,dinheiro,Brasília,
4817,208.0,2023-08-12 00:00:00,Escritório,343.38,2.0,0.0,False,True,boleto,Goiania,Entrega atrasada
2945,155.0,2022-10-30 00:00:00,Escritório,398.26,2.0,0.0,False,True,dinheiro,BH,Entrega atrasada
2956,413.0,2024-12-27 00:00:00,Eletrônicos,1730.55,2.0,0.0,False,True,pix,Porto Algere,telefone inválido
5379,157.0,2024-02-11 00:00:00,Eletrônicos,358.48,1.0,0.0,False,True,Cartão ,CBTA,cliente reclamou
5876,685.0,2025-08-14 00:00:00,Acessórios,51.32,1.0,0.0,False,True,boleto,,ok
3304,307.0,2029-12-25 00:00:00,Acessórios,83.2,2.0,0.05,False,False,cartao,SJC,
1823,952.0,2022-02-12 00:00:00,Escritório,145.03,1.0,0.0,False,True,Cartão ,SÃOP AULO,telefone inválido
1339,1086.0,2023-06-03 00:00:00,Móveis,1501.74,1.0,0.0,False,True,,SAO PAULO CENTRO,Entrega atrasada
1389,115.0,2023-12-26 00:00:00,Informática,3719.67,4.0,0.0,True,True,,Zona Sul,Entrega atrasada
769,1456.0,2025-03-21 00:00:00,Escritório,438.53,2.0,0.0,False,True,cartao,MANUAS ,Entrega atrasada
2379,685.0,2025-05-07 00:00:00,Informática,2301.69,2.0,0.0,False,True,,,ok
5364,919.0,2022-02-22 00:00:00,Informática,3318.65,4.0,0.0,False,True,dinheiro,RIO  ,cliente reclamou
6610,1123.0,2022-06-07 00:00:00,Eletrônicos,825.22,1.0,0.0,False,True,cartao,,
420,117.0,2025-08-13 00:00:00,Escritório,204.31,1.0,0.0,False,True,cartao, NITEROI,
3144,508.0,2023-04-24 00:00:00,Eletrônicos,494.83,1.0,0.1,False,True,pix,  porto alegre,telefone inválido
5166,170.0,2024-12-05 00:00:00,Informática,869.0,1.0,0.0,False,True,cartao, ,
6683,998.0,2025-02-15 00:00:00,,252.41,1.0,0.0,False,True,Cartão ,Curitiba,
844,695.0,2022-10-09 00:00:00,Informática,906.76,1.0,0.0,False,True,,,ok
5582,13.0,2025-02-09 00:00:00,Alimentos,30.96,2.0,0.0,True,True,boleto,Rio,
3748,743.0,2023-09-20 00:00:00,Alimentos,70.22,2.0,0.0,False,True,, Curitiba,telefone inválido
6864,232.0,2023-11-08 00:00:00,Eletrônicos,0.0,2.0,0.05,False,True,pix,  SAO PAULO CENTRO,Entrega atrasada
4360,1291.0,2024-08-09 00:00:00,Informática,1234.85,1.0,0.0,False,True,cartao,SãoPaulo,Entrega atrasada
5050,932.0,2025-01-06 00:00:00,Alimentos,63.42,3.0,0.0,False,True,cartao,Rio,
733,823.0,2023-05-16 00:00:00,Informática,940.18,1.0,0.0,False,True,dinheiro,Sao Paulo Centro,Entrega atrasada
5862,1035.0,2024-02-21 00:00:00,Acessórios,33.59,1.0,0.0,True,True,cartao,FORTALEZA,Entrega atrasada
2146,389.0,2022-10-19 00:00:00,Escritório,188.04,1.0,0.0,False,True,cartao,Salvador,Entrega atrasada
3957,520.0,2025-03-04 00:00:00,Eletrônicos,488.66,1.0,0.0,False,True,boleto,Cuirtiba,
1032,247.0,2023-01-06 00:00:00,Eletrônicos,685.85,1.0,0.0,False,True,dinheiro,uCritiba,telefone inválido
2619,1062.0,2024-11-19 00:00:00,Informática,1455.06,1.0,0.0,False,True,boleto,Niteroi,cliente reclamou
3268,16.0,2025-07-02 00:00:00,Eletrônicos,343.98,1.0,0.0,False,True,boleto, r j ,Entrega atrasada
5667,1389.0,2022-09-14 00:00:00,Acessórios,42.04,1.0,0.0,False,True,,BELO HORIZONTE,Entrega atrasada
3830,878.0,2025-03-05 00:00:00,Escritório,270.7,1.0,0.0,False,True,pix,ctba,
1543,1114.0,2023-04-28 00:00:00,Móveis,5093.33,3.0,0.0,False,True,cartao,SJC  ,cliente reclamou
2144,175.0,2022-06-15 00:00:00,Eletrônicos,433.82,1.0,0.0,False,True,Cartão ,SJC,
5603,199.0,2022-06-18 00:00:00,Acessórios,108.11,2.0,0.0,False,True,Cartão ,SJC,cliente reclamou
5168,131.0,2023-11-25 00:00:00,Eletrônicos,1807.25,3.0,0.0,False,True,,  sao paulo centro  ,telefone inválido
1743,1061.0,2025-04-28 00:00:00,Informática,907.22,1.0,0.0,False,True,boleto,salvador,cliente reclamou
3995,1131.0,2023-03-27 00:00:00,Informática,757.28,1.0,0.0,False,True,pix,MANAUS,
2795,821.0,2024-04-05 00:00:00,Eletrônicos,488.26,1.0,0.0,True,True,cartao,campinas,Entrega atrasada
5556,481.0,2022-09-12 00:00:00,Brinquedos,209.52,5.0,0.0,False,True,Cartão ,GOIANIA,ok
4083,936.0,2024-06-02 00:00:00,Informática,741.93,1.0,0.0,False,True,cartao,NITERÓI,
2005,939.0,2022-12-19 00:00:00,Escritório,196.33,1.0,0.0,False,True,,SA OPAULO CENTRO,cliente reclamou
4280,975.0,2023-05-06 00:00:00,Móveis,1460.12,1.0,0.0,False,True,pix, Fortaleza  ,ok
5111,1137.0,2023-01-01 00:00:00,,94.79,4.0,0.05,False,True,cartao,BH,
2364,210.0,2025-08-26 00:00:00,Brinquedos,185.59,4.0,0.0,False,True,boleto,  Recife  ,
6097,1311.0,2023-07-06 00:00:00,Eletrônicos,1681.83,2.0,0.0,False,True,boleto,itnerior,ok
4409,417.0,2025-06-10 00:00:00,Escritório,188.11,1.0,0.0,False,True,,sp ,Entrega atrasada
526,102.0,2022-11-12 00:00:00,,151.94,3.0,0.0,False,True,pix,  rj  ,Entrega atrasada
303,123.0,2025-02-14 00:00:00,Informática,0.0,1.0,0.0,False,True,cartao,poa,cliente reclamou
378,399.0,2022-07-01 00:00:00,Eletrônicos,1923.7,,0.0,False,True,dinheiro,bh,ok
2901,1189.0,2023-04-15 00:00:00,Brinquedos,350.07,5.0,0.0,False,True,pix,Sao Paulo Centro,
3484,441.0,2022-08-07 00:00:00,Eletrônicos,798.36,1.0,0.0,False,True,cartao,Interior,ok
4259,163.0,2024-10-25 00:00:00,Móveis,1354.06,1.0,0.0,False,True,pix,porto alegre,Entrega atrasada
3056,171.0,2024-01-16 00:00:00,Eletrônicos,647.28,1.0,0.0,False,True,cartao,RIO DE JANEIRO,
4810,683.0,2023-06-05 00:00:00,Acessórios,33.58,1.0,0.1,False,True,,Goiania,
4060,973.0,2022-08-25 00:00:00,Acessórios,54.01,1.0,0.0,False,True,cartao,NITEROI,Entrega atrasada
5777,880.0,2025-07-18 00:00:00,Informática,846.42,1.0,0.0,False,True,pix,Zona Sul,Entrega atrasada
956,1467.0,2025-08-18 00:00:00,Eletrônicos,682.51,1.0,0.05,False,True,,ctba,
4938,1006.0,2022-10-19 00:00:00,Acessórios,31.95,1.0,0.1,False,True,dinheiro,salvador,cliente reclamou
3140,746.0,2025-03-02 00:00:00,Alimentos,74.11,5.0,0.0,False,True,Cartão ,  Brasília,Entrega atrasada
1626,155.0,2025-03-24 00:00:00,Escritório,466.07,3.0,0.0,False,True,dinheiro,recife,Entrega atrasada
6135,784.0,2023-07-03 00:00:00,Informática,2915.59,4.0,0.0,False,True,,Brasília,ok
1923,342.0,2023-12-28 00:00:00,Escritório,246.1,1.0,0.0,False,True,boleto,bh,ok
599,1171.0,2029-12-25 00:00:00,Acessórios,57.67,1.0,0.0,False,True,cartao,CTBA  ,
209,1002.0,2025-01-15 00:00:00,Móveis,891.87,1.0,0.0,False,True,Cartão ,Porto Alegre,cliente reclamou
2281,924.0,2025-07-15 00:00:00,,523.55,3.0,0.0,False,False,cartao,  ctba,telefone inválido
4468,608.0,2025-03-08 00:00:00,Escritório,247.92,1.0,0.0,False,True,cartao,NITEROI,
4282,1023.0,2024-10-10 00:00:00,Móveis,5657.71,4.0,0.0,False,True,dinheiro,bh,cliente reclamou
3154,374.0,2023-02-30,Acessórios,146.42,4.0,0.0,True,True,boleto,Porto Alegre,
4797,841.0,2022-04-03 00:00:00,Móveis,1527.48,2.0,0.3,False,True,, RJ  ,
3611,795.0,2023-07-26 00:00:00,Brinquedos,317.51,4.0,0.0,False,True,cartao,Curitiba,cliente reclamou
3261,24.0,2024-08-12 00:00:00,,184.07,1.0,0.0,False,True,Cartão ,belo horizonte,telefone inválido
2069,30.0,2025-10-21 00:00:00,Escritório,130.55,1.0,0.0,False,True,boleto,Fortlaeza,
6874,29.0,2024-10-07 00:00:00,Brinquedos,154.76,2.0,0.15,False,True,Cartão ,fortaleza,ok
2886,1230.0,2024-02-08 00:00:00,Alimentos,37.97,2.0,0.0,False,True,,rio,ok
3226,910.0,2023-06-14 00:00:00,Acessórios,45.49,1.0,0.0,False,True,dinheiro,CAMPINAS ,ok
4660,972.0,2025-09-12 00:00:00,,392.83,6.0,0.0,False,True,dinheiro, Rio,telefone inválido
4546,945.0,2023-02-04 00:00:00,Brinquedos,179.7,3.0,0.0,False,True,Cartão ,,
6753,702.0,2024-06-15 00:00:00,Eletrônicos,623.48,1.0,0.0,False,True,pix,FORTALEZA,
4372,1049.0,2025-06-10 00:00:00,Brinquedos,69.39,1.0,0.0,False,True,,rio de janeiro,ok
5434,1078.0,2024-07-29 00:00:00,Eletrônicos,750.8,1.0,0.0,False,True,,Campinas  ,cliente reclamou
965,235.0,2025-08-15 00:00:00,Móveis,2971.68,2.0,0.0,False,True,dinheiro,Porto Alegre,telefone inválido
1590,250.0,2022-08-25 00:00:00,Alimentos,42.52,2.0,0.0,False,True,cartao,sp  ,cliente reclamou
3114,179.0,2022-03-21 00:00:00,Brinquedos,217.68,3.0,0.0,False,True,pix,SP,
2803,1138.0,2024-09-06 00:00:00, Móveis ,775.42,1.0,0.0,False,True,dinheiro, rio de janeiro  ,cliente reclamou
6493,386.0,2025-01-13 00:00:00,Eletrônicos,728.32,1.0,0.0,False,True,boleto,SaoPaulo,telefone inválido
4182,7.0,2024-01-10 00:00:00,Escritório,150.24,1.0,0.0,False,True,, Manaus ,Entrega atrasada
1271,893.0,2023-01-04 00:00:00,Alimentos,69.47,4.0,0.0,False,True,cartao,POA,cliente reclamou
1563,1158.0,2022-06-10 00:00:00,Eletrônicos,1042.28,2.0,0.1,False,True,Cartão ,RJ,ok
2747,1.0,2025-01-10 00:00:00,Informática,796.57,1.0,0.1,False,True,cartao,Brasília,
4741,762.0,2022-05-31 00:00:00,Escritório,79.04,1.0,0.0,False,True,pix,Sao Paulo,ok
2288,294.0,2024-05-11 00:00:00,Escritório,245.62,1.0,0.0,False,True,cartao, salvador ,
5748,772.0,2024-08-13 00:00:00,Informática,1728.49,2.0,0.0,False,True,dinheiro,ZONA SUL,telefone inválido
980,115.0,2023-10-31 00:00:00,Informática,3641.67,3.0,0.0,False,True,,são paulo,ok
3674,628.0,2023-07-12 00:00:00,Escritório,182.07,1.0,0.0,False,True,pix,SP,cliente reclamou
5290,178.0,2022-02-16 00:00:00,,870.94,1.0,0.05,False,True,cartao,Rio,
144,879.0,2024-12-29 00:00:00,Informática,1200.5,1.0,0.0,False,True,dinheiro,Salvador,ok
2305,830.0,2024-03-09 00:00:00,Móveis,1391.11,1.0,0.0,False,True,,Sao Jose dos Campos,
184,984.0,2023-02-04 00:00:00,Brinquedos,211.92,3.0,0.0,False,True,dinheiro,  porto alegre ,ok
6837,998.0,2025-10-25 00:00:00,Informática,523.73,1.0,0.1,False,True,cartao,Porto Alegre,telefone inválido
2682,685.0,2022-04-23 00:00:00,,696.78,1.0,0.0,False,True,cartao,  ,
5617,1019.0,2023-08-24 00:00:00,Informática,1008.86,1.0,0.05,False,True,pix,Fortaleza,ok
5246,1082.0,2023-06-19 00:00:00,Informática,3398.72,4.0,0.0,False,True,,recife,Entrega atrasada
1932,,2025-07-01 00:00:00,Informática,833.39,2.0,0.0,False,True,cartao,Rio,
979,745.0,2024-11-05 00:00:00,Alimentos,83.73,3.0,0.0,False,True,boleto,CTBA,ok
4247,432.0,2023-10-29 00:00:00,Móveis,7636.21,5.0,0.0,False,True,,cuirtiba,
4846,815.0,2024-11-13 00:00:00,Acessórios,142.42,2.0,0.0,False,True,Cartão , Sao Jose dos Campos  ,telefone inválido
207,22.0,2025-08-08 00:00:00,Informática,1764.75,2.0,0.0,False,True,pix,MANAUS,
726,447.0,2022-08-05 00:00:00,Informática,723.59,1.0,0.0,False,True,Cartão ,SP ,ok
4214,845.0,2023-09-25 00:00:00,Escritório,160.97,1.0,0.15,False,True,pix,bh,
730,676.0,2025-03-03 00:00:00,Acessórios,62.46,1.0,0.0,False,True,dinheiro,MANAUS,
1050,638.0,2022-09-26 00:00:00,Brinquedos,216.45,3.0,0.15,False,True,,  CURITIBA,telefone inválido
3520,276.0,2023-11-18 00:00:00,Informática,2963.24,2.0,0.0,False,True,pix,sp,ok
6718,796.0,2024-03-07 00:00:00,Escritório,186.25,1.0,0.0,False,True,pix,Recife,ok
2370,778.0,2025-07-27 00:00:00,Móveis,5720.75,4.0,0.0,False,True,Cartão ,RIO DE JANEIRO,
5987,166.0,2024-01-16 00:00:00,Eletrônicos,1935.98,4.0,0.0,False,True,Cartão ,  SAO JOSE DOS CAMPOS  ,cliente reclamou
5573,7.0,2024-01-08 00:00:00,Acessórios,34.07,1.0,0.0,False,True,Cartão ,Rio de Janeiro,telefone inválido
4350,351.0,2023-12-28 00:00:00,Informática,616.22,1.0,0.0,False,True,pix,Goiaina,Entrega atrasada
2603,869.0,2024-03-31 00:00:00,Informática,1234.24,1.0,0.0,False,True,cartao,BRASÍLIA,
586,1303.0,2022-08-31 00:00:00,Brinquedos,-193.26,3.0,0.0,False,True,Cartão ,Rio,telefone inválido
3786,79.0,2023-05-08 00:00:00,Alimentos,51.18,2.0,0.0,False,True,Cartão ,são paulo,telefone inválido
2734,410.0,2024-05-09 00:00:00,Eletrônicos,485.16,1.0,0.0,False,True,,  BH  ,
424,220.0,2023-05-29 00:00:00,Eletrônicos,712.55,1.0,0.0,False,True,Cartão ,SJC,ok
5295,600.0,2023-04-27 00:00:00,Acessórios,60.03,2.0,0.3,False,True,boleto,Porto Alegre,
2575,750.0,2023-01-26 00:00:00,Escritório,273.45,3.0,0.0,False,True,boleto,Goiania,telefone inválido
1604,173.0,2022-12-24 00:00:00,Escritório,351.43,2.0,0.1,False,True,Cartão ,Soa Paulo,cliente reclamou
4623,199.0,2023-11-16 00:00:00,Escritório,0.0,1.0,0.0,False,True,,  sao paulo ,
5167,1172.0,2025-04-30 00:00:00,Escritório,712.43,,0.0,False,True,dinheiro,FORTALEZA,
1001,371.0,2024-04-08 00:00:00,Escritório,247.25,2.0,0.0,False,True,Cartão , RIO,telefone inválido
415,595.0,2024-03-06 00:00:00,,281.63,4.0,0.0,False,True,boleto,VILA VELHA,
5302,1456.0,2022-08-10 00:00:00,Brinquedos,212.59,4.0,0.0,False,True,pix,fortalzea,
3441,870.0,2023-09-20 00:00:00,Alimentos,21.01,1.0,0.05,False,True,dinheiro,INTERIOR,cliente reclamou
5812,1197.0,2023-01-05 00:00:00,Acessórios,30.3,1.0,0.15,False,True,pix,niterói,telefone inválido
2806,985.0,2023-09-28 00:00:00,Escritório,492.31,2.0,0.0,False,True,boleto,Zona Sul,ok
2459,2.0,2024-03-05 00:00:00,Eletrônicos,0.0,3.0,0.0,False,True,boleto,goiania,Entrega atrasada
3907,,2024-10-15 00:00:00,Eletrônicos,403.66,1.0,0.0,False,True,,sao paulo,cliente reclamou
5345,,2024-08-17 00:00:00,Brinquedos,109.86,3.0,0.0,False,True,cartao,São Paulo  ,
13,49.0,2025-01-19 00:00:00,Eletrônicos,473.18,1.0,0.0,False,True,Cartão ,sp,
1376,483.0,2023-10-01 00:00:00,Alimentos,14.39,1.0,0.0,False,True,Cartão , sao paulo ,cliente reclamou
177,921.0,2024-08-06 00:00:00,Acessórios,69.36,1.0,0.0,False,True,dinheiro,brasília,
4026,721.0,2024-02-11 00:00:00,Brinquedos,9999999.99,-3.0,0.0,False,True,dinheiro,RIO DE JANEIRO,Entrega atrasada
6550,1202.0,2022-03-28 00:00:00,Eletrônicos,624.13,1.0,0.0,False,True,dinheiro,ZONA SUL,Entrega atrasada
4064,245.0,2025-06-17 00:00:00, Brinquedos  ,84.06,2.0,0.0,False,True,dinheiro,SP  ,Entrega atrasada
2562,1125.0,2023-02-03 00:00:00,Eletrônicos,783.75,,0.0,False,True,dinheiro,rio,cliente reclamou
24,526.0,2025-05-15 00:00:00,Escritório,245.24,1.0,0.0,False,True,dinheiro,,
5209,173.0,2022-03-15 00:00:00,Alimentos,61.58,3.0,0.0,False,True,cartao,  Manaus  ,telefone inválido
2626,527.0,2023-05-05 00:00:00,Alimentos,60.19,4.0,0.0,False,True,cartao, Goiania,cliente reclamou
5535,1302.0,2025-03-01 00:00:00,Brinquedos,348.73,5.0,0.0,False,True,Cartão ,PORTO ALEGRE,
2611,855.0,2023-12-19 00:00:00,Informática,1323.97,1.0,0.0,False,True,cartao,SP,
2512,48.0,2024-03-10 00:00:00,Informática,826.24,1.0,0.0,False,True,,Niteroi,
4492,167.0,2024-07-15 00:00:00,Eletrônicos,719.46,1.0,0.0,False,True,boleto,rj,telefone inválido
4498,1430.0,2025-03-06 00:00:00,Informática,1275.13,1.0,0.0,False,True,boleto,sp,ok
543,796.0,2022-08-24 00:00:00,Eletrônicos,1266.67,2.0,0.3,False,True,,RIO,Entrega atrasada
5815,286.0,2024-06-28 00:00:00,Eletrônicos,1018.67,1.0,0.0,False,True,boleto,Curitiba,cliente reclamou
3931,802.0,2029-12-25 00:00:00,Móveis,2334.5,1.0,0.0,False,True,pix,bh,Entrega atrasada
390,1119.0,2022-05-13 00:00:00,Móveis,2767.2,2.0,0.0,False,True,Cartão ,sp,ok
6451,657.0,2022-01-04 00:00:00,Eletrônicos,561.83,1.0,0.0,False,True,,VILA VELHA,
1955,162.0,2025-05-23 00:00:00,Eletrônicos,2056.87,3.0,0.0,False,True,cartao,Curitiba,cliente reclamou
3829,,2024-10-28 00:00:00,Informática,1571.5,2.0,0.15,False,True,cartao,SALVADOR,Entrega atrasada
3947,872.0,2023-10-15 00:00:00,Alimentos,113.71,4.0,0.1,False,True,,CTBA,Entrega atrasada
2816,,2022-06-28 00:00:00,Eletrônicos,1332.19,2.0,0.0,False,True,boleto, NITEROI  ,telefone inválido
2768,1123.0,2023-12-28 00:00:00,Escritório,419.11,3.0,0.0,False,True,pix,ZONA SUL,cliente reclamou
1106,1166.0,2024-04-04 00:00:00,Escritório,474.58,3.0,0.0,False,True,boleto,Manaus,ok
5358,479.0,2024-03-14 00:00:00,Informática,468.26,1.0,0.0,False,True,pix,Campinsa,
4987,,2023-10-18 00:00:00,Escritório,241.19,3.0,0.0,False,True,,rio de janeiro,
3373,117.0,2022-04-30 00:00:00,Alimentos,49.98,3.0,0.0,False,True,,SP,telefone inválido
4275,,2024-08-07 00:00:00,,376.44,2.0,0.0,True,True,dinheiro,sp,Entrega atrasada
3483,490.0,2023-09-23 00:00:00,Escritório,414.62,2.0,0.0,True,False,,manaus,cliente reclamou
6749,1084.0,2022-02-20 00:00:00,Escritório,302.84,2.0,0.0,False,True,cartao,SP,
3105,94.0,2024-08-14 00:00:00,Eletrônicos,1300.88,2.0,0.0,False,True,pix, rio de janeiro  ,
4362,1091.0,2022-06-05 00:00:00,Informática,4494.67,5.0,0.0,False,True,boleto,belo horizonte,cliente reclamou
5738,967.0,2025-04-22 00:00:00,Acessórios,83.01,2.0,0.0,False,True,Cartão ,SAO PAULO CENTRO,
6407,108.0,2025-02-07 00:00:00,Eletrônicos,773.01,1.0,0.0,False,True,pix,POA,ok
5680,620.0,2023-02-03 00:00:00,Informática,1190.79,1.0,0.0,False,True,,PORTO ALEGRE,
6382,846.0,2022-11-27 00:00:00,Escritório,260.21,1.0,0.0,False,True,Cartão ,SÃO PUALO,
3015,1032.0,2029-12-25 00:00:00,Eletrônicos,667.12,1.0,0.0,False,True,cartao,SJC ,ok
6641,553.0,2023-01-01 00:00:00,Eletrônicos,0.0,1.0,0.0,False,True,pix,sp,telefone inválido
6970,623.0,2024-10-30 00:00:00,Informática,1149.44,1.0,0.0,False,True,pix,ZONA SUL,telefone inválido
5027,928.0,2024-03-26 00:00:00,Brinquedos,116.69,2.0,0.0,False,True,boleto,sp,
1433,313.0,2023-02-06 00:00:00,Acessórios,31.9,1.0,0.0,False,True,pix,SãoPaulo,ok
129,106.0,2022-08-27 00:00:00,Eletrônicos,1066.33,2.0,0.0,False,True,cartao,Campinas  ,ok
3179,205.0,2023-08-29 00:00:00,Escritório,173.76,1.0,0.0,False,True,, SP,cliente reclamou
5420,111.0,2022-01-28 00:00:00,Acessórios,51.33,2.0,0.1,False,True,, sp  ,Entrega atrasada
5329,481.0,2024-09-07 00:00:00,Acessórios,50.22,1.0,0.0,False,True,,  Sao Paulo  ,ok
2000,316.0,2022-09-22 00:00:00,Acessórios,34.19,1.0,0.0,False,True,,Goiania  ,ok
1880,214.0,2023-08-09 00:00:00,Informática,1015.83,1.0,0.0,False,True,cartao,  Belo Horizonte,Entrega atrasada
1908,1143.0,2029-12-25 00:00:00,Eletrônicos,1283.54,2.0,0.0,False,True,boleto,Interior,cliente reclamou
3454,,2023-05-03 00:00:00,Escritório,214.13,1.0,0.0,False,True,cartao,curitiba,
145,,2022-07-05 00:00:00,Eletrônicos,636.44,1.0,0.0,False,True,,são paulo,telefone inválido
2632,,2024-01-07 00:00:00,Eletrônicos,889.47,1.0,0.0,False,True,cartao,niteroi ,ok
5808,123.0,2025-06-18 00:00:00,Eletrônicos,511.52,1.0,0.0,False,True,pix,,
1416,1104.0,2023-05-04 00:00:00,Eletrônicos,608.12,1.0,0.0,False,True,,salvador,
6738,840.0,2023-11-15 00:00:00,Eletrônicos,503.77,1.0,0.0,False,True,pix,,ok
5274,817.0,2023-04-22 00:00:00,Escritório,159.89,1.0,0.0,False,True,pix,Rio,
1123,1474.0,2022-07-11 00:00:00,Eletrônicos,666.66,1.0,0.0,False,False,,Barsília,cliente reclamou
4569,67.0,2022-02-12 00:00:00,Informática,984.51,1.0,0.0,False,True,cartao,rio de janeiro,Entrega atrasada
1556,481.0,2023-05-13 00:00:00,Informática,1038.85,1.0,0.0,False,True,,braslíia,Entrega atrasada
1649,1157.0,2024-06-07 00:00:00,Eletrônicos,1719.99,3.0,0.0,False,True,dinheiro, Sao Paulo  ,
4437,539.0,2024-08-14 00:00:00,Eletrônicos,2154.68,3.0,0.0,False,True,cartao,RJ,telefone inválido
2861,569.0,2024-01-15 00:00:00,Informática,789.96,1.0,0.0,False,True,cartao,sao paulo,
6499,955.0,2025-04-10 00:00:00,Informática,9999999.99,1.0,0.0,False,True,cartao,SÃO PAULO,Entrega atrasada
446,146.0,2022-01-23 00:00:00,Escritório,259.32,1.0,0.0,False,True,pix, fortaleza ,cliente reclamou
3147,776.0,2022-07-26 00:00:00,Eletrônicos,1886.32,2.0,0.0,False,True,boleto,Manaus,
5261,701.0,2024-08-18 00:00:00,Eletrônicos,2234.76,3.0,0.0,False,True,cartao,SAO PUALO,ok
6149,1120.0,2023-08-28 00:00:00,Escritório,206.06,1.0,0.0,False,True,boleto, belo horizonte,
2638,715.0,2023-01-22 00:00:00,Eletrônicos,2172.72,2.0,0.0,False,True,,São Paulo,cliente reclamou
835,99.0,2025-01-06 00:00:00,Móveis,687.1,1.0,0.0,False,True,boleto,SAO JOSE DOS CAMPOS,ok
2736,1434.0,2029-12-25 00:00:00,Escritório,277.57,1.0,0.0,False,True,dinheiro,,
3425,334.0,2024-10-10 00:00:00,Acessórios,30.63,1.0,0.0,False,True,Cartão ,Salvador,ok
1417,518.0,2023-03-11 00:00:00,Acessórios,60.17,1.0,0.0,False,True,boleto,SALVADOR,
1120,708.0,2025-10-23 00:00:00,Escritório,102.95,1.0,0.0,False,True,dinheiro,,
5470,487.0,2025-01-08 00:00:00,Informática,1098.17,1.0,0.0,False,True,boleto,SÃO PAULO,
326,1361.0,2022-06-24 00:00:00,Móveis,1251.31,1.0,0.0,False,True,Cartão ,são paulo,
3709,1168.0,2023-11-19 00:00:00,Eletrônicos,777.03,1.0,0.0,False,True,boleto,SAO JOSE DOS CAMPOS,telefone inválido
704,,2023-08-14 00:00:00,Informática,906.83,1.0,0.0,False,True,pix,  SP  ,telefone inválido
5689,1068.0,2023-10-19 00:00:00,Eletrônicos,760.29,1.0,0.0,False,True,boleto,Goiania,Entrega atrasada
1507,1039.0,2024-03-28 00:00:00,Eletrônicos,595.71,1.0,0.0,False,True,pix,SJC,
4459,902.0,2025-02-27 00:00:00,Informática,657.56,1.0,0.0,False,True,cartao,RJ,ok
6586,991.0,2025-07-18 00:00:00,Informática,4708.51,3.0,0.0,False,True,Cartão ,Vila Velah,
1515,855.0,2023-09-05 00:00:00,Eletrônicos,1508.09,2.0,0.0,False,True,cartao,CTBA,ok
4343,1367.0,2024-03-30 00:00:00,Informática,647.24,1.0,0.0,False,True,boleto,  salvador ,telefone inválido
107,465.0,2025-08-01 00:00:00,Escritório,163.25,1.0,0.3,False,True,cartao,Sao Jose dos Campos,Entrega atrasada
2328,1426.0,2023-11-15 00:00:00,Eletrônicos,566.07,1.0,0.0,False,True,pix,Sao Paulo,Entrega atrasada
3798,147.0,2024-01-14 00:00:00,Informática,1699.49,2.0,0.0,False,True,pix,campinas,Entrega atrasada
1998,605.0,2024-07-07 00:00:00,Eletrônicos,749.64,1.0,0.0,False,True,Cartão ,Salvador,cliente reclamou
2031,1286.0,2024-10-22 00:00:00,Brinquedos,186.52,3.0,0.0,False,True,Cartão ,INTERIOR,
6987,785.0,2023-02-16 00:00:00,Escritório,279.31,2.0,0.0,False,True,,FORTALEZA,cliente reclamou
73,1054.0,2024-05-18 00:00:00,Escritório,1151.68,5.0,0.0,False,True,Cartão ,SAO PAULO CENTRO,
5624,886.0,2024-09-13 00:00:00,Móveis,1118.95,1.0,0.0,False,True,dinheiro,  RECIFE,
4551,1154.0,2024-06-20 00:00:00,Eletrônicos,627.81,1.0,0.0,False,True,dinheiro,  ,ok
817,596.0,2025-01-09 00:00:00,Acessórios,105.22,2.0,0.0,False,True,,Sao Paulo,
4260,158.0,2025-01-23 00:00:00,Brinquedos,76.2,1.0,0.0,False,True,cartao,Goiania,telefone inválido
6235,477.0,2022-07-21 00:00:00,Acessórios,40.03,1.0,0.0,False,True,boleto,Salvador,ok
1352,842.0,2023-04-19 00:00:00,Brinquedos,146.45,2.0,0.0,False,True,,SP,
5493,1200.0,2024-08-13 00:00:00,,111.76,2.0,0.0,False,True,boleto, Rio de Janeiro  ,Entrega atrasada
5936,1185.0,2024-09-03 00:00:00,Móveis,1082.31,1.0,0.0,False,True,pix,sã opaulo  ,
3462,200.0,2025-05-08 00:00:00,Eletrônicos,613.0,1.0,0.0,False,True,cartao,Sao Paulo Centro,Entrega atrasada
918,12.0,2023-10-23 00:00:00,Brinquedos,245.29,4.0,0.0,False,True,Cartão ,são paulo,
6705,547.0,2024-08-25 00:00:00,Eletrônicos,636.93,1.0,0.0,True,True,,NITEROI,ok
3911,,2025-03-19 00:00:00,Escritório,179.06,1.0,0.0,False,True,boleto,Rio de Janeiro,Entrega atrasada
5549,1175.0,2022-06-06 00:00:00,,344.28,5.0,0.0,False,True,cartao,POTRO ALEGRE,telefone inválido
1749,99.0,2022-02-01 00:00:00,Escritório,252.86,1.0,0.0,False,True,dinheiro,  rio de janeiro  ,Entrega atrasada
4312,1278.0,2025-04-01 00:00:00,Escritório,538.57,3.0,0.0,False,True,dinheiro,bh,
3205,874.0,2023-07-08 00:00:00,Brinquedos,251.03,4.0,0.0,False,True,pix,   ,cliente reclamou
1966,1254.0,2023-05-27 00:00:00,Acessórios,125.94,4.0,0.15,False,True,pix,BH,telefone inválido
2635,906.0,2023-12-19 00:00:00,Informática,2315.75,2.0,0.0,True,True,Cartão ,NITERÓI,cliente reclamou
180,298.0,2024-02-28 00:00:00,Escritório,176.11,1.0,0.0,False,True,boleto,,ok
6951,1387.0,2022-07-26 00:00:00,Escritório,170.69,1.0,0.0,False,True,,Braslíia,
5424,469.0,2024-10-04 00:00:00,Alimentos,61.86,4.0,0.0,False,True,cartao,SãoPaulo,
201,662.0,2023-01-25 00:00:00,Brinquedos,173.84,3.0,0.0,False,True,,Vila Velha,ok
5777,880.0,2025-07-18 00:00:00,Informática,846.42,1.0,0.0,False,True,pix,Zona Sul,Entrega atrasada
6268,38.0,2022-05-24 00:00:00,Móveis,1934.15,1.0,0.0,False,True,boleto,Sao Paulo,cliente reclamou
1485,1161.0,2023-02-30,Acessórios,33.82,1.0,0.0,False,True,pix,Belo Horizonte ,
3298,1498.0,2023-10-01 00:00:00,Acessórios,112.07,3.0,0.05,False,True,pix,saopaluo,
645,839.0,2023-05-22 00:00:00,Brinquedos,70.41,1.0,0.0,False,True,pix, SJC,cliente reclamou
5501,323.0,2023-08-15 00:00:00,Acessórios,71.57,2.0,0.0,False,True,boleto,SJC,cliente reclamou
6805,690.0,2024-02-14 00:00:00,Alimentos,63.43,3.0,0.0,False,True,boleto,  campians  ,
5195,982.0,2022-10-04 00:00:00,Escritório,392.87,2.0,0.0,False,True,,Salvador,
3943,818.0,2025-04-27 00:00:00,Acessórios,30.15,1.0,0.0,False,True,pix,são paulo,Entrega atrasada
2907,69.0,2024-11-07 00:00:00,Eletrônicos,0.0,3.0,0.0,False,True,dinheiro,SJC,cliente reclamou
797,84.0,2022-03-28 00:00:00,Informática,2150.66,2.0,0.0,False,True,,bh,ok
5827,310.0,2023-08-07 00:00:00,Brinquedos,421.26,7.0,0.0,False,True,cartao,GOIANIA ,
1894,833.0,2024-06-08 00:00:00,Escritório,373.21,2.0,0.0,False,True,Cartão ,sp,Entrega atrasada
1663,392.0,2023-05-12 00:00:00,Acessórios,126.3,2.0,0.0,False,True,Cartão ,bh,cliente reclamou
4134,1101.0,2024-01-31 00:00:00,Escritório,141.91,1.0,0.3,False,True,,  SP,telefone inválido
1760,459.0,2025-06-15 00:00:00,Alimentos,52.91,4.0,0.0,False,True,dinheiro, r j,cliente reclamou
4716,135.0,2024-08-02 00:00:00,Eletrônicos,603.41,1.0,0.0,False,False,,  são paulo ,cliente reclamou
6029,736.0,2022-01-15 00:00:00,Escritório,113.81,1.0,0.15,False,True,,BELO HORIZONTE,cliente reclamou
1860,1026.0,2023-04-14 00:00:00,Eletrônicos,1510.81,2.0,0.0,False,True,dinheiro,SJC,ok
6378,357.0,2024-04-06 00:00:00,Escritório,802.88,,0.0,False,True,cartao,interior,Entrega atrasada
1725,1406.0,2025-06-27 00:00:00,Informática,865.51,1.0,0.0,False,True,,SÃO PAULO,cliente reclamou
6937,786.0,2023-12-03 00:00:00,Móveis,5007.8,3.0,0.0,False,True,,Fortaleza,telefone inválido
5800,764.0,2023-05-08 00:00:00,,1712.98,2.0,0.05,False,True,cartao,INTERIOR,cliente reclamou
1970,548.0,2023-01-07 00:00:00,Móveis,2782.2,2.0,0.0,False,True,cartao,Sao Jose dos Campos,
4659,1255.0,2023-01-05 00:00:00,Brinquedos,160.39,3.0,0.0,False,True,cartao,NITEROI,ok
4898,1138.0,2024-09-05 00:00:00,Móveis,8043.48,4.0,0.0,False,True,pix,,Entrega atrasada
293,83.0,2023-04-22 00:00:00,Eletrônicos,545.14,1.0,0.0,False,True,cartao,Sao Paulo,Entrega atrasada
6124,1200.0,2023-06-19 00:00:00,Escritório,237.35,1.0,0.0,False,True,cartao, SJC  ,
2987,,2025-10-30 00:00:00,Móveis,645.74,1.0,0.3,False,True,,Belo Horizonte,
3860,555.0,2023-12-14 00:00:00,Móveis,5025.83,3.0,0.0,False,True,boleto,São Paulo,
4098,793.0,2024-09-12 00:00:00,Escritório,292.25,2.0,0.0,False,True,boleto,BRASÍLIA,
4504,139.0,2024-03-31 00:00:00,Acessórios,114.7,2.0,0.0,False,True,Cartão , POA,
6849,147.0,2023-08-13 00:00:00,Móveis,1973.01,2.0,0.0,False,True,pix,SJC,telefone inválido
1048,541.0,2023-06-24 00:00:00,Informática,802.27,1.0,0.0,True,True,cartao,  SAO JOSE DOS CAMPOS,ok
4009,430.0,2024-08-01 00:00:00,Informática,1321.97,2.0,0.3,False,True,pix, rio  ,
2545,1213.0,2022-12-29 00:00:00,Eletrônicos,1191.97,1.0,0.0,False,False,cartao,,Entrega atrasada
581,1497.0,2025-04-20 00:00:00,Acessórios,48.26,1.0,0.0,False,True,cartao, RJ,
4583,1259.0,2023-08-01 00:00:00,Brinquedos,62.6,1.0,0.0,False,True,dinheiro,  hb,
1207,761.0,2025-02-27 00:00:00,Acessórios,71.46,2.0,0.0,False,True,boleto,VILA VELHA,
2583,1113.0,2023-04-16 00:00:00,Informática,1572.46,1.0,0.0,False,True,pix,são pualo,Entrega atrasada
2657,1053.0,2023-12-10 00:00:00,Eletrônicos,603.71,1.0,0.0,False,True,Cartão ,  ,
5445,1015.0,2025-06-29 00:00:00,Acessórios,49.01,1.0,0.0,False,True,pix,  BELO HORIZONTE,telefone inválido
2944,146.0,2024-08-28 00:00:00,Eletrônicos,2660.57,3.0,0.0,False,True,boleto,sp,
1233,1309.0,2023-10-25 00:00:00,Alimentos,25.29,1.0,0.3,False,True,Cartão ,são paulo,telefone inválido
2270,1174.0,2023-05-31 00:00:00,Acessórios,141.84,3.0,0.05,False,True,dinheiro,PORTO ALEGER,Entrega atrasada
1636,511.0,2023-05-14 00:00:00,Acessórios,55.36,1.0,0.0,False,True,cartao,zona sul,ok
2083,1109.0,2023-03-09 00:00:00,Móveis,1669.61,1.0,0.0,False,True,cartao,são paulo,
5861,1134.0,2024-05-27 00:00:00,Eletrônicos,492.09,1.0,0.0,False,True,boleto,Belo Horizonte  ,Entrega atrasada
507,,2023-12-08 00:00:00,Informática,1638.42,1.0,0.0,False,True,,Zona Sul,cliente reclamou
4494,158.0,2024-06-02 00:00:00,Acessórios,183.26,4.0,0.0,False,True,boleto,POA,cliente reclamou
2576,64.0,2022-04-11 00:00:00,Acessórios,36.35,,0.0,False,True,dinheiro,rio de janeiro,cliente reclamou
373,1060.0,2024-10-18 00:00:00,Brinquedos,132.84,3.0,0.0,False,True,,RECIFE,ok
2739,199.0,2023-08-08 00:00:00,Acessórios,120.43,2.0,0.0,False,True,boleto,vila velha,Entrega atrasada
483,1428.0,2022-08-08 00:00:00,Alimentos,78.03,4.0,0.05,False,True,boleto,RJ,
5239,408.0,2022-10-19 00:00:00,Eletrônicos,2073.29,3.0,0.0,False,True,pix,Interior,
2108,693.0,2023-03-15 00:00:00,Alimentos,74.74,3.0,0.0,False,True,pix,poa,cliente reclamou
2078,248.0,2025-07-24 00:00:00,Alimentos,40.88,2.0,0.15,False,True,dinheiro,RIO DE JANEIRO,
124,807.0,2025-09-07 00:00:00,Eletrônicos,1054.69,1.0,0.0,True,True,pix,rio de janeiro,Entrega atrasada
239,33.0,2023-11-13 00:00:00,Escritório,245.26,1.0,0.0,False,True,Cartão ,  Niterói  ,
1740,318.0,2024-04-25 00:00:00,Alimentos,13.87,1.0,0.0,False,True,pix,bh,telefone inválido
5431,145.0,2024-10-24 00:00:00,Informática,630.04,1.0,0.0,False,True,dinheiro,SOÃPAULO,cliente reclamou
1003,132.0,2022-06-17 00:00:00,Informática,1480.46,1.0,0.0,False,True,Cartão , POA,telefone inválido
2566,586.0,2023-11-24 00:00:00,Escritório,135.36,1.0,0.0,False,True,cartao,Zona Sul,cliente reclamou
3260,209.0,2024-10-04 00:00:00,Informática,1013.61,1.0,0.0,False,True,boleto,são paulo,telefone inválido
4096,,2022-06-13 00:00:00,Informática,1152.23,1.0,0.0,False,True,Cartão ,SJC,telefone inválido
6670,415.0,2025-08-08 00:00:00,Eletrônicos,668.54,1.0,0.0,False,True,cartao,SÃO PAULO,ok
3134,952.0,2025-06-28 00:00:00,,934.47,4.0,0.0,False,True,,Zona Sul,telefone inválido
6922,870.0,2024-08-19 00:00:00,Eletrônicos,774.58,1.0,0.0,False,True,cartao,BH,Entrega atrasada
616,56.0,2022-03-10 00:00:00,Móveis,1295.97,1.0,0.3,False,True,boleto,RIO DE JANEIRO,
3199,97.0,2024-08-21 00:00:00,Eletrônicos,524.97,1.0,0.3,False,True,,Sao Paulo,Entrega atrasada
163,195.0,2022-05-06 00:00:00,Brinquedos,243.66,4.0,0.0,False,True,pix,  MANAUS ,cliente reclamou
3935,572.0,2022-08-03 00:00:00,Móveis,1446.22,1.0,0.0,False,False,,Manaus,cliente reclamou
5176,348.0,2025-08-08 00:00:00,Escritório,119.51,,0.0,False,True,Cartão ,São Paulo,ok
2438,403.0,2022-09-24 00:00:00,Brinquedos,262.84,5.0,0.0,False,True,,POA  ,Entrega atrasada
6648,873.0,2023-06-20 00:00:00,Acessórios,65.56,1.0,0.0,False,True,dinheiro,Brasília ,ok
1056,901.0,2024-12-14 00:00:00,Acessórios,58.91,1.0,0.0,False,True,Cartão ,sp,
4866,171.0,2023-07-03 00:00:00,Móveis,1084.85,1.0,0.0,False,True,dinheiro,SAO JOSE DOS CAMPOS,
3671,75.0,2023-04-08 00:00:00,Escritório,775.19,3.0,0.0,False,True,boleto,niteroi,
2446,89.0,2024-12-25 00:00:00,Escritório,138.43,1.0,0.0,False,True,, SãoPaulo  ,
1029,724.0,2024-01-16 00:00:00,Acessórios,65.42,2.0,0.0,False,True,,Rio de Janeiro  ,
2809,22.0,2023-01-26 00:00:00,Brinquedos,439.67,4.0,0.0,False,True,cartao,poa,telefone inválido
1089,949.0,2024-07-19 00:00:00,Eletrônicos,1977.66,3.0,0.3,False,True,boleto,NITEROI,telefone inválido
2064,196.0,2023-08-27 00:00:00,Móveis,1617.22,1.0,0.0,False,True,cartao,  SA OPAULO ,cliente reclamou
5184,658.0,2024-06-17 00:00:00,Eletrônicos,1514.82,2.0,0.0,False,True,pix, POA ,telefone inválido
6853,1138.0,2024-10-01 00:00:00,Alimentos,104.96,5.0,0.0,False,True,Cartão ,Curitiba,Entrega atrasada
5232,127.0,2025-07-17 00:00:00,Eletrônicos,618.58,1.0,0.0,False,True,,são paulo,Entrega atrasada
4841,206.0,2024-01-27 00:00:00,Eletrônicos,1309.01,2.0,0.0,False,True,,roi de janeiro,cliente reclamou
2708,771.0,2022-10-29 00:00:00,,130.97,1.0,0.1,False,True,,Sao Paulo Centro,Entrega atrasada
5385,93.0,2023-05-30 00:00:00,Eletrônicos,1667.76,2.0,0.0,False,True,cartao,BH,
4388,1036.0,2022-08-27 00:00:00,Eletrônicos,736.38,1.0,0.0,False,True,boleto,VILA VELHA,
6137,1265.0,2022-03-10 00:00:00,Brinquedos,315.25,5.0,0.0,False,True,, zona sul,ok
5878,991.0,2022-10-19 00:00:00,Informática,1171.02,1.0,0.0,False,True,Cartão ,  SP,
5018,1192.0,2025-01-23 00:00:00,Escritório,291.98,1.0,0.0,False,True,pix,Sao Paulo,ok
1452,39.0,2023-01-09 00:00:00,,69.81,3.0,0.0,False,True,dinheiro,recife,
349,858.0,2024-05-23 00:00:00,Informática,4935.79,5.0,0.0,False,True,boleto,SÃO PAULO,ok
5308,235.0,2022-11-15 00:00:00,Alimentos,54.63,2.0,0.0,False,True,dinheiro, CURITIBA,Entrega atrasada
5233,,2024-07-12 00:00:00,Informática,982.32,1.0,0.0,False,True,Cartão ,RIO,cliente reclamou
2275,,2025-05-17 00:00:00,Brinquedos,215.04,3.0,0.0,False,True,pix,Belo Horizonte,telefone inválido
2148,153.0,2025-04-10 00:00:00,Informática,1431.38,1.0,0.0,False,False,Cartão ,zona sul,
6926,587.0,2024-04-29 00:00:00,Escritório,405.36,2.0,0.0,False,True,Cartão ,CTBA,Entrega atrasada
221,806.0,2024-04-01 00:00:00,Acessórios,29.57,1.0,0.0,False,True,Cartão ,POA,telefone inválido
216,949.0,2024-02-04 00:00:00,Eletrônicos,754.07,1.0,0.0,False,True,pix, ZONA SUL  ,cliente reclamou
6900,1057.0,2022-02-10 00:00:00,Escritório,170.63,1.0,0.0,False,True,pix,Salvador,
5161,753.0,2022-07-17 00:00:00,Informática,1917.51,2.0,0.15,False,True,,,ok
2713,738.0,2022-08-07 00:00:00,Informática,919.69,1.0,0.0,False,True,boleto, niterói ,
3983,981.0,2022-01-22 00:00:00,Eletrônicos,3760.19,4.0,0.0,False,True,boleto,BH,
2940,818.0,2023-07-01 00:00:00,Brinquedos,36.68,1.0,0.1,False,True,Cartão ,salvador ,
5961,1496.0,2024-11-03 00:00:00,Informática,857.08,1.0,0.0,True,True,Cartão ,POA,Entrega atrasada
2133,236.0,2023-02-25 00:00:00,Informática,1233.9,1.0,0.0,False,True,boleto,rio ,
2846,344.0,2024-05-21 00:00:00,Brinquedos,132.36,2.0,0.0,False,True,pix,salvador,
4794,120.0,2023-09-17 00:00:00,Informática,946.24,1.0,0.0,False,True,,SJC,
5369,679.0,2022-10-27 00:00:00,Alimentos,73.13,3.0,0.0,False,True,boleto,Brasília,
5716,544.0,2022-05-06 00:00:00,Móveis,1435.47,1.0,0.0,False,True,cartao,rio de janeiro,ok
5237,678.0,2024-09-28 00:00:00,Informática,454.8,1.0,0.0,False,False,boleto,,
2088,251.0,2025-06-26 00:00:00,Alimentos,22.6,1.0,0.0,False,True,Cartão ,BRASÍLIA,Entrega atrasada
842,513.0,2025-09-03 00:00:00,Escritório,222.98,1.0,0.0,False,True,boleto,Manuas,Entrega atrasada
1705,332.0,2022-01-30 00:00:00,Escritório,149.59,1.0,0.0,False,True,dinheiro,sp,
2915,642.0,2025-05-23 00:00:00,Eletrônicos,1073.78,2.0,0.0,False,True,cartao,SJC,ok
5014,814.0,2024-03-05 00:00:00,Informática,1189.39,1.0,0.05,False,True,,Niteroi,
3221,1208.0,2025-04-20 00:00:00,Informática,2991.28,2.0,0.0,False,True,boleto,Zona Sul,cliente reclamou
5588,901.0,2025-05-06 00:00:00,,982.39,1.0,0.0,False,True,dinheiro,sp,telefone inválido
3409,539.0,2024-01-21 00:00:00,Escritório,245.09,2.0,0.3,False,True,boleto,rio,Entrega atrasada
991,,2022-03-07 00:00:00,Eletrônicos,424.99,1.0,0.0,False,True,dinheiro,POA,Entrega atrasada
6482,504.0,2023-01-06 00:00:00,Móveis,3806.7,3.0,0.0,False,True,,sp,
586,1303.0,2022-08-31 00:00:00,Brinquedos,-193.26,3.0,0.0,False,True,Cartão ,Rio,telefone inválido
2273,261.0,2029-12-25 00:00:00,Eletrônicos,466.87,1.0,0.0,False,True,Cartão , RJ ,
4,947.0,2022-10-09 00:00:00,Informática,1015.53,1.0,0.0,False,True,boleto,Interior,ok
1102,412.0,2023-02-08 00:00:00,Informática,655.97,1.0,0.0,False,True,dinheiro,sp,cliente reclamou
3461,1064.0,2022-04-14 00:00:00,Acessórios,49.72,1.0,0.0,False,True,pix,são paulo,Entrega atrasada
1241,419.0,2025-01-20 00:00:00,Informática,654.01,1.0,0.0,False,True,,BH,cliente reclamou
4190,339.0,2024-03-04 00:00:00,Escritório,131.66,1.0,0.0,False,True,,SaoPaulo,ok
5833,815.0,2023-04-26 00:00:00,Eletrônicos,726.17,1.0,0.0,False,True,,RIO,telefone inválido
3804,954.0,2023-10-24 00:00:00,Eletrônicos,270.99,1.0,0.15,False,True,pix,Inetrior,cliente reclamou
2408,537.0,2025-07-03 00:00:00,Acessórios,19.69,1.0,0.0,False,True,pix,niteroi,cliente reclamou
2032,1052.0,2023-01-21 00:00:00,Informática,827.77,1.0,0.0,False,True,,curitiba,telefone inválido
1363,1088.0,2022-12-01 00:00:00,Escritório,0.0,1.0,0.0,False,True,cartao,SP,
6622,1035.0,2025-08-05 00:00:00,Eletrônicos,713.63,1.0,0.0,False,True,dinheiro,Niteroi  ,ok
5508,728.0,2023-01-07 00:00:00,Móveis,1716.74,1.0,0.0,False,True,Cartão ,SAO PAULO CENTRO,
2937,237.0,2024-01-19 00:00:00,Escritório,430.79,3.0,0.0,False,True,pix,BELO HORIZONTE,Entrega atrasada
5952,317.0,2023-03-08 00:00:00,Acessórios,68.21,1.0,0.0,False,True,boleto,SÃOPAULO,
143,397.0,2025-04-21 00:00:00,,472.15,6.0,0.0,False,True,,Brasília,
255,177.0,2025-02-14 00:00:00,Acessórios,64.88,1.0,0.0,False,True,pix,São Paulo,
519,851.0,2022-01-05 00:00:00,Eletrônicos,2438.09,3.0,0.0,False,True,Cartão ,BH ,
5985,364.0,2022-06-11 00:00:00,,109.75,1.0,0.0,False,True,Cartão ,SJC,cliente reclamou
6787,1311.0,2022-10-13 00:00:00,Eletrônicos,1786.49,2.0,0.0,False,True,dinheiro,BH,Entrega atrasada
3277,368.0,2025-07-02 00:00:00,Eletrônicos,704.92,1.0,0.0,False,True,, RECIFE  ,ok
2517,1030.0,2023-07-22 00:00:00,Escritório,210.1,1.0,0.0,False,True,boleto,São Paulo,cliente reclamou
6070,1112.0,2024-01-21 00:00:00,Eletrônicos,667.7,1.0,0.0,False,True,cartao,sp,cliente reclamou
1042,146.0,2025-05-25 00:00:00,Escritório,409.26,2.0,0.0,False,True,pix, Porto Alegre  ,
2383,1087.0,2024-05-18 00:00:00,Alimentos,25.4,2.0,0.0,False,True,,SÃO PAULO,cliente reclamou
5868,145.0,2024-01-03 00:00:00,Informática,1257.64,1.0,0.0,False,True,,sp,telefone inválido
432,550.0,2023-04-03 00:00:00,,1744.72,3.0,0.0,False,True,dinheiro, s p  ,Entrega atrasada
6700,407.0,2022-01-06 00:00:00,Eletrônicos,0.0,2.0,0.0,False,True,Cartão ,Zona Sul,cliente reclamou
6036,,2025-01-31 00:00:00,Eletrônicos,0.0,1.0,0.0,False,True,pix,  ,
1554,683.0,2024-10-19 00:00:00,Acessórios,38.21,1.0,0.0,False,True,,SAO PAULO CENTRO,
2183,627.0,2024-03-02 00:00:00,Escritório,259.16,2.0,0.0,False,True,boleto,INTERIOR,telefone inválido
4402,1052.0,2023-05-23 00:00:00,Informática,1423.14,1.0,0.0,False,True,dinheiro,Interior,telefone inválido
2547,647.0,2023-09-18 00:00:00,Informática,1020.47,1.0,0.0,False,True,Cartão , Zona Sul ,
6652,630.0,2025-01-31 00:00:00,Brinquedos,262.72,6.0,0.0,False,True,Cartão ,bh,
1260,300.0,2023-08-19 00:00:00,Acessórios,38.45,1.0,0.0,False,True,cartao,Rio de Janeiro,ok
3023,411.0,2025-10-24 00:00:00,Móveis,2845.99,3.0,0.0,False,True,pix,MANAUS,telefone inválido
224,215.0,2023-03-11 00:00:00,Eletrônicos,1034.65,1.0,0.0,False,True,,  fortaleza,
251,904.0,2024-04-04 00:00:00,Brinquedos,337.06,4.0,0.0,False,True,Cartão ,Recife,ok
4772,695.0,2023-04-29 00:00:00,Eletrônicos,755.81,1.0,0.0,False,True,,sp,telefone inválido
5144,934.0,2023-03-02 00:00:00,Eletrônicos,1466.21,2.0,0.0,False,True,Cartão ,Salvador,
551,43.0,2024-12-18 00:00:00,Acessórios,52.9,1.0,0.0,False,True,dinheiro,  Interior,
6666,,2024-01-15 00:00:00,Acessórios,327.01,5.0,0.0,False,True,cartao,Rio,
2253,843.0,2022-01-23 00:00:00,Acessórios,98.23,2.0,0.0,False,True,Cartão ,Zona Sul,telefone inválido
745,433.0,2022-06-13 00:00:00,Informática,930.67,1.0,0.0,False,True,dinheiro,,
1565,693.0,2024-08-27 00:00:00,Eletrônicos,1618.46,3.0,0.0,False,True,,SÃOPAULO,
2202,1067.0,2022-04-21 00:00:00,Eletrônicos,804.03,1.0,0.0,False,True,Cartão ,SÃO PAULO,telefone inválido
38,470.0,2025-08-01 00:00:00,Eletrônicos,722.3,1.0,0.0,False,True,,GOIANIA,
503,117.0,2025-10-17 00:00:00,Acessórios,69.45,1.0,0.0,False,True,dinheiro,,Entrega atrasada
2340,774.0,2025-05-02 00:00:00,Escritório,173.85,1.0,0.1,False,True,Cartão ,Sao Paulo,ok
901,709.0,2023-08-01 00:00:00,Eletrônicos,969.73,1.0,0.0,False,True,pix,,Entrega atrasada
4924,831.0,2025-03-01 00:00:00,Móveis,1413.54,1.0,0.0,False,True,,SP,
3848,1018.0,2024-10-24 00:00:00,Brinquedos,258.63,4.0,0.0,False,True,pix,SÃO APULO,
17,330.0,2022-03-27 00:00:00,Escritório,743.22,6.0,0.15,False,True,cartao,  SAO PAULO CENTRO  ,telefone inválido
4999,793.0,2023-12-03 00:00:00,Escritório,510.4,2.0,0.0,False,True,boleto,  rio de janeiro ,ok
6084,8.0,2022-06-29 00:00:00,Informática,1054.67,1.0,0.0,False,True,,BRASILIA,ok
5717,336.0,2025-01-17 00:00:00,Acessórios,109.12,2.0,0.0,False,True,Cartão ,RJ,
734,792.0,2025-03-24 00:00:00,Eletrônicos,816.28,1.0,0.0,False,True,dinheiro,,Entrega atrasada
4093,83.0,2024-05-18 00:00:00,Acessórios,58.79,2.0,0.0,False,True,Cartão ,NITERÓI ,Entrega atrasada
6777,917.0,2023-10-31 00:00:00,Informática,1348.55,1.0,0.0,False,True,Cartão ,zona sul,
4595,1131.0,2025-01-08 00:00:00,Acessórios,56.73,1.0,0.1,False,True,cartao,SoãPaulo,
2908,126.0,2025-10-02 00:00:00,Eletrônicos,637.51,1.0,0.0,False,False,Cartão ,Goainia,
2065,790.0,2024-05-11 00:00:00,Escritório,689.95,2.0,0.0,False,True,Cartão , RJ ,
5186,1053.0,2023-05-15 00:00:00,Escritório,134.42,1.0,0.0,False,True,,MANAUS,telefone inválido
81,554.0,2024-08-15 00:00:00,Informática,934.44,1.0,0.0,False,True,cartao, recife  ,ok
2196,1097.0,2024-08-11 00:00:00,Informática,837.36,1.0,0.1,False,True,cartao,PORTO ALEGRE,Entrega atrasada
3001,1274.0,2025-02-02 00:00:00,Escritório,337.65,2.0,0.0,False,True,cartao,campinas,
18,508.0,2025-07-06 00:00:00,Escritório,104.72,1.0,0.0,False,True,,porto alegre,ok
4482,93.0,2023-10-22 00:00:00,Eletrônicos,1381.01,2.0,0.15,False,True,boleto,sao paulo centro,Entrega atrasada
1849,746.0,2022-03-29 00:00:00,,1097.14,2.0,0.0,False,True,boleto,Interior,
4193,904.0,2023-03-01 00:00:00,Eletrônicos,2207.15,3.0,0.0,False,True,Cartão ,SJC,Entrega atrasada
6880,121.0,2024-01-16 00:00:00,Informática,903.81,,0.0,False,True,pix,Curitiba,ok
4897,60.0,2024-04-10 00:00:00,Acessórios,141.18,4.0,0.0,False,True,Cartão ,belo horizonte,Entrega atrasada
3350,287.0,2022-06-19 00:00:00,Móveis,3462.82,4.0,0.3,False,True,Cartão ,  Niterói ,
4429,101.0,2023-05-16 00:00:00,Escritório,192.12,1.0,0.0,False,True,Cartão ,SJC,cliente reclamou
6983,,2023-05-10 00:00:00,Escritório,164.03,1.0,0.0,False,True,,Sao Jose dos Campos,telefone inválido
6355,413.0,2022-10-24 00:00:00,Acessórios,241.87,5.0,0.0,False,True,,CAMPINAS,Entrega atrasada
3286,645.0,2024-01-22 00:00:00,Escritório,217.86,1.0,0.0,False,True,pix,ZONA SUL,ok
1361,925.0,2023-10-09 00:00:00,Acessórios,43.43,1.0,0.0,False,True,boleto,sãopaulo,
1047,307.0,2024-02-01 00:00:00,Móveis,943.22,1.0,0.15,False,True,Cartão ,SP,
5223,1153.0,2025-02-19 00:00:00,Alimentos,78.12,4.0,0.0,False,True,pix,Campinas,ok
3059,180.0,2025-07-06 00:00:00,Informática,631.01,1.0,0.1,False,True,cartao, PORTO ALEGRE ,telefone inválido
615,400.0,2023-01-03 00:00:00,Alimentos,52.51,2.0,0.0,False,True,Cartão ,brasília,Entrega atrasada
250,211.0,2023-04-02 00:00:00,Alimentos,62.6,3.0,0.0,False,True,cartao,Manaus,
2174,554.0,2023-08-20 00:00:00,Escritório,143.5,1.0,0.0,False,True,dinheiro,SP,Entrega atrasada
5661,1420.0,2022-04-30 00:00:00,Eletrônicos,688.01,1.0,0.0,False,True,,SJC,telefone inválido
1777,596.0,2025-02-15 00:00:00,Eletrônicos,632.29,1.0,0.3,False,True,cartao,Ntieroi,
5798,141.0,2023-12-27 00:00:00,Informática,1615.67,1.0,0.05,False,True,dinheiro,Mnaaus,
3538,161.0,2022-02-05 00:00:00,Informática,-1000.52,1.0,0.0,False,True,dinheiro,NITERÓI,
3929,1244.0,2023-04-25 00:00:00,Acessórios,40.07,1.0,0.0,False,True,pix, são paulo,telefone inválido
1627,277.0,2025-05-09 00:00:00,Informática,2152.31,2.0,0.0,False,True,dinheiro,,
6736,297.0,2025-04-13 00:00:00,Escritório,176.09,1.0,0.15,False,True,dinheiro,são paulo,telefone inválido
1975,449.0,2023-08-02 00:00:00,Eletrônicos,973.51,1.0,0.0,False,True,Cartão ,sp,ok
4329,970.0,2025-06-21 00:00:00,Brinquedos,69.54,1.0,0.0,False,True,cartao, Campinas  ,telefone inválido
3143,1317.0,2022-05-29 00:00:00,Informatica,1256.48,1.0,0.0,False,True,boleto,RJ,
6665,62.0,2023-06-10 00:00:00,Escritório,402.43,2.0,0.0,False,True,cartao, SAO PAULO  ,cliente reclamou
6689,1037.0,2022-12-31 00:00:00,Escritório,433.61,2.0,0.0,False,True,Cartão ,Vila Velha,
6750,435.0,2023-06-23 00:00:00,Acessórios,-49.57,1.0,0.0,False,True,Cartão ,RIO,
394,435.0,2023-06-22 00:00:00,Eletrônicos,1526.63,2.0,0.0,False,True,,BELO HORIZONTE,telefone inválido
5378,677.0,2024-01-08 00:00:00,Informática,1299.11,2.0,0.0,False,True,cartao,NITERIÓ,
3274,768.0,2024-05-21 00:00:00,Acessórios,41.88,1.0,0.0,False,True,boleto,Interiro,telefone inválido
749,976.0,2024-06-14 00:00:00,Eletrônicos,824.93,1.0,0.0,False,True,Cartão ,belo horizonte,cliente reclamou
3284,868.0,2024-12-17 00:00:00,Alimentos,54.24,2.0,0.0,False,True,boleto,SAO PAULO CENTRO,telefone inválido
4548,110.0,2024-04-19 00:00:00,Informática,468.77,1.0,0.0,False,True,,HB  ,ok
5445,1015.0,2025-06-29 00:00:00,Acessórios,49.01,1.0,0.0,False,True,pix,  BELO HORIZONTE,telefone inválido
6127,7.0,2025-06-13 00:00:00,acessórios,62.31,1.0,0.0,False,True,Cartão ,Niteroi,
5951,993.0,2022-10-31 00:00:00,Escritório,210.15,1.0,0.0,False,True,boleto,Manaus,
1282,163.0,2022-09-25 00:00:00,Brinquedos,111.85,2.0,0.0,False,True,boleto,curitiba  ,ok
410,1404.0,2025-07-29 00:00:00,Informática,858.26,1.0,0.0,False,True,,sãopaulo,ok
4458,1183.0,2022-03-13 00:00:00,Acessórios,65.89,2.0,0.0,False,True,,SP,telefone inválido
3367,327.0,2022-11-04 00:00:00,Escritório,201.66,1.0,0.0,False,True,boleto,curitiba,
6060,316.0,2024-04-22 00:00:00,Alimentos,43.44,2.0,0.0,False,True,boleto,RIO DE JANEIRO,
4950,1224.0,2023-08-24 00:00:00,Móveis,2243.47,2.0,0.0,False,True,,aSlvador,Entrega atrasada
2543,1261.0,2024-03-25 00:00:00,Acessórios,40.04,1.0,0.0,False,True,dinheiro,são paulo,
5211,1360.0,2022-06-21 00:00:00,Informática,-1960.08,2.0,0.0,False,True,Cartão ,GOIANIA,telefone inválido
5807,868.0,2024-10-31 00:00:00,Brinquedos,240.18,7.0,0.0,False,True,boleto,rio de janeiro,Entrega atrasada
5322,239.0,2029-12-25 00:00:00,Eletrônicos,788.76,1.0,0.0,False,True,Cartão ,CTBA,ok
6642,106.0,2022-02-08 00:00:00,Acessórios,39.68,1.0,0.0,False,True,dinheiro,Interior,
242,6.0,2024-05-22 00:00:00,Eletrônicos,290.36,1.0,0.0,False,True,,Niteroi,ok
857,987.0,2024-01-19 00:00:00,Eletrônicos,426.02,1.0,0.0,False,True,cartao,FORTALEZA,ok
6428,118.0,2022-03-07 00:00:00,Eletrônicos,763.02,1.0,0.0,False,True,cartao,    ,Entrega atrasada
1238,1484.0,2023-07-18 00:00:00,Informática,464.99,1.0,0.0,False,True,,,ok
3922,309.0,2023-03-04 00:00:00,Informática,741.9,1.0,0.0,False,True,dinheiro,Rio,
2439,1159.0,2022-09-14 00:00:00,Acessórios,93.33,2.0,0.1,False,True,boleto,Rio de Janeiro,ok
5208,1360.0,2025-06-30 00:00:00,Escritório,184.33,1.0,0.0,False,False,Cartão ,Vila Velha,cliente reclamou
5780,1056.0,2024-01-05 00:00:00,Alimentos,79.6,3.0,0.0,False,True,cartao,sao paulo centro,telefone inválido
6003,1356.0,2025-08-09 00:00:00,Eletrônicos,2906.22,4.0,0.0,False,True,dinheiro,sp,ok
6748,939.0,2023-12-11 00:00:00,Eletrônicos,660.78,1.0,0.0,False,True,Cartão ,RECIFE,
6984,1352.0,2025-03-04 00:00:00,Informática,2263.4,2.0,0.05,False,True,boleto,BELO HORIZONTE,ok
2735,1043.0,2025-03-26 00:00:00,Eletrônicos,520.37,1.0,0.0,False,True,cartao, interior,ok
6841,1187.0,2022-01-30 00:00:00,Eletrônicos,745.0,1.0,0.0,False,True,cartao,interior,
1780,920.0,2029-12-25 00:00:00,Acessórios,71.93,1.0,0.0,False,True,pix,São Paulo,ok
3503,144.0,2022-09-22 00:00:00,Móveis,1904.53,2.0,0.0,False,True,Cartão ,Rio,ok
3192,24.0,2022-04-25 00:00:00,Informática,3516.17,3.0,0.0,False,True,, Mnaaus ,
3936,696.0,2022-06-26 00:00:00,Informática,696.82,1.0,0.0,False,True,pix,bh,ok
3370,456.0,2022-07-15 00:00:00,Acessórios,56.67,1.0,0.0,False,True,dinheiro,niterói,
1190,1180.0,2023-05-17 00:00:00,Acessórios,49.12,1.0,0.05,False,True,Cartão ,fortaleza,
4803,742.0,2023-01-07 00:00:00,Brinquedos,34.56,2.0,0.15,False,False,boleto,Zona Sul,Entrega atrasada
6953,1031.0,2022-06-09 00:00:00,Acessórios,107.64,3.0,0.0,False,True,pix,CTB A,telefone inválido
4088,57.0,2023-06-10 00:00:00,Eletrônicos,36807.74,1.0,0.0,False,True,Cartão ,Goiania,
2474,632.0,2029-12-25 00:00:00,Eletrônicos,1037.58,1.0,0.0,False,True,dinheiro,brasília,
5508,728.0,2023-01-07 00:00:00,Móveis,1716.74,1.0,0.0,False,True,Cartão ,SAO PAULO CENTRO,
4085,301.0,2024-09-23 00:00:00,Acessórios,35.8,1.0,0.3,False,True,dinheiro,  CTBA,cliente reclamou
6544,124.0,2022-06-08 00:00:00,Acessórios,35.29,1.0,0.0,False,True,pix,SÃO PAUOL,cliente reclamou
578,759.0,2022-12-20 00:00:00,Escritório,368.17,,0.0,False,True,cartao,niterói,
3245,863.0,2023-07-15 00:00:00,Eletrônicos,726.16,1.0,0.15,False,True,pix,campinas,Entrega atrasada
4078,751.0,2025-05-17 00:00:00,Eletrônicos,612.63,1.0,0.0,False,True,cartao,SJC,Entrega atrasada
5945,119.0,2023-11-25 00:00:00,Eletrônicos,705.65,1.0,0.0,False,True,Cartão ,rio de janeiro  ,Entrega atrasada
6597,846.0,2023-10-06 00:00:00,Móveis,1057.36,1.0,0.0,False,True,,poa,
2381,1106.0,2024-11-19 00:00:00,Brinquedos,264.41,4.0,0.0,False,True,cartao,Belo Horizonte,
5568,507.0,2022-11-19 00:00:00,Brinquedos,291.31,5.0,0.0,False,True,dinheiro,RIO DE JANEIRO,cliente reclamou
816,754.0,2023-02-11 00:00:00,Alimentos,23.49,2.0,0.05,False,True,pix,SJC,
2002,142.0,2023-11-16 00:00:00,Móveis,0.0,3.0,0.0,False,True,boleto,BH  ,
2495,825.0,2022-06-19 00:00:00,Móveis,1931.7,2.0,0.3,False,True,,CTBA,ok
5070,168.0,2024-08-16 00:00:00,Eletrônicos,1646.7,3.0,0.0,False,True,cartao,Manaus,
6144,638.0,2025-02-05 00:00:00,Escritório,224.63,1.0,0.05,False,True,boleto,Rio de Janeiro,
5875,495.0,2023-04-19 00:00:00,Eletrônicos,1886.6,3.0,0.0,False,True,Cartão ,bh,cliente reclamou
662,1002.0,2023-08-09 00:00:00,Informática,772.1,1.0,0.0,False,True,pix,GOIANIA,telefone inválido
3600,1409.0,2022-09-07 00:00:00,Eletrônicos,954.41,2.0,0.3,False,True,dinheiro,sp,Entrega atrasada
6139,155.0,2023-02-08 00:00:00,Brinquedos,117.14,2.0,0.0,False,True,,Reicfe,
3204,1262.0,2023-07-24 00:00:00,Brinquedos,181.1,3.0,0.0,False,True,Cartão ,BELO HORIZONTE,Entrega atrasada
1141,1397.0,2023-09-22 00:00:00,Eletrônicos,498.84,1.0,0.0,False,True,,vila velha,cliente reclamou
513,947.0,2022-06-28 00:00:00,Móveis,681.1,1.0,0.3,False,True,pix,São Paulo,
368,136.0,2024-02-16 00:00:00,Móveis,3329.43,3.0,0.0,False,True,cartao,bh,cliente reclamou
695,1306.0,2022-06-27 00:00:00,Móveis,0.0,2.0,0.0,False,True,boleto, BELO HORIZONTE ,telefone inválido
1871,444.0,2025-04-16 00:00:00,Escritório,144.35,1.0,0.0,False,True,boleto,SJC,ok
2766,825.0,2022-08-07 00:00:00,Escritório,203.97,1.0,0.0,False,True,boleto, RIO,
2098,710.0,2025-05-01 00:00:00,Escritório,237.94,1.0,0.0,False,True,Cartão ,bh,
4157,1061.0,2025-08-21 00:00:00,Eletrônicos,2252.57,3.0,0.0,False,True,cartao,BH,
3803,789.0,2029-12-25 00:00:00,Escritório,250.61,1.0,0.1,False,True,, Fortaleza,
1525,68.0,2022-06-30 00:00:00,Acessórios,48.32,1.0,0.0,False,True,Cartão ,SÃO PAULO ,Entrega atrasada
2222,316.0,2035-01-01 00:00:00,Informática,1594.33,1.0,0.0,False,True,boleto,Rio,
6305,1016.0,2024-04-25 00:00:00,Eletrônicos,763.59,1.0,0.0,False,True,pix,Niteroi,ok
6175,76.0,2023-10-24 00:00:00,Informática,839.73,1.0,0.0,False,True,cartao,rio dej aneiro,
6244,645.0,2023-09-27 00:00:00,Brinquedos,92.83,1.0,0.1,False,True,,BH,Entrega atrasada
6792,533.0,2024-07-21 00:00:00,Móveis,2308.76,2.0,0.0,False,True,cartao,ZONA SUL,cliente reclamou
2303,212.0,2025-09-13 00:00:00,Eletrônicos,888.93,,0.0,False,True,,    ,cliente reclamou
3561,279.0,2022-04-27 00:00:00,Escritório,248.49,1.0,0.0,False,True,Cartão ,Niterói ,telefone inválido
5099,1181.0,2025-07-13 00:00:00,Eletrônicos,684.58,1.0,0.0,False,False,dinheiro,  RIO DE JANEIRO,telefone inválido
5822,18.0,2023-12-05 00:00:00,Eletrônicos,1717.9,2.0,0.1,True,True,Cartão ,Recife,cliente reclamou
564,678.0,2023-04-07 00:00:00,Alimentos,46.18,2.0,0.0,False,False,,Rio de Janeiro,
1794,1122.0,2025-01-03 00:00:00,Escritório,222.21,1.0,0.0,False,True,cartao,,
4425,27.0,2024-05-05 00:00:00,Móveis,856.62,1.0,0.0,False,True,Cartão ,Rio de Janeiro,
6969,76.0,2023-08-30 00:00:00,Informática,859.62,1.0,0.0,False,True,,SP,
3690,938.0,2025-03-20 00:00:00,Eletrônicos,529.85,1.0,0.0,False,True,dinheiro,GOIANIA,telefone inválido
792,874.0,2022-06-09 00:00:00,Alimentos,75.87,3.0,0.0,False,True,,  Sao Paulo Centro  ,Entrega atrasada
2023,91.0,2025-06-27 00:00:00,Acessórios,51.35,1.0,0.0,False,True,,RJ,
6072,226.0,2022-12-21 00:00:00,,860.09,1.0,0.0,False,True,boleto,  Fortaleza,telefone inválido
6014,1027.0,2024-12-05 00:00:00,Alimentos,28.22,1.0,0.0,False,True,dinheiro,Niterói,
3962,639.0,2023-11-12 00:00:00,,964.09,1.0,0.0,False,True,boleto,Brasília,ok
6734,960.0,2029-12-25 00:00:00,Escritório,178.27,1.0,0.0,True,True,cartao,Recfie,telefone inválido
4522,1220.0,2025-02-13 00:00:00,,867.56,1.0,0.0,False,True,pix,rj ,
1599,,2022-10-27 00:00:00,Eletrônicos,543.49,1.0,0.0,False,True,cartao,ctba,telefone inválido
4688,284.0,2022-10-31 00:00:00,Escritório,252.83,1.0,0.0,False,True,cartao,BRASILIA,
1468,705.0,2024-09-06 00:00:00,Eletrônicos,1355.01,2.0,0.0,False,True,dinheiro,  ctba  ,Entrega atrasada
966,1181.0,2023-01-16 00:00:00,Móveis,1326.38,1.0,0.0,False,True,cartao,PORTO ALEGRE,cliente reclamou
4781,977.0,2024-04-13 00:00:00,Brinquedos,256.42,3.0,0.0,False,True,,Fortaleza,
4508,19.0,2023-02-10 00:00:00,eletrônicos,572.72,1.0,0.0,False,True,,goiania,telefone inválido
5200,167.0,2025-07-31 00:00:00,Eletrônicos,919.36,1.0,0.0,False,True,cartao,SJC,
1160,402.0,2022-11-03 00:00:00,Eletrônicos,1584.7,2.0,0.15,False,True,,SAO PAULO,telefone inválido
95,165.0,2023-05-20 00:00:00,Móveis,2241.89,2.0,0.0,False,True,pix,Interior,Entrega atrasada
5957,1400.0,2022-07-15 00:00:00,Brinquedos,90.53,1.0,0.15,False,True,pix,Niteroi,
3855,466.0,2022-07-29 00:00:00,Móveis,1367.54,2.0,0.3,False,True,dinheiro,Vial Velha,
6035,,2022-12-24 00:00:00,Escritório,365.69,2.0,0.0,False,True,Cartão ,RECIFE,
429,1121.0,2022-06-25 00:00:00,Eletrônicos,824.98,2.0,0.15,False,False,,PORTO ALEGRE,cliente reclamou
5569,383.0,2024-06-18 00:00:00,Alimentos,21.03,1.0,0.0,False,True,Cartão ,sp,Entrega atrasada
3182,227.0,2023-06-19 00:00:00,Escritório,540.32,3.0,0.0,False,True,cartao,rio de janeior,Entrega atrasada
544,651.0,2023-12-14 00:00:00,Eletrônicos,1165.38,1.0,0.1,False,True,cartao,recife,cliente reclamou
3701,208.0,2023-11-13 00:00:00,Eletrônicos,2079.02,2.0,0.0,False,True,pix,vial velha,
1261,1100.0,2023-02-24 00:00:00,Informática,2756.53,3.0,0.0,False,True,,Sao Jose dos Campos,
1129,307.0,2024-07-06 00:00:00,Escritório,215.01,1.0,0.0,False,True,dinheiro,Rio de Janeiro,
5891,404.0,2023-05-28 00:00:00,Acessórios,110.42,2.0,0.3,False,True,dinheiro,Recife,Entrega atrasada
4119,1177.0,2025-05-15 00:00:00,Móveis,1240.04,1.0,0.0,False,True,boleto,Rio de Janeiro,
6754,385.0,2022-06-29 00:00:00,Eletrônicos,0.0,2.0,0.0,False,True,cartao,rio de janeiro,
4109,1161.0,2022-10-25 00:00:00,Escritório,188.08,1.0,0.0,False,True,pix,RJ,
5418,890.0,2022-09-17 00:00:00,Escritório,206.57,0.0,1.0,False,True,cartao,RIO DE JANEIRO,Entrega atrasada
3547,497.0,2022-08-04 00:00:00,Acessórios,46.83,1.0,0.0,False,True,Cartão ,SãoPaulo,Entrega atrasada
1113,468.0,2023-11-02 00:00:00,Acessórios,87.15,2.0,0.15,False,True,boleto,Sao Jose dos Campos,
2412,690.0,2024-04-14 00:00:00,Alimentos,151.93,6.0,0.0,False,True,boleto,SJC,
4206,84.0,2025-07-23 00:00:00,Eletrônicos,678.16,1.0,0.0,False,True,Cartão ,Zona Sul,telefone inválido
4606,1106.0,2023-01-14 00:00:00,Móveis,1374.39,1.0,0.1,False,True,Cartão ,interior,telefone inválido
547,729.0,2023-06-27 00:00:00,Informática,1070.44,1.0,0.0,False,True,Cartão ,Sa oJose dos Campos,
6643,826.0,2022-02-16 00:00:00,Brinquedos,120.12,2.0,0.0,False,True,,SãoPaulo,cliente reclamou
281,661.0,2025-07-22 00:00:00,Alimentos,37.82,2.0,0.0,False,True,Cartão , Zona Sul  ,
119,1498.0,2023-05-08 00:00:00,Informática,1188.91,1.0,0.0,False,True,dinheiro,sao apulo centro,ok
2782,566.0,2025-09-08 00:00:00,Alimentos,38.15,2.0,0.0,False,True,,POA,
6802,196.0,2023-05-24 00:00:00,Eletrônicos,791.8,1.0,0.1,False,True,,Salvador,
2205,609.0,2023-07-03 00:00:00,Acessórios,32.24,1.0,0.0,False,True,,goiania,
590,1105.0,2022-02-05 00:00:00,Escritório,468.47,3.0,0.0,False,True,cartao,,telefone inválido
768,642.0,2022-02-03 00:00:00,Alimentos,0.0,3.0,0.0,False,True,dinheiro,CTBA,ok
2153,726.0,2022-01-14 00:00:00,Escritório,237.4,1.0,0.05,False,True,boleto,sãopaulo,Entrega atrasada
4521,403.0,2025-02-10 00:00:00,Acessórios,47.82,1.0,0.0,False,True,pix,niteroi,
5597,1130.0,2029-12-25 00:00:00,Eletrônicos,1067.83,1.0,0.0,False,True,Cartão , POA  ,
6213,131.0,2025-09-16 00:00:00,Eletrônicos,1229.2,2.0,0.0,False,True,,  poa,
5292,273.0,2024-01-06 00:00:00,Acessórios,44.54,1.0,0.0,False,True,cartao,Interior,
6089,714.0,2025-04-23 00:00:00,Acessórios,117.7,2.0,0.0,False,True,boleto,CTBA,
2600,463.0,2029-12-25 00:00:00,Eletrônicos,3465.08,4.0,0.0,False,True,boleto,SJC,telefone inválido
3519,1497.0,2022-01-05 00:00:00,Informática,1159.2,1.0,0.0,False,True,boleto,Zona Sul,ok
6043,20.0,2023-09-01 00:00:00,Eletrônicos,951.7,2.0,0.3,False,True,,bh,
6449,328.0,2022-09-14 00:00:00,Informática,1308.59,1.0,0.0,False,True,Cartão ,Recife,cliente reclamou
6345,1286.0,2022-12-02 00:00:00,Acessórios,66.69,1.0,0.0,False,True,boleto,NITEROI,Entrega atrasada
5073,232.0,2022-08-13 00:00:00,Acessórios,66.98,1.0,0.0,False,True,dinheiro,SP,
1738,1401.0,2023-03-16 00:00:00,Escritório,253.54,1.0,0.0,False,True,pix,  Vila Velha,Entrega atrasada
185,881.0,2024-10-11 00:00:00,Informática,1262.58,1.0,0.0,False,True,cartao,belo horizonte,
244,,2022-03-22 00:00:00,Acessórios,95.61,2.0,0.0,False,True,pix,Niterói,telefone inválido
782,190.0,2023-10-06 00:00:00,Eletrônicos,697.15,1.0,0.0,False,True,dinheiro,salvador,ok
1772,348.0,2024-10-21 00:00:00,Informática,893.73,1.0,0.0,False,True,,bh,
4827,957.0,2024-07-21 00:00:00,Eletrônicos,1597.78,3.0,0.0,False,True,,belo horizonte,cliente reclamou
1383,1047.0,2022-01-10 00:00:00,Alimentos,87.71,5.0,0.0,False,True,pix,Belo Horizonte,cliente reclamou
1104,160.0,2024-05-29 00:00:00,Brinquedos,142.0,2.0,0.0,False,True,,sao jose dos campos  ,telefone inválido
2553,275.0,2022-02-23 00:00:00,Eletrônicos,591.82,1.0,0.0,False,True,cartao, Zona Sul  ,Entrega atrasada
2922,375.0,2022-11-05 00:00:00,Brinquedos,351.85,4.0,0.0,False,True,,sao paulo centro,telefone inválido
125,1029.0,2025-04-19 00:00:00,Acessórios,42.55,1.0,0.0,False,True,Cartão ,CTBA,
256,1109.0,2024-10-27 00:00:00,Brinquedos,116.57,3.0,0.0,False,True,boleto,curitiba,
5831,243.0,2024-02-16 00:00:00,Escritório,328.31,2.0,0.1,False,True,boleto,INTERIOR,ok
277,223.0,2023-07-28 00:00:00,Informática,1031.43,1.0,0.0,False,True,dinheiro,fortaleza,
3094,1201.0,2024-12-24 00:00:00,Escritório,671.8,3.0,0.0,False,True,,ok,RECIFE
5837,5.0,2023-10-29 00:00:00,Alimentos,147.25,7.0,0.0,False,True,pix, BH ,cliente reclamou
2107,1468.0,2025-05-10 00:00:00,Eletrônicos,669.42,1.0,0.0,False,True,pix,RIO DE JANEIRO,
3450,160.0,2025-04-12 00:00:00,,480.16,1.0,0.05,False,True,Cartão ,SÃOPAULO,
4786,826.0,2025-10-13 00:00:00,Informática,1155.54,1.0,0.1,False,True,Cartão , Salvador ,telefone inválido
2315,2.0,2024-11-30 00:00:00,Acessórios,66.15,1.0,0.0,False,True,,bh ,ok
995,665.0,2022-07-29 00:00:00,Eletrônicos,352.49,1.0,0.0,False,True,boleto,bh,
5375,1245.0,2024-02-25 00:00:00,Informática,1002.4,1.0,0.0,False,True,pix,Niterói ,telefone inválido
5855,104.0,2022-12-03 00:00:00,Eletrônicos,1175.79,1.0,0.0,False,True,Cartão ,goiania,cliente reclamou
3725,1033.0,2024-01-07 00:00:00,Brinquedos,127.77,,0.0,False,True,Cartão ,sao jose dos campos,
3711,1132.0,2024-04-14 00:00:00,Escritório,109.79,1.0,0.0,False,True,dinheiro,Belo Horizonte,
1459,,2022-12-08 00:00:00,Eletrônicos,1810.91,2.0,0.0,False,True,Cartão ,RIO DEJ ANEIRO,
3499,987.0,2029-12-25 00:00:00,Móveis,1200.38,1.0,0.0,False,True,cartao,nIterior,
2127,463.0,2024-08-17 00:00:00,Eletrônicos,608.23,1.0,0.0,False,True,cartao,SãoPualo,cliente reclamou
1926,676.0,2022-03-27 00:00:00,Móveis ,1412.69,1.0,0.05,True,True,cartao,rio,ok
4355,1179.0,2022-12-28 00:00:00,Acessórios,60.65,1.0,0.0,False,True,dinheiro,BH,telefone inválido
4745,752.0,2025-05-03 00:00:00,Acessórios,26.64,1.0,0.0,False,True,cartao,bh,cliente reclamou
4547,860.0,2022-08-11 00:00:00,Informática,4509.69,4.0,0.0,False,True,Cartão ,,
2282,1011.0,2025-01-01 00:00:00,Eletrônicos,625.55,1.0,0.0,False,True,cartao,rio de janeiro,Entrega atrasada
178,422.0,2024-04-02 00:00:00,Informática,491.96,1.0,0.0,False,True,Cartão ,  Manaus,telefone inválido
4337,582.0,2022-03-12 00:00:00,Escritório,449.76,2.0,0.0,False,True,dinheiro,sãopaulo  ,
1479,512.0,2022-11-30 00:00:00,Eletrônicos,737.44,,0.0,False,True,dinheiro,sãopaulo,cliente reclamou
990,1003.0,2022-07-12 00:00:00,Alimentos,62.2,3.0,0.0,False,True,boleto,Sao Paulo,
670,927.0,2025-08-21 00:00:00,Móveis,966.02,1.0,0.0,False,True,pix,SALVDAOR,Entrega atrasada
4303,485.0,2025-02-11 00:00:00,Eletrônicos,868.93,1.0,0.0,False,True,Cartão ,NITEROI,Entrega atrasada
710,800.0,2023-10-10 00:00:00,Informática,927.86,1.0,0.0,False,True,boleto,POA,Entrega atrasada
2731,193.0,2024-12-12 00:00:00,Eletrônicos,1024.25,1.0,0.0,False,True,dinheiro,,cliente reclamou
1136,63.0,2024-03-30 00:00:00,Eletrônicos,524.23,,0.0,False,True,boleto,ctba,ok
4387,97.0,2024-04-27 00:00:00,Eletrônicos,1494.0,,0.0,False,True,cartao,  BH  ,
2780,1197.0,2024-10-04 00:00:00,Acessórios,39.93,1.0,0.0,False,True,cartao, Interior  ,cliente reclamou
3775,197.0,2024-04-05 00:00:00,Informática,2828.8,3.0,0.0,False,True,Cartão ,  CAMPINAS  ,Entrega atrasada
6132,1269.0,2024-12-26 00:00:00,Escritório,751.92,2.0,0.0,False,True,pix,INTERIOR,telefone inválido
6110,1016.0,2024-07-31 00:00:00,Acessórios,0.0,1.0,0.0,False,True,pix, BRASÍLIA  ,
2818,975.0,2024-09-06 00:00:00,Eletrônicos,452.16,1.0,0.0,False,True,boleto,,cliente reclamou
1834,41.0,2022-08-04 00:00:00,Informática,481.29,1.0,0.05,False,True,pix,Goiania,Entrega atrasada
3477,651.0,2023-05-23 00:00:00,Informática,2070.85,2.0,0.0,False,True,Cartão , SJC  ,
3985,81.0,2025-08-08 00:00:00,Brinquedos,52.04,1.0,0.15,False,True,Cartão ,campinas,
5247,1404.0,2024-03-12 00:00:00,Escritório,474.98,2.0,0.0,False,True,,CTBA,Entrega atrasada
1778,979.0,2023-07-04 00:00:00,Escritório,408.95,2.0,0.0,False,True,Cartão , campinas ,ok
3726,1422.0,2022-04-12 00:00:00,Informática,1070.79,1.0,0.0,False,True,dinheiro,SÃOPAULO,ok
2257,904.0,2025-02-02 00:00:00,Informática,642.75,1.0,0.3,False,True,cartao, rceife,telefone inválido
5834,507.0,2023-08-04 00:00:00,Móveis,1559.86,2.0,0.0,False,True,Cartão ,curitiba,telefone inválido
1872,,2024-07-04 00:00:00,Escritório,211.04,1.0,0.0,False,True,boleto,Campnias,
3362,889.0,2023-10-13 00:00:00,Informática,991.02,1.0,0.0,False,True,boleto,vila evlha,ok
2824,614.0,2025-09-17 00:00:00,Alimentos,123.35,5.0,0.0,False,True,Cartão ,,cliente reclamou
731,21.0,2023-05-18 00:00:00,Escritório,203.4,1.0,0.0,False,True,Cartão ,GOIANIA,telefone inválido
6238,48.0,2024-05-21 00:00:00,Eletrônicos,808.95,1.0,0.0,False,True,pix,Rio de Janeiro,Entrega atrasada
886,611.0,2022-08-12 00:00:00,Escritório,405.54,3.0,0.0,False,True,dinheiro,Niterói ,cliente reclamou
2250,985.0,2029-12-25 00:00:00,Eletrônicos,1129.51,1.0,0.0,False,True,,Niterói,
2506,1224.0,2025-06-24 00:00:00,Acessórios,59.5,1.0,0.0,False,True,,,
1512,1370.0,2023-07-19 00:00:00,Informática,720.81,1.0,0.0,False,True,boleto, nIterior ,Entrega atrasada
4830,1108.0,2023-10-30 00:00:00,Escritório,221.33,,0.0,False,True,,SJC ,ok
1492,104.0,2022-04-14 00:00:00,Eletrônicos,827.18,1.0,0.0,False,True,,VILA VELHA,telefone inválido
3912,971.0,2024-03-05 00:00:00,Informática,990.68,1.0,0.0,False,True,boleto,BELO HORIZONTE,cliente reclamou
350,1439.0,2024-01-12 00:00:00,Eletrônicos,1608.89,2.0,0.0,False,True,dinheiro,Sao Jose dos Campos,cliente reclamou
900,321.0,2025-04-20 00:00:00,Informática,972.93,1.0,0.0,False,True,,,telefone inválido
5118,107.0,2024-08-31 00:00:00,Informática,1377.96,2.0,0.0,False,True,boleto,SãoPaulo,ok
1898,86.0,2022-05-24 00:00:00,Brinquedos,79.73,1.0,0.0,False,True,boleto,Fortaleza,ok
5191,842.0,2025-01-29 00:00:00,Acessórios,35.33,1.0,0.1,False,True,dinheiro, Zona Sul ,
6939,1058.0,2022-12-26 00:00:00,Acessórios,33.0,1.0,0.15,False,True,cartao,Sao Jose dos Campos,telefone inválido
3080,74.0,2024-11-14 00:00:00,Escritório,178.47,1.0,0.0,False,True,Cartão ,Rio,telefone inválido
2685,31.0,2023-08-23 00:00:00,Móveis,1919.02,1.0,0.0,False,True,boleto,CAMPINAS,
1006,973.0,2023-02-02 00:00:00,Escritório,164.42,,0.0,False,True,Cartão ,Sao Jose dos Campos,ok
1427,179.0,2022-06-17 00:00:00,Informática,1607.75,2.0,0.0,False,True,Cartão ,sp,telefone inválido
3757,1018.0,2022-12-20 00:00:00,Brinquedos,76.7,1.0,0.0,False,True,dinheiro,sao paulo,
2790,,2022-03-27 00:00:00,Acessórios,42.98,1.0,0.1,False,True,boleto,Campinas,telefone inválido
2245,417.0,2022-07-29 00:00:00,Acessórios,85.04,2.0,0.0,False,True,pix,SÃOPAULO ,Entrega atrasada
6628,149.0,2025-03-17 00:00:00,Informática,1129.22,1.0,0.0,False,True,pix,SAO JOSE DOS CAPMOS,Entrega atrasada
1472,75.0,2022-08-08 00:00:00,Escritório,235.89,1.0,0.0,False,True,cartao,Recife,
2021,537.0,2023-05-26 00:00:00,Acessórios,44.4,1.0,0.0,False,True,Cartão ,BH,telefone inválido
3131,567.0,2022-06-11 00:00:00,Eletrônicos,477.2,1.0,0.0,False,True,dinheiro,SJC,
4744,116.0,2025-08-31 00:00:00,Brinquedos,228.0,3.0,0.0,False,True,Cartão ,niterói,telefone inválido
6259,441.0,2023-01-03 00:00:00,Brinquedos,263.72,4.0,0.0,False,True,pix,Fortaleza,
6192,622.0,2024-07-12 00:00:00,Acessórios,36.32,1.0,0.0,False,True,dinheiro,Niteroi  ,ok
624,268.0,2025-05-27 00:00:00,Eletrônicos,890.52,1.0,0.0,False,True,cartao,CAMPINAS,
6423,1022.0,2025-01-26 00:00:00,Eletrônicos,477.26,1.0,0.0,False,True,cartao,Recife,
3589,640.0,2024-07-06 00:00:00,Brinquedos,400.09,6.0,0.0,False,True,Cartão ,VILA VELHA,
3328,1491.0,2022-05-28 00:00:00,Móveis,1483.2,1.0,0.0,False,True,pix,niterói,cliente reclamou
3478,109.0,2025-06-12 00:00:00,Informática,1030.53,1.0,0.0,False,True,pix, Brasília ,Entrega atrasada
1251,69.0,2023-01-08 00:00:00,Móveis,3058.75,3.0,0.0,False,True,cartao,,ok
3265,590.0,2023-06-09 00:00:00,Informática,2282.07,3.0,0.0,False,True,boleto,INTERIOR,ok
3916,292.0,2024-10-15 00:00:00,Escritório,271.53,2.0,0.0,False,True,cartao,,telefone inválido
6182,1276.0,2023-08-30 00:00:00,Informática,698.41,1.0,0.3,False,True,boleto,CURITIBA,
1499,1146.0,2022-08-08 00:00:00,Brinquedos,61.37,2.0,0.15,False,True,,Salvador,telefone inválido
3004,,2022-05-13 00:00:00,Móveis,1109.08,1.0,0.1,False,True,,Sao Jose dos Campos ,ok
2716,763.0,2024-06-10 00:00:00,Eletrônicos,651.02,1.0,0.0,False,True,cartao,rio de janeiro,ok
2695,3.0,2025-01-20 00:00:00,Informática,1423.69,2.0,0.0,False,True,boleto,Vlia Velha,Entrega atrasada
5759,112.0,2022-07-14 00:00:00,Eletrônicos,648.44,1.0,0.0,False,True,dinheiro,RECIFE,
6916,1281.0,2024-11-24 00:00:00,Acessórios,105.72,2.0,0.0,False,True,cartao, Belo Horizonte ,ok
1701,1043.0,2023-08-19 00:00:00,Informática,1568.01,2.0,0.0,False,True,Cartão , GOIANIA  ,ok
5753,1393.0,2022-07-18 00:00:00,Eletrônicos,1933.77,2.0,0.0,False,True,dinheiro,BH ,
5823,575.0,2022-09-12 00:00:00,Informática,1197.6,1.0,0.0,False,True,boleto,SÃO PAULO,ok
4248,716.0,2024-04-15 00:00:00,Eletrônicos,694.07,1.0,0.0,False,True,cartao,Sao Paulo Centro  ,
1365,138.0,2022-04-15 00:00:00,Eletrônicos,546.61,1.0,0.0,False,True,,RJ,
3032,104.0,2025-08-12 00:00:00,Informática,3756.44,3.0,0.0,False,True,Cartão ,Niterói  ,
732,596.0,2024-11-12 00:00:00,Informática,559934.37,5.0,0.0,False,True,dinheiro,ZONA SUL,telefone inválido
1647,1033.0,2023-06-08 00:00:00,Eletrônicos,714.43,1.0,0.0,False,True,dinheiro,Fortaleza,cliente reclamou
419,1275.0,2025-07-10 00:00:00,Eletrônicos,1260.44,2.0,0.0,False,True,pix,niteóri,
1900,414.0,2025-06-28 00:00:00,Acessórios,143.19,3.0,0.0,False,True,Cartão ,INTERIOR,
3095,772.0,2023-03-25 00:00:00,Eletrônicos,2362.07,3.0,0.0,False,True,,BH,
6936,197.0,2025-07-06 00:00:00,Eletrônicos,552.77,1.0,0.0,False,True,cartao,  sao jose dos campos  ,telefone inválido
4515,435.0,2024-03-27 00:00:00,Eletrônicos,607.61,2.0,0.0,False,True,boleto,CURITIBA,telefone inválido
1308,1493.0,2024-04-05 00:00:00,Escritório,255.99,1.0,0.0,False,True,cartao,RIO DE JANEIRO,ok
2853,49.0,2022-09-23 00:00:00,Eletrônicos,1958.63,2.0,0.0,False,True,boleto,Campinas,ok
6547,1258.0,2022-05-31 00:00:00,,1228.07,1.0,0.0,False,True,pix,RJ ,cliente reclamou
1117,256.0,2022-08-04 00:00:00,Alimentos,27.1,1.0,0.0,False,True,Cartão ,brasília  ,ok
5484,257.0,2025-05-03 00:00:00,,21.71,1.0,0.15,False,True,boleto,Belo Horizonte,
3296,644.0,2024-07-23 00:00:00,Informática,1161.56,1.0,0.0,False,True,pix, são paulo  ,
6603,509.0,2024-02-27 00:00:00,Escritório,113.22,1.0,0.0,False,True,Cartão ,RJ,Entrega atrasada
3236,,2023-07-31 00:00:00,Alimentos,120.73,6.0,0.0,False,True,boleto,camipnas,ok
6052,1055.0,2024-06-26 00:00:00,Escritório,198.46,1.0,0.0,False,True,dinheiro,  Sao Jose dos Campos ,telefone inválido
3054,1244.0,2025-02-22 00:00:00,Acessórios,58.53,1.0,0.0,False,True,,    ,
1002,1294.0,2025-05-03 00:00:00,Informática,1760.24,2.0,0.0,False,True,cartao,Salvador,
1377,1005.0,2024-02-18 00:00:00,Informática,532.09,1.0,0.15,False,True,cartao,Recife,telefone inválido
596,234.0,2022-04-30 00:00:00,Informática,912.45,1.0,0.0,False,True,pix,ctba,
1273,1090.0,2023-12-11 00:00:00,Móveis,1181.87,1.0,0.0,False,True,Cartão ,RIO DE JANEIRO,telefone inválido
6870,1065.0,2024-07-06 00:00:00,Eletrônicos,807.89,1.0,0.0,False,True,boleto,zona sul,telefone inválido
659,746.0,2025-10-21 00:00:00,Eletrônicos,169383.04,2.0,0.0,False,True,Cartão ,SAO PAULO CENTRO  ,cliente reclamou
102,487.0,2024-11-01 00:00:00,Informática,1123.96,1.0,0.0,False,True,boleto,Vila Velha,cliente reclamou
4580,462.0,2029-12-25 00:00:00,Móveis,1622.26,1.0,0.0,False,True,boleto,RIO DE JANEIRO,Entrega atrasada
1053,456.0,2024-01-08 00:00:00,Acessórios,156.41,3.0,0.0,False,True,dinheiro, FORTALEZA  ,Entrega atrasada
6962,434.0,2024-05-18 00:00:00,Acessórios,147.28,4.0,0.0,False,True,dinheiro,BRASÍLIA,cliente reclamou
4670,6.0,2023-05-11 00:00:00,Informática,0.0,2.0,0.0,False,True,pix,rio de janeiro,
3469,276.0,2023-08-14 00:00:00,Acessórios,45.09,1.0,0.0,False,True,Cartão ,Interior,ok
4197,58.0,2022-01-29 00:00:00,Acessórios,61.5,1.0,0.0,False,True,boleto,sp,Entrega atrasada
4795,210.0,2024-11-26 00:00:00,Brinquedos,234.42,,0.0,False,True,pix,bh,telefone inválido
3630,935.0,2025-04-19 00:00:00,Informática,787.06,1.0,0.0,False,True,dinheiro,Barsília ,
6556,772.0,2023-09-14 00:00:00,Acessórios,44.05,1.0,0.0,False,True,Cartão ,SAO PAULO CENTRO,
14,1297.0,2025-08-12 00:00:00,Eletrônicos,680.52,1.0,0.0,False,True,cartao, FORTALEZA,
1817,704.0,2024-05-10 00:00:00,Informática,971.4,1.0,0.0,False,True,,  porto alegre  ,Entrega atrasada
1613,683.0,2023-06-23 00:00:00,Escritório,281.82,1.0,0.0,False,True,boleto,Rio de Janeiro,Entrega atrasada
6944,67.0,2022-07-01 00:00:00,Móveis,4938.72,3.0,0.0,False,True,dinheiro,Nitreoi,cliente reclamou
369,1083.0,2023-06-19 00:00:00,Escritório,206.94,1.0,0.0,False,True,boleto,Salvadro,telefone inválido
2511,881.0,2024-06-19 00:00:00,Informática,822.8,1.0,0.0,False,True,,SP,cliente reclamou
2047,85.0,2025-05-24 00:00:00,Informática,963.27,1.0,0.0,False,True,dinheiro,FORTALEZA,Entrega atrasada
4396,122.0,2024-02-26 00:00:00,Alimentos,50.11,3.0,0.0,False,True,dinheiro,SãoP aulo,
3040,1458.0,2022-01-09 00:00:00,Alimentos,67.64,3.0,0.0,False,True,,  vila velha,cliente reclamou
3592,809.0,2023-01-27 00:00:00,Acessórios,105.04,3.0,0.0,False,True,boleto,RECIFE,Entrega atrasada
5659,33.0,2025-01-10 00:00:00,Informática,1310.29,2.0,0.0,False,True,,SãoPaulo,ok
1436,107.0,2023-09-11 00:00:00,Eletrônicos,569.59,1.0,0.0,False,True,pix,Niterói,
4932,1428.0,2022-06-03 00:00:00,,4465.72,3.0,0.0,False,True,pix,RIO,
3028,114.0,2022-04-10 00:00:00,Alimentos,16.38,1.0,0.0,False,True,pix,SJC,
4886,248.0,2024-02-06 00:00:00,Informática,1165.25,2.0,0.0,False,True,,campinas,
4894,633.0,2023-05-03 00:00:00,Eletrônicos,2328.85,3.0,0.0,False,True,pix,  RJ  ,
1475,114.0,2024-04-08 00:00:00,Escritório,357.11,2.0,0.0,False,True,dinheiro,bh,
6186,126.0,2022-07-19 00:00:00,Alimentos,115.54,3.0,0.0,False,True,pix,Belo Horizonte,ok
1913,737.0,2022-07-30 00:00:00,Informática,824.61,0.0,1.0,False,True,Cartão ,BH,ok
6543,,2025-04-02 00:00:00,Eletrônicos,556.82,1.0,0.15,False,True,cartao,,Entrega atrasada
1075,689.0,2024-04-05 00:00:00,Escritório,516.86,3.0,0.0,False,True,,Interior,Entrega atrasada
3246,1030.0,2022-10-15 00:00:00,,0.0,2.0,0.0,False,True,Cartão ,SAOPAULO,
1795,404.0,2023-11-02 00:00:00,Móveis,1402.66,1.0,0.0,False,True,boleto,SALVADOR,ok
1902,788.0,2025-09-02 00:00:00,Eletrônicos,3529.88,5.0,0.0,False,True,Cartão ,rj,telefone inválido
253,849.0,2025-05-05 00:00:00,Informática,708.55,1.0,0.0,False,True,,  são paulo,
3434,695.0,2024-11-10 00:00:00,,941.63,1.0,0.0,False,True,,uCritiba,ok
3050,210.0,2024-10-21 00:00:00,Escritório,230.07,1.0,0.0,False,True,pix,Sao Jose dos Campos,ok
2527,126.0,2025-08-23 00:00:00,Acessórios,57.25,2.0,0.0,False,True,pix,CTBA,
6801,816.0,2023-09-18 00:00:00,Móveis,290543.85,1.0,0.0,False,True,pix,INTERIOR,
6478,925.0,2023-05-28 00:00:00,Móveis,94575.54,2.0,0.0,False,True,pix,porto alegre,Entrega atrasada
6601,962.0,2025-03-05 00:00:00,Informática,789.66,1.0,0.0,False,True,,MANAUS ,Entrega atrasada
1773,69.0,2024-01-08 00:00:00,Informática,1888.06,2.0,0.0,False,True,Cartão ,RECIFE,
1914,1226.0,2022-04-14 00:00:00,Eletrônicos,819.06,1.0,0.0,False,True,,rio de janeiro,cliente reclamou
2585,1245.0,2023-03-02 00:00:00,Eletrônicos,1068.58,1.0,0.0,False,True,,SP,ok
6532,1018.0,2024-06-13 00:00:00,Escritório,182.67,1.0,0.0,False,True,cartao,Salvador,telefone inválido
4027,570.0,2022-03-27 00:00:00,Informática,975.53,1.0,0.15,False,True,Cartão , salvador  ,Entrega atrasada
6703,35.0,2024-07-06 00:00:00,Informática,659.73,1.0,0.0,False,True,pix,SP,telefone inválido
5942,301.0,2023-05-16 00:00:00,Acessórios,167.5,3.0,0.0,False,True,, Niterói  ,
5612,95.0,2023-01-28 00:00:00,Escritório,116.19,1.0,0.0,False,True,,RJ,
6412,210.0,2025-09-30 00:00:00,Eletrônicos,570.99,1.0,0.1,False,True,cartao,SP,telefone inválido
5135,240.0,2022-05-12 00:00:00,Eletrônicos,2067.46,2.0,0.0,False,True,boleto,BRASÍLIA,ok
3380,256.0,2022-12-19 00:00:00,Móveis,2244.11,2.0,0.15,False,True,cartao,Fortaleza,telefone inválido
1080,227.0,2025-07-26 00:00:00,Eletrônicos,487.25,1.0,0.0,False,True,pix,BH,telefone inválido
5042,630.0,2022-02-13 00:00:00,Escritório,206.25,1.0,0.0,False,True,dinheiro,,
1557,274.0,2023-01-10 00:00:00,Eletrônicos,1572.49,3.0,0.0,False,True,boleto,sã opaulo,ok
1168,875.0,2022-11-06 00:00:00,Brinquedos,70.81,1.0,0.0,False,True,boleto,SãoPaulo,cliente reclamou
6878,1354.0,2022-01-05 00:00:00,Alimentos,57.39,3.0,0.0,False,True,Cartão ,Niteroi,ok
1873,1421.0,2025-10-19 00:00:00,Móveis,929.24,1.0,0.0,False,True,pix,Salvador,cliente reclamou
708,1250.0,2022-03-15 00:00:00,Brinquedos,173.45,3.0,0.05,False,True,dinheiro,Niteroi ,
452,1188.0,2025-09-06 00:00:00,Alimentos,81.38,6.0,0.0,False,True,,Manasu,Entrega atrasada
3308,704.0,2024-12-26 00:00:00,Móveis,1378.84,1.0,0.0,False,True,dinheiro,são paulo,Entrega atrasada
6701,,2023-07-12 00:00:00,Acessórios,56.87,1.0,0.0,False,True,Cartão ,  SJC,
6679,921.0,2024-10-13 00:00:00,Escritório,178.8,1.0,0.0,False,True,Cartão ,SALVADOR,Entrega atrasada
6379,1000.0,2024-04-15 00:00:00,Brinquedos,77.96,2.0,0.0,False,True,Cartão ,SJC,ok
3369,800.0,2023-11-21 00:00:00,Eletrônicos,894.31,1.0,0.0,False,True,,SãoPaulo,ok
3655,260.0,2025-08-14 00:00:00,Acessórios,155.16,3.0,0.0,False,True,dinheiro,  Sao Paulo,Entrega atrasada
4361,152.0,2025-03-19 00:00:00,Eletrônicos,697.53,1.0,0.0,False,True,,reicfe,
2085,1199.0,2023-01-29 00:00:00,Móveis,1144.93,1.0,0.0,False,True,,Manaus,Entrega atrasada
1796,1131.0,2024-01-18 00:00:00,Eletrônicos,888.48,,0.0,False,True,,Mnaaus,cliente reclamou
6953,1031.0,2022-06-09 00:00:00,Acessórios,107.64,3.0,0.0,False,True,pix,CTB A,telefone inválido
904,46.0,2022-11-03 00:00:00,Brinquedos,186.58,,0.0,False,True,cartao,SÃOPAULO,telefone inválido
6346,661.0,2023-10-17 00:00:00,Alimentos,29.22,2.0,0.0,False,True,Cartão , Sao Paulo  ,
3353,564.0,2022-09-09 00:00:00,Móveis,689.11,1.0,0.3,False,False,,,
5594,970.0,2022-11-07 00:00:00,Brinquedos,262.71,3.0,0.0,False,True,,SP,Entrega atrasada
3594,51.0,2025-05-18 00:00:00,Alimentos,13.58,,0.0,False,True,dinheiro,Rio,
5282,205.0,2023-07-31 00:00:00,Brinquedos,-290.88,4.0,0.0,False,True,pix,sp,
2180,1053.0,2024-06-06 00:00:00,Móveis,1167.01,1.0,0.0,False,True,dinheiro,Rio de Janeiro,
5130,991.0,2022-04-11 00:00:00,Móveis,1199.35,1.0,0.0,False,True,pix,SJC,cliente reclamou
2158,763.0,2022-07-06 00:00:00,Acessórios,44.02,1.0,0.3,False,True,boleto,sp,Entrega atrasada
2687,48.0,2023-12-04 00:00:00,Escritório,149.18,1.0,0.0,False,True,pix,SÃO PAULO,cliente reclamou
2582,419.0,2022-09-23 00:00:00,Escritório,220.21,1.0,0.0,False,True,dinheiro,salvador,ok
5502,625.0,2022-10-01 00:00:00,Móveis,520.4,1.0,0.0,True,True,Cartão , rio ,
4452,,2024-12-31 00:00:00,Informática,1455.48,1.0,0.0,False,True,boleto,,cliente reclamou
3559,761.0,2022-03-09 00:00:00,Móveis,0.0,1.0,0.0,False,False,dinheiro,RIO,cliente reclamou
2938,41.0,2022-03-20 00:00:00,Escritório,818.1,3.0,0.0,False,True,boleto,  Rio  ,Entrega atrasada
5896,1167.0,2023-07-24 00:00:00,Móveis,1326.85,1.0,0.0,False,True,Cartão , Sao Paulo  ,cliente reclamou
6966,345.0,2024-04-24 00:00:00,Informática,700.54,1.0,0.0,False,True,pix,sp,telefone inválido
5145,1416.0,2022-05-11 00:00:00,Móveis,1730.07,1.0,0.0,True,True,Cartão ,Niterói,telefone inválido
246,1342.0,2024-06-21 00:00:00,Eletrônicos,701.77,1.0,0.15,False,True,Cartão ,Sao Jose dos Campos,ok
2586,287.0,2022-03-03 00:00:00,Móveis,3368.89,2.0,0.0,False,True,pix,ZONA SUL,
444,623.0,2023-03-15 00:00:00,Informática,1400.59,2.0,0.0,False,True,pix,são paulo,
132,35.0,2024-12-09 00:00:00,Brinquedos,0.0,5.0,0.0,True,True,dinheiro,Goiania,ok
6830,1043.0,2024-05-01 00:00:00,Eletrônicos,2788.58,4.0,0.1,False,True,,Sao Jose dos Campos,
828,1483.0,2023-08-24 00:00:00,Informática,3606.7,4.0,0.0,False,True,pix, VILA VELHA,cliente reclamou
3960,511.0,2024-09-21 00:00:00,Eletrônicos,830.59,1.0,0.15,False,True,dinheiro,Brasília,Entrega atrasada
4395,1238.0,2023-03-09 00:00:00,Informática,1654.04,2.0,0.0,False,True,Cartão ,Curitiba,ok
380,848.0,2024-12-17 00:00:00,Brinquedos,164.24,2.0,0.05,False,True,boleto,Niteroi,telefone inválido
5254,1478.0,2025-08-26 00:00:00,Escritório,174.37,1.0,0.0,False,True,cartao,soa paulo centro,Entrega atrasada
2671,11.0,2024-03-05 00:00:00,Eletrônicos,840.06,1.0,0.0,False,True,pix, Rio  ,Entrega atrasada
6290,97.0,2035-01-01 00:00:00,Alimentos,50.01,3.0,0.0,False,True,Cartão ,Porto Alegre,Entrega atrasada
515,652.0,2022-11-29 00:00:00,Acessórios,257.8,4.0,0.0,False,True,cartao,SJC,
5020,126.0,2024-06-20 00:00:00,Eletrônicos,686.36,1.0,0.0,False,True,, Sao Paulo ,telefone inválido
6963,1242.0,2023-03-03 00:00:00,Informática,976.43,1.0,0.0,False,True,,Rio,
4664,1254.0,2022-12-29 00:00:00,Escritório,442.86,2.0,0.0,False,False,Cartão ,SALVADOR,cliente reclamou
4791,505.0,2024-03-30 00:00:00,Acessórios,136.82,3.0,0.0,False,True,Cartão ,Campinas,Entrega atrasada
1578,654.0,2023-11-06 00:00:00,Brinquedos,359.45,3.0,0.0,False,True,cartao,bh,
3971,1061.0,2022-01-31 00:00:00,Informática,3616.76,4.0,0.0,False,True,,Porto Alegre,ok
3762,667.0,2024-11-02 00:00:00,Eletrônicos,725.92,1.0,0.0,False,True,dinheiro,Niterói,cliente reclamou
2318,1128.0,2023-09-28 00:00:00,Eletrônicos,939.96,1.0,0.0,False,True,,sp,ok
6580,124.0,2023-08-20 00:00:00,Escritório,226.91,1.0,0.0,False,True,cartao,SAO PAULO,telefone inválido
4051,259.0,2022-01-15 00:00:00,Brinquedos,157.56,3.0,0.0,False,True,cartao,  sao jose dos campso  ,
2618,149.0,2022-02-28 00:00:00,Escritório,92.75,1.0,0.0,False,True,dinheiro,BH,
1161,882.0,2025-03-25 00:00:00,Escritório,207.35,1.0,0.0,False,True,boleto,CBTA,
3070,583.0,2022-09-14 00:00:00,Informática,779.88,1.0,0.0,False,True,,Porto Alegre,Entrega atrasada
1832,79.0,2022-09-04 00:00:00,Acessórios,82.58,2.0,0.0,False,True,,Rio de Janeiro,
5198,990.0,2025-07-07 00:00:00,Escritório,347.14,2.0,0.05,False,True,boleto,Campinas,telefone inválido
2162,798.0,2023-05-08 00:00:00,Informática,2582.95,3.0,0.0,False,True,cartao,RJ,cliente reclamou
2427,134.0,2024-08-22 00:00:00,Eletrônicos,0.0,1.0,0.0,False,True,,SP,ok
5775,277.0,2023-01-31 00:00:00,Eletrônicos,1724.64,2.0,0.0,False,True,dinheiro,  Zona Sul ,telefone inválido
2218,411.0,2023-07-02 00:00:00,Acessórios,85.42,2.0,0.0,False,True,,BRASÍLIA,
6940,1475.0,2023-02-26 00:00:00,Escritório,164.86,1.0,0.0,False,False,dinheiro,vila velha,ok
2481,732.0,2025-03-15 00:00:00,Brinquedos,153.66,3.0,0.0,False,True,,Manuas ,
1899,688.0,2029-12-25 00:00:00,Móveis,1242.96,2.0,0.3,False,True,boleto, Sao Jose dos Campos ,ok
739,191.0,2024-11-28 00:00:00,Alimentos,89.04,3.0,0.0,False,True,boleto,Brasília,
667,127.0,2024-02-14 00:00:00,Informática,1003.4,1.0,0.15,False,True,cartao,  Brasília ,telefone inválido
3121,1478.0,2024-05-12 00:00:00,Escritório,148.68,1.0,0.0,False,True,dinheiro,iro de janeiro,cliente reclamou
5362,1117.0,2022-02-26 00:00:00,Brinquedos,120.67,3.0,0.0,False,True,cartao,  brasília ,
571,742.0,2024-03-06 00:00:00,Escritório,748.71,3.0,0.0,False,True,,,
5954,,2023-09-09 00:00:00,Escritório,361.1,2.0,0.0,False,True,pix,Vila Velha,telefone inválido
6247,822.0,2023-03-03 00:00:00,Acessórios,37.84,1.0,0.15,False,True,,zona sul,ok
5450,712.0,2023-02-07 00:00:00,Eletrônicos,797.3,1.0,0.05,False,True,pix,bh,Entrega atrasada
4151,224.0,2022-08-11 00:00:00,Brinquedos,111.16,2.0,0.0,False,True,dinheiro,Goiania  ,
1380,482.0,2024-03-01 00:00:00,Móveis,3875.41,2.0,0.0,False,True,dinheiro,RJ,telefone inválido
537,619.0,2024-09-17 00:00:00,,1611.59,2.0,0.0,False,True,boleto,manaus,Entrega atrasada
5438,1314.0,2022-10-01 00:00:00,Informática,2410.4,3.0,0.0,False,True,pix,SÃO PAULO,cliente reclamou
1598,975.0,2025-02-05 00:00:00,Alimentos,33.11,2.0,0.0,False,True,Cartão ,FORTALEZA,Entrega atrasada
6567,224.0,2024-08-18 00:00:00,Eletrônicos,795.93,1.0,0.0,False,True,boleto,sao paulo cenrto  ,Entrega atrasada
4014,700.0,2024-08-15 00:00:00,Eletrônicos,2968.71,3.0,0.0,False,True,boleto,Interior,cliente reclamou
5771,595.0,2024-11-24 00:00:00,Eletrônicos,1126.81,1.0,0.0,False,True,,Rio de Janeiro,ok
5563,57.0,2025-01-17 00:00:00,Eletrônicos,1215.6,2.0,0.0,False,True,dinheiro,CURITIBA  ,cliente reclamou
1448,535.0,2023-12-08 00:00:00,Escritório,485.15,2.0,0.05,False,True,cartao,VILA VELHA,
5443,393.0,2022-12-06 00:00:00,Informática,4144.08,3.0,0.0,False,True,cartao,  niterói,
6054,163.0,2023-05-23 00:00:00,Eletrônicos,647.78,1.0,0.0,False,True,cartao,  Salvador,Entrega atrasada
1390,756.0,2024-12-16 00:00:00,Brinquedos,195.51,3.0,0.15,False,True,pix,  Niteroi ,Entrega atrasada
2629,26.0,2024-07-19 00:00:00,Informática,1111.22,1.0,0.0,False,True,Cartão ,  Sao Paulo ,Entrega atrasada
2781,992.0,2025-07-09 00:00:00,Informática,3167.81,3.0,0.0,False,True,Cartão ,são paulo,cliente reclamou
6164,655.0,2023-09-20 00:00:00,Brinquedos,111.1,2.0,0.0,False,True,cartao,Belo Horizonte  ,cliente reclamou
290,1073.0,2023-02-30,Brinquedos,79.54,1.0,0.0,False,True,cartao,São Paulo,cliente reclamou
1,483.0,2023-08-17 00:00:00,Escritório,0.0,2.0,0.0,False,True,dinheiro,SAO JOSE DOS CAMPOS,Entrega atrasada
998,874.0,2023-12-19 00:00:00,Escritório,823.96,3.0,0.15,False,True,,poa,
1641,865.0,2024-11-03 00:00:00,Eletrônicos,1813.64,2.0,0.0,False,True,Cartão ,  NITEROI  ,cliente reclamou
6348,278.0,2023-11-27 00:00:00,Escritório,266.15,2.0,0.0,False,True,Cartão ,poa,telefone inválido
5179,81.0,2024-03-28 00:00:00,Acessórios,63.19,1.0,0.0,True,True,boleto, rio de janeiro,ok
5029,764.0,2022-07-04 00:00:00,Informática,1260.2,1.0,0.0,False,False,,SaoPaulo,ok
5061,569.0,2024-08-06 00:00:00,Brinquedos,0.0,1.0,0.1,False,True,dinheiro,BH,
6797,191.0,2023-08-20 00:00:00,Informática,716.18,1.0,0.0,False,True,cartao,B H  ,
738,999.0,2024-09-28 00:00:00,Brinquedos,156.03,3.0,0.0,False,True,boleto,interior,
6510,,2025-04-29 00:00:00,Eletrônicos,612.92,1.0,0.0,False,True,cartao,Niteroi,cliente reclamou
1981,254.0,2024-07-01 00:00:00,Alimentos,66.1,2.0,0.0,False,True,,Gioania  ,
2172,66.0,2023-05-20 00:00:00,Escritório,187.5,1.0,0.0,False,True,cartao,Campinas,ok
6981,1284.0,2023-10-23 00:00:00,Móveis,1649.99,1.0,0.0,False,True,boleto,rio de janeiro,Entrega atrasada
6073,600.0,2025-06-03 00:00:00,Móveis,877.35,1.0,0.0,False,True,Cartão ,sp,telefone inválido
6354,569.0,2024-07-11 00:00:00,Móveis,899.85,1.0,0.0,False,True,boleto,rio de janeiro,Entrega atrasada
4029,405.0,2022-04-25 00:00:00,Brinquedos,122.38,2.0,0.0,False,False,boleto,,
4927,792.0,2024-04-17 00:00:00,Informática,713.33,1.0,0.0,False,True,Cartão ,SAO PAULO,ok
203,353.0,2022-02-01 00:00:00,Escritório,349.64,2.0,0.0,False,True,dinheiro,belo horizonte,
3062,942.0,2023-06-15 00:00:00,Acessórios,51.93,1.0,0.0,False,True,dinheiro,porto alegre,
1015,389.0,2025-06-02 00:00:00,Informática,1000.74,1.0,0.0,False,True,pix,SJC,
5590,353.0,2024-12-29 00:00:00,Móveis,1683.37,1.0,0.0,False,True,,  CTBA  ,telefone inválido
1275,14.0,2022-09-27 00:00:00,Informática,714.52,1.0,0.3,False,True,boleto,ZONA SUL,cliente reclamou
456,64.0,2023-04-13 00:00:00,Escritório,388.16,2.0,0.0,False,True,dinheiro,  são paulo  ,ok
4386,231.0,2024-03-19 00:00:00,Escritório,321.92,2.0,0.0,False,True,cartao,GOIANIA,cliente reclamou
2507,108.0,2023-02-30,Escritório,409.51,2.0,0.1,False,True,cartao,Curitiba,Entrega atrasada
3546,193.0,2022-01-13 00:00:00,Escritório,816.94,3.0,0.0,False,True,dinheiro,niteroi,
3768,1180.0,2022-12-21 00:00:00,Acessórios,59.27,1.0,0.0,False,True,dinheiro,,telefone inválido
1069,97.0,2024-03-03 00:00:00,Acessórios,36.33,1.0,0.0,False,True,,são paulo,ok
1851,209.0,2022-06-29 00:00:00,Eletrônicos,725.89,2.0,0.0,False,True,Cartão ,zona sul,
5258,1098.0,2029-12-25 00:00:00,Alimentos,55.09,2.0,0.0,False,True,pix,vila velha,
311,1103.0,2023-10-19 00:00:00,Móveis,1227.88,1.0,0.0,False,True,,Brasília,
6040,977.0,2025-07-05 00:00:00,Eletrônicos,685.81,1.0,0.0,False,True,boleto,Vila Velha,cliente reclamou
2812,1419.0,2022-01-12 00:00:00,Escritório,462.52,3.0,0.0,False,True,Cartão ,ZONA SUL,ok
6432,557.0,2023-12-06 00:00:00,Informática,1214.64,1.0,0.0,False,True,dinheiro,  bh ,Entrega atrasada
5546,,2024-08-01 00:00:00,Eletrônicos,551.38,1.0,0.0,False,True,dinheiro,BRASÍLIA,telefone inválido
490,688.0,2022-08-02 00:00:00,Eletrônicos,592.33,1.0,0.0,False,True,dinheiro,curitiba,ok
2928,805.0,2025-07-23 00:00:00,Informática,1475.1,2.0,0.0,False,True,cartao,  Zona Sul,
1073,630.0,2023-12-10 00:00:00,Informática,1574.83,3.0,0.0,False,True,cartao,soã paulo,Entrega atrasada
3502,994.0,2024-10-06 00:00:00,Escritório,194.25,1.0,0.0,False,True,boleto,RIO DE JANEIRO,Entrega atrasada
718,150.0,2025-06-06 00:00:00,Eletrônicos,2276.8,3.0,0.0,False,True,pix,rio de janeiro,
4834,1151.0,2025-01-28 00:00:00,Acessórios,40.78,1.0,0.0,False,True,pix, RIO DE JANEIRO ,
1418,1028.0,2023-05-22 00:00:00,Brinquedos,9999999.99,2.0,0.0,False,True,boleto,NITERÓI,
6241,1071.0,2022-04-05 00:00:00,,2610.46,2.0,0.0,False,True,dinheiro,SÃO PAULO,
3951,358.0,2024-03-25 00:00:00,Escritório,498.55,3.0,0.0,False,True,cartao,porto alegre,
5652,,2024-07-07 00:00:00,Informática,1681.32,2.0,0.0,False,True,Cartão ,NITERÓI,cliente reclamou
417,582.0,2023-02-06 00:00:00,,515.39,1.0,0.0,False,True,boleto,São Paulo,
1017,1163.0,2022-07-25 00:00:00,Alimentos,0.0,2.0,0.0,False,True,cartao,sp,
491,545.0,2022-01-15 00:00:00,Brinquedos,74.97,2.0,0.0,False,True,boleto,RJ,
4988,870.0,2025-09-28 00:00:00,Escritório,0.0,1.0,0.0,False,True,dinheiro,,cliente reclamou
2473,1014.0,2025-08-14 00:00:00,Informática,745.74,1.0,0.0,False,True,dinheiro,sp,
6190,623.0,2023-04-06 00:00:00,Informática,2407.26,2.0,0.0,False,True,dinheiro, Salvador  ,telefone inválido
4179,334.0,2025-03-15 00:00:00,Brinquedos,56.47,1.0,0.0,False,True,,SP ,Entrega atrasada
4354,643.0,2025-10-25 00:00:00,Informática,892.52,1.0,0.0,False,True,dinheiro,sp,
3338,117.0,2024-09-03 00:00:00,Informática,1195.97,1.0,0.0,False,True,,rio de janeior,cliente reclamou
3214,1027.0,2023-07-02 00:00:00,Escritório,307.91,2.0,0.0,False,True,cartao,bh,
3928,72.0,2024-04-25 00:00:00,Eletrônicos,834.94,1.0,0.0,False,True,,SÃO PAULO,telefone inválido
3435,457.0,2022-08-07 00:00:00,,0.0,1.0,0.05,False,True,dinheiro,niterói,cliente reclamou
2139,1087.0,2022-05-07 00:00:00,Escritório,733.63,3.0,0.0,False,True,pix,RJ,ok
5968,653.0,2023-07-18 00:00:00,Móveis,1244.13,1.0,0.0,False,True,boleto,sao paulo cnetro,
333,1430.0,2024-08-27 00:00:00,Informática,763.22,1.0,0.0,False,True,dinheiro,  NITEROI,
1711,453.0,2024-04-17 00:00:00,Eletrônicos,1347.04,2.0,0.0,False,True,cartao,  interior,telefone inválido
4336,1219.0,2025-01-08 00:00:00,Eletrônicos,884.75,1.0,0.0,False,True,dinheiro,TCBA,
1677,731.0,2025-10-10 00:00:00,Brinquedos,124.64,2.0,0.0,False,True,cartao,Recife,
1722,999.0,2025-04-19 00:00:00,,2674.59,2.0,0.0,False,True,dinheiro,Sao Paulo,
711,1288.0,2023-08-26 00:00:00,Móveis,1349.07,1.0,0.0,False,True,Cartão ,,
3679,1345.0,2022-06-01 00:00:00,Eletrônicos,1345.62,2.0,0.0,False,True,boleto,bh,Entrega atrasada
2725,,2022-04-26 00:00:00,Informática,1327.86,2.0,0.0,False,True,cartao,SJC,ok
1763,1139.0,2022-02-11 00:00:00,Escritório,253.1,2.0,0.0,False,True,,Rio,Entrega atrasada
1297,1460.0,2023-12-31 00:00:00,Alimentos,102.24,4.0,0.0,False,True,pix, rio de janeiro  ,ok
1630,841.0,2023-05-17 00:00:00,Informática,2128.6,2.0,0.0,False,True,,POA,
1605,60.0,2025-04-20 00:00:00,Informática,950.83,1.0,0.0,False,True,dinheiro,  SãoPaulo  ,ok
4195,693.0,2022-04-22 00:00:00,Eletrônicos,758.93,1.0,0.0,False,True,pix,Porto Alerge,Entrega atrasada
6568,488.0,2024-08-31 00:00:00,Acessórios,107.04,2.0,0.0,False,True,pix,goiania,Entrega atrasada
3800,1403.0,2023-10-05 00:00:00,Acessórios,66.82,2.0,0.0,False,True,boleto,RJ,ok
1157,321.0,2024-11-11 00:00:00,Escritório,160.66,1.0,0.1,False,True,pix, BH ,Entrega atrasada
3046,872.0,2022-01-02 00:00:00,Escritório,213.23,1.0,0.0,False,True,cartao,são paulo ,Entrega atrasada
4878,780.0,2022-05-03 00:00:00,Escritório,0.0,2.0,0.0,False,True,pix,  Salvador  ,
5190,854.0,2025-09-24 00:00:00,Acessórios,90.48,2.0,0.0,False,True,dinheiro,rio de janeiro,telefone inválido
2220,890.0,2025-03-27 00:00:00,Acessórios,29.62,1.0,0.1,False,True,pix,cliente reclamou,Belo Horizonte
876,627.0,2023-01-13 00:00:00,Escritório,192.43,1.0,0.0,False,True,cartao,Niteroi,cliente reclamou
3474,949.0,2022-12-24 00:00:00,Informática,0.0,1.0,0.0,False,True,cartao,poa,
5814,1433.0,2023-08-30 00:00:00,Acessórios,63.5,1.0,0.0,False,True,cartao,  BH  ,
576,,2025-08-03 00:00:00,Eletrônicos,2413.43,3.0,0.0,False,True,boleto,Sao Jose dos Campos,cliente reclamou
2684,646.0,2024-10-04 00:00:00,Acessórios,0.0,1.0,0.0,False,True,Cartão ,,Entrega atrasada
2360,934.0,2025-01-01 00:00:00,Escritório,169.8,1.0,0.0,False,True,dinheiro,BELOH ORIZONTE,Entrega atrasada
5357,182.0,2023-01-12 00:00:00,Eletrônicos,728.84,1.0,0.0,False,True,cartao,BH,
5395,507.0,2023-12-04 00:00:00,Informática,1852.97,1.0,0.0,False,True,cartao,goiania  ,ok
1965,1017.0,2023-01-25 00:00:00,  INFORMÁTICA  ,1179.86,1.0,0.0,False,True,cartao,,
2061,682.0,2025-03-10 00:00:00,Informática,1389.98,1.0,0.0,False,True,pix,SÃO PAULO,telefone inválido
85,376.0,2023-05-16 00:00:00,Escritório,198.6,1.0,0.0,False,False,boleto,Sao Paulo Cnetro,
6405,1127.0,2023-09-18 00:00:00,Escritório,161.36,1.0,0.0,False,True,pix,INTERIOR,
3425,334.0,2024-10-10 00:00:00,Acessórios,30.63,1.0,0.0,False,True,Cartão ,Salvador,ok
2869,201.0,2022-12-24 00:00:00,Informática,831.41,1.0,0.0,False,True,,campinas,cliente reclamou
4553,148.0,2022-02-02 00:00:00,Brinquedos,232.93,5.0,0.0,False,True,boleto,fortalzea,Entrega atrasada
5482,1377.0,2023-04-12 00:00:00,Acessórios,184.32,3.0,0.0,False,True,dinheiro,  sp ,
771,166.0,2023-12-14 00:00:00,Eletrônicos,934.93,1.0,0.0,False,True,pix, goiania  ,ok
6263,28.0,2023-05-24 00:00:00,Brinquedos,170.44,4.0,0.15,False,True,boleto,São Paulo,cliente reclamou
393,1144.0,2025-05-31 00:00:00,Brinquedos,205.38,3.0,0.0,False,True,,goiania,
383,241.0,2023-09-29 00:00:00,Brinquedos,197.71,3.0,0.0,False,True,dinheiro,  São Paulo,telefone inválido
4385,312.0,2023-10-16 00:00:00,Acessórios,32.45,1.0,0.0,False,True,,  RJ,
6111,197.0,2025-03-16 00:00:00,Eletrônicos,646.04,0.0,1.0,False,True,,Salvador,
438,358.0,2022-03-29 00:00:00,Móveis,2827.47,2.0,0.0,False,True,boleto,  SP ,
2885,1041.0,2025-10-24 00:00:00,Eletrônicos,688.91,,0.0,False,True,,SAO JOSE DOS CAMPOS,ok
719,830.0,2023-11-23 00:00:00,Escritório,218.64,1.0,0.0,False,True,Cartão ,rj,ok
1664,452.0,2023-05-14 00:00:00,Informática,1165.67,1.0,0.05,False,True,pix,Goiania,Entrega atrasada
5177,268.0,2023-09-18 00:00:00,Acessórios,40.44,1.0,0.15,False,True,cartao,RIO DE JANEIRO,
2508,1031.0,2023-02-20 00:00:00,Acessórios,195.22,3.0,0.0,False,True,dinheiro,Campinas,ok
5894,1172.0,2023-02-01 00:00:00,Eletrônicos,1334.88,2.0,0.0,False,True,,interior,
2751,969.0,2022-08-31 00:00:00,Informática,1030.16,1.0,0.0,False,True,, SAO PAULO CENTRO  ,
2154,632.0,2025-03-12 00:00:00,Acessórios,54.46,1.0,0.0,False,True,pix,Niteroi,ok
4382,885.0,2022-10-10 00:00:00,,1534.09,2.0,0.0,False,True,pix,porto alegre,cliente reclamou
4698,852.0,2025-01-27 00:00:00,Acessórios,52.2,1.0,0.0,False,True,boleto, RJ,telefone inválido
489,1418.0,2024-08-07 00:00:00,Acessórios,31.21,1.0,0.0,False,True,,RJ,cliente reclamou
3893,,2025-10-10 00:00:00,Informática,571.12,1.0,0.0,False,True,pix,NITERÓI,cliente reclamou
2958,1296.0,2022-06-22 00:00:00,Móveis,1509.08,1.0,0.0,False,True,, Sao Jose dos Campos ,Entrega atrasada
4620,199.0,2024-04-24 00:00:00,Eletrônicos,814.75,1.0,0.05,False,True,Cartão ,BH,cliente reclamou
4783,979.0,2024-07-18 00:00:00,Móveis,1593.74,2.0,0.0,False,True,dinheiro,Brasília,ok
617,1181.0,2024-04-15 00:00:00,Móveis,1476.38,1.0,0.0,False,True,cartao,SÃO PAUOL,cliente reclamou
1819,55.0,2022-04-16 00:00:00,Acessórios,62.54,2.0,0.0,False,True,boleto,SAO PAULO,
55,720.0,2024-05-09 00:00:00,Eletrônicos,534.13,1.0,0.15,False,False,pix,CTBA,cliente reclamou
1020,1075.0,2023-01-20 00:00:00,Escritório,503.67,3.0,0.0,False,True,cartao, zona sul ,
3975,1013.0,2025-05-02 00:00:00,Acessórios,45.38,1.0,0.0,False,True,boleto,BELO HORIZONTE,Entrega atrasada
5139,741.0,2025-03-17 00:00:00,Acessórios,54.21,1.0,0.0,False,True,pix,rio de janeiro,
1676,,2024-09-29 00:00:00,Informática,1581.07,2.0,0.1,False,True,Cartão ,NITERÓI,
5662,387.0,2022-06-01 00:00:00,Acessórios,42.52,1.0,0.0,False,True,Cartão ,sao paulo,
4373,263.0,2022-12-05 00:00:00,Acessórios,86.21,2.0,0.0,False,True,dinheiro,SAO JOSE DOS CAMPOS,Entrega atrasada
3285,696.0,2024-06-11 00:00:00,Escritório,630.64,3.0,0.0,False,True,dinheiro,  sp  ,Entrega atrasada
5453,861.0,2023-07-31 00:00:00,Escritório,197.33,1.0,0.0,False,True,cartao,Niteroi,cliente reclamou
6479,728.0,2023-01-09 00:00:00,Escritório,390.51,2.0,0.0,False,True,pix,Soã Paulo,ok
2534,,2023-03-28 00:00:00,Brinquedos,78.73,1.0,0.0,False,True,pix,Belo Hoirzonte,
3889,1321.0,2023-09-30 00:00:00,Acessórios,0.0,1.0,0.0,False,True,Cartão ,CMAPINAS,cliente reclamou
1836,825.0,2025-01-02 00:00:00,Brinquedos,150.69,3.0,0.0,False,True,Cartão ,rj,ok
3565,15.0,2025-09-26 00:00:00,Eletrônicos,1564.32,2.0,0.0,False,True,Cartão ,MANAUS,telefone inválido
2571,401.0,2022-08-04 00:00:00,Eletrônicos,515.63,1.0,0.3,False,False,pix,curiitba,
1410,975.0,2022-11-19 00:00:00,Escritório,203.14,1.0,0.05,False,True,cartao,FORTALEZA,cliente reclamou
3416,1392.0,2023-06-29 00:00:00,Móveis,1252.74,1.0,0.0,False,True,pix,  ctba  ,telefone inválido
3550,206.0,2025-10-14 00:00:00,Eletrônicos,508.6,1.0,0.0,False,True,boleto,Fortaleza,
2823,1121.0,2022-11-01 00:00:00,Eletrônicos,581.76,1.0,0.15,False,True,,SÃO PAULO,ok
1254,111.0,2022-09-19 00:00:00,Eletrônicos,931.13,1.0,0.0,False,False,boleto,sp,
5019,906.0,2022-07-23 00:00:00,Informática,1893.32,2.0,0.0,False,True,,sjc,Entrega atrasada
713,65.0,2025-03-30 00:00:00,Eletrônicos,672.5,1.0,0.0,False,True,Cartão ,  Niteroi,telefone inválido
5851,455.0,2024-05-02 00:00:00,Acessórios,99.96,2.0,0.0,False,True,cartao, SãoPaulo ,Entrega atrasada
6682,928.0,2023-02-18 00:00:00,Móveis,736.67,1.0,0.3,False,True,cartao,Vila Velha,ok
1513,998.0,2024-11-06 00:00:00,Informática,1214.73,1.0,0.0,False,True,Cartão ,NITERIO,
4116,1139.0,2023-03-22 00:00:00,Alimentos,60.47,3.0,0.0,False,True,Cartão ,Vila Velha ,Entrega atrasada
1324,941.0,2023-08-30 00:00:00,Eletrônicos,1090.05,1.0,0.0,False,True,,Brasilia,telefone inválido
142,1496.0,2025-06-19 00:00:00,Eletrônicos,939.42,1.0,0.0,False,True,pix,  VilaV elha  ,telefone inválido
1281,36.0,2025-10-04 00:00:00,Alimentos,37.75,2.0,0.0,False,True,boleto,  SP  ,cliente reclamou
955,719.0,2022-06-20 00:00:00,Acessórios,32.3,1.0,0.0,False,True,boleto,POA,
4074,229.0,2025-08-26 00:00:00,Eletrônicos,619.7,1.0,0.0,False,True,Cartão ,  Zona Sul,telefone inválido
3683,1177.0,2024-07-05 00:00:00,Informática,777.95,1.0,0.0,False,True,pix, POA ,telefone inválido
3525,215.0,2023-05-22 00:00:00,Eletrônicos,531.34,1.0,0.0,False,True,dinheiro,Rio,telefone inválido
2384,634.0,2022-05-09 00:00:00,Escritório,495.81,3.0,0.0,False,True,,  bh  ,cliente reclamou
4762,502.0,2022-10-04 00:00:00,Eletrônicos,963.05,2.0,0.0,False,True,Cartão ,sp,
5931,717.0,2024-02-21 00:00:00,Acessórios,77.35,2.0,0.0,False,True,cartao,PORTO ALEGRE,ok
5935,1447.0,2023-09-26 00:00:00,Escritório,574.71,3.0,0.0,False,True,Cartão ,SP,cliente reclamou
1971,845.0,2025-10-02 00:00:00,Eletrônicos,953.42,1.0,0.0,True,True,boleto,SJC,telefone inválido
3009,448.0,2022-11-15 00:00:00,Escritório,400.69,2.0,0.0,False,True,boleto,Brasília,ok
232,923.0,2023-09-06 00:00:00,Escritório,184.65,1.0,0.0,False,True,,POA,cliente reclamou
4079,26.0,2024-12-09 00:00:00,Eletrônicos,3201.68,3.0,0.0,False,True,boleto,SP,
1496,221.0,2024-05-18 00:00:00,Eletrônicos,2038.64,3.0,0.0,False,True,cartao,Soã Paulo,telefone inválido
172,475.0,2025-03-09 00:00:00,Escritório,136.58,1.0,0.0,False,True,dinheiro,,cliente reclamou
6236,74.0,2022-03-19 00:00:00,Eletrônicos,648.03,1.0,0.0,False,True,boleto,BH,
25,,2024-12-16 00:00:00,Acessórios,81.0,1.0,0.0,False,True,cartao,goiania,Entrega atrasada
372,368.0,2023-06-07 00:00:00,Acessórios,95.38,2.0,0.0,True,True,,POA,telefone inválido
2625,43.0,2025-05-05 00:00:00,,1278.2,6.0,0.0,False,True,,Sao Paulo Centro,Entrega atrasada
2050,947.0,2022-06-14 00:00:00,Acessórios,28.22,1.0,0.3,False,True,cartao,SJC,
1167,1146.0,2024-07-07 00:00:00,Acessórios,49.79,1.0,0.0,False,True,, iNterói  ,
5971,89.0,2022-02-20 00:00:00,Eletrônicos,0.0,1.0,0.1,False,True,Cartão , BH,cliente reclamou
945,925.0,2025-07-07 00:00:00,Brinquedos,49.11,1.0,0.15,False,False,,Curitiba,telefone inválido
6814,838.0,2024-07-13 00:00:00,Escritório,150.21,1.0,0.1,False,True,boleto,,Entrega atrasada
6822,257.0,2029-12-25 00:00:00,Escritório,276.97,1.0,0.0,False,True,cartao,Manaus,telefone inválido
4095,,2022-01-22 00:00:00,Informática,894.45,,0.15,False,True,boleto,SAO JOSE DOS CAMPOS,
2209,844.0,2023-07-09 00:00:00,Eletrônicos,794.68,1.0,0.0,False,True,,CTBA,ok
5560,,2024-10-17 00:00:00,Eletrônicos,1130.35,2.0,0.0,False,True,Cartão ,Manaus,cliente reclamou
4158,1237.0,2023-10-09 00:00:00,Informática,1619.49,2.0,0.15,False,True,, Sao Paulo Centro,Entrega atrasada
567,786.0,2022-05-03 00:00:00,Escritório,198.36,1.0,0.0,False,True,cartao,sãopaulo,
5722,19.0,2024-05-21 00:00:00,Eletrônicos,1029.93,2.0,0.0,False,True,dinheiro,sao jose dos cmapos,Entrega atrasada
2608,63.0,2022-11-28 00:00:00,Brinquedos,207.45,4.0,0.0,False,True,pix,Fortaleza,telefone inválido
565,463.0,2023-05-04 00:00:00,Eletrônicos,523.62,1.0,0.0,False,True,pix,   ,telefone inválido
3125,165.0,2024-10-09 00:00:00,Eletrônicos,383.75,,0.0,False,True,boleto,SP,
1214,1313.0,2025-07-24 00:00:00,Móveis,1259.98,1.0,0.0,False,True,boleto,SP,ok
5844,9.0,2024-10-05 00:00:00,Móveis,1481.98,1.0,0.0,False,True,pix,São Paulo ,cliente reclamou
4172,202.0,2023-04-07 00:00:00,Informática,659.32,1.0,0.0,False,True,pix,,cliente reclamou
5479,209.0,2023-06-19 00:00:00,Informática,815.8,1.0,0.0,False,True,,SAO JOSE DOS CMAPOS,telefone inválido
4150,690.0,2024-12-07 00:00:00,Eletrônicos,872.9,,0.0,False,True,dinheiro,poa,
1967,717.0,2024-09-09 00:00:00,Eletrônicos,754.77,1.0,0.0,False,True,dinheiro, BH,cliente reclamou
5832,570.0,2025-05-29 00:00:00,Informática,1348.13,2.0,0.15,False,True,Cartão ,Sao Paulo,
2519,865.0,2022-08-16 00:00:00,Escritório,618.37,3.0,0.0,False,True,dinheiro,Niterói,telefone inválido
3252,493.0,2022-10-31 00:00:00,Escritório,172.29,1.0,0.0,False,True,pix,SP,telefone inválido
6210,462.0,2023-11-23 00:00:00,Alimentos,118.79,4.0,0.0,False,True,dinheiro,BH,Entrega atrasada
61,1101.0,2024-06-14 00:00:00,Informática,819.96,1.0,0.0,False,True,,Rio,cliente reclamou
1148,1443.0,2025-02-13 00:00:00,Informática,1250.36,1.0,0.0,False,True,,  Sao Paulo  ,Entrega atrasada
1285,416.0,2022-10-30 00:00:00,Acessórios,61.77,2.0,0.0,False,True,pix,CTBA,
4567,884.0,2025-06-22 00:00:00,Informática,1075.81,1.0,0.0,True,True,pix,SAO PAULO,ok
6437,127.0,2023-02-03 00:00:00,Informática,1086.93,1.0,0.0,False,True,Cartão , sao paulo  ,ok
3954,1119.0,2024-11-11 00:00:00,Informática,731.78,1.0,0.0,False,True,dinheiro,RIO,cliente reclamou
1413,1051.0,2023-01-11 00:00:00,Móveis,1676.1,1.0,0.0,False,True,Cartão , NITEROI  ,Entrega atrasada
826,743.0,2025-07-31 00:00:00,Informática,1617.43,2.0,0.0,False,True,dinheiro,BH,ok
1679,881.0,2024-07-19 00:00:00,Eletrônicos,908.1,2.0,0.0,False,True,,Niterói,cliente reclamou
1243,318.0,2023-07-04 00:00:00,Eletrônicos,1302.82,,0.0,False,True,,CTBA,
4627,1024.0,2025-09-14 00:00:00,Alimentos,16.9,1.0,0.0,False,True,Cartão ,recife,
4860,1110.0,2024-07-07 00:00:00,Brinquedos,333.88,5.0,0.0,False,True,cartao,Goiania,
4980,1280.0,2023-01-23 00:00:00,Eletrônicos,655.83,1.0,0.0,False,True,dinheiro,Sao Jose dos Campos,Entrega atrasada
610,834.0,2022-05-19 00:00:00,Escritório,182.36,1.0,0.0,False,True,,campinas,telefone inválido
4613,,2025-07-31 00:00:00,Eletrônicos,2932.94,4.0,0.0,False,True,Cartão ,RECIFE,
1825,906.0,2023-02-17 00:00:00,Eletrônicos,280970.3,5.0,0.05,False,True,boleto,SP,telefone inválido
2081,1216.0,2023-02-30,Eletrônicos,517.39,1.0,0.0,False,True,cartao,são paulo,
4788,368.0,2022-07-23 00:00:00,Escritório,222.02,1.0,0.0,False,True,dinheiro,RIO DE JANEIRO,cliente reclamou
2387,488.0,2035-01-01 00:00:00,Acessórios,38.51,1.0,0.0,False,True,boleto,sp,ok
1522,117.0,2024-09-11 00:00:00,Móveis,1657.08,2.0,0.0,False,True,dinheiro,RJ,
6330,960.0,2023-06-11 00:00:00,Acessórios,241.19,6.0,0.0,False,True,,  SJC ,
3002,1152.0,2022-06-17 00:00:00,Escritório,0.0,1.0,0.0,False,True,dinheiro, BRASÍLIA ,telefone inválido
3918,1085.0,2024-11-15 00:00:00,Alimentos,76.71,4.0,0.0,False,True,dinheiro, RIO DE JANEIRO ,
6855,59.0,2025-01-10 00:00:00,Alimentos,65.54,3.0,0.0,True,True,pix,Curitiba,
2207,232.0,2023-05-03 00:00:00,Eletrônicos,840.48,1.0,0.0,True,True,cartao,são paulo,cliente reclamou
1616,1059.0,2025-07-01 00:00:00,Móveis,1512.72,1.0,0.0,False,True,pix,São Paulo,
3826,847.0,2023-12-15 00:00:00,Informática,2469.26,3.0,0.1,False,True,Cartão ,goiania,
1837,248.0,2024-02-14 00:00:00,Escritório,206.82,1.0,0.0,False,True,cartao,goiania,telefone inválido
3470,86.0,2022-03-01 00:00:00,Informática,772.95,1.0,0.0,False,True,pix,  SAO PAULO  ,cliente reclamou
6358,355.0,2023-02-16 00:00:00,Informática,696.01,1.0,0.0,False,True,dinheiro,BH,Entrega atrasada
698,1340.0,2023-04-15 00:00:00,Acessórios,34.38,1.0,0.0,False,True,,ctba,ok
2837,438.0,2022-03-29 00:00:00,Informática,1876.15,3.0,0.3,False,True,boleto,BH,Entrega atrasada
3648,515.0,2025-09-03 00:00:00,Acessórios,102.04,2.0,0.0,False,True,boleto, v ila velha ,
838,33.0,2022-02-13 00:00:00,Informática,1119.22,1.0,0.0,False,True,cartao,SÃOPAULO ,cliente reclamou
2294,650.0,2023-06-02 00:00:00,Eletrônicos,627.93,1.0,0.0,False,True,boleto,salvador,cliente reclamou
5010,1052.0,2024-01-21 00:00:00,,241.83,1.0,0.0,False,True,Cartão ,Curitiba,telefone inválido
6134,796.0,2022-11-26 00:00:00,Móveis,3778.8,2.0,0.0,False,True,cartao,Salvador,telefone inválido
6282,358.0,2025-07-07 00:00:00,Móveis,1602.96,2.0,0.0,False,True,,Rio de Janeiro,
4771,625.0,2025-07-12 00:00:00,Eletrônicos,815.9,1.0,0.0,False,True,Cartão ,São Paulo,ok
5727,187.0,2025-02-19 00:00:00,,43.95,3.0,0.3,False,False,,niteroi,ok
5621,1150.0,2024-01-08 00:00:00,Informática,714.86,1.0,0.0,False,True,boleto,FORTALEZA,telefone inválido
2455,114.0,2024-09-16 00:00:00,Acessórios,50.35,1.0,0.0,False,True,pix,SãoPaulo,
5507,1497.0,2024-11-17 00:00:00,Brinquedos,255.96,3.0,0.0,False,True,boleto, recife  ,cliente reclamou
267,553.0,2024-05-27 00:00:00,,1137.49,2.0,0.0,False,True,Cartão ,  Brasília ,
5390,1005.0,2024-08-26 00:00:00,Eletrônicos,625.69,1.0,0.0,False,True,cartao,RJ,Entrega atrasada
4317,568.0,2022-11-23 00:00:00,Informática,583.24,1.0,0.0,False,True,Cartão ,  Vila Velha ,
3044,745.0,2022-11-22 00:00:00,Móveis,3707.37,2.0,0.1,False,True,cartao,Niterói,telefone inválido
4178,294.0,2025-01-01 00:00:00,Acessórios,46.35,2.0,0.1,False,True,dinheiro, rio  ,
6048,1334.0,2024-09-25 00:00:00,Escritório,264.77,2.0,0.0,False,True,pix,RJ,cliente reclamou
2235,1120.0,2022-12-04 00:00:00,Eletrônicos,840.82,1.0,0.0,False,True,cartao,SP,Entrega atrasada
6514,1158.0,2024-08-23 00:00:00,Escritório,141.65,1.0,0.05,False,True,,Rio,Entrega atrasada
5154,342.0,2024-06-21 00:00:00,Acessórios,45.26,1.0,0.0,False,True,pix,Sao Paulo Centro,Entrega atrasada
4680,906.0,2023-07-16 00:00:00,Escritório,663.02,3.0,0.0,False,True,dinheiro,Rio de Janeiro,ok
6696,890.0,2023-02-01 00:00:00,Informática,674.74,1.0,0.0,False,True,Cartão ,Sao Paulo Centro,
3993,636.0,2023-11-09 00:00:00,Brinquedos,102.51,1.0,0.0,False,True,Cartão ,SãoPaulo,
1759,112.0,2023-03-04 00:00:00,Eletrônicos,1234.48,2.0,0.0,False,True,cartao,,cliente reclamou
4607,712.0,2024-11-23 00:00:00,Eletrônicos,463.48,1.0,0.05,False,True,pix,SJC,
4726,132.0,2024-12-26 00:00:00,Escritório,253.61,1.0,0.0,False,True,dinheiro, Recife,
4455,1074.0,2023-08-20 00:00:00,Acessórios,36.87,1.0,0.0,False,True,,SALVADOR,Entrega atrasada
6283,513.0,2025-08-09 00:00:00,Escritório,366.01,2.0,0.0,False,True,boleto,,telefone inválido
1051,239.0,2022-03-17 00:00:00,Acessórios,59.88,1.0,0.0,False,True,boleto,Goiania,
5515,216.0,2029-12-25 00:00:00,Brinquedos,252.17,3.0,0.0,False,True,Cartão ,Belo Horizonte,ok
5902,553.0,2022-06-04 00:00:00,Informática,770.94,1.0,0.0,False,True,boleto,BRASÍLIA,ok
6833,823.0,2025-06-01 00:00:00,Acessórios,38.32,1.0,0.0,False,True,pix,  rio de janeiro  ,telefone inválido
1109,992.0,2025-06-19 00:00:00,Móveis,1005.57,1.0,0.0,False,True,,POA,
5175,1062.0,2022-05-20 00:00:00,Móveis,886.56,1.0,0.0,False,True,cartao,PORTO ALEGER,telefone inválido
2138,1102.0,2023-11-27 00:00:00,Alimentos,65.44,3.0,0.0,False,True,,BH,cliente reclamou
4721,515.0,2025-07-31 00:00:00,Informática,0.0,2.0,0.0,False,True,dinheiro,Niteroi,cliente reclamou
1668,678.0,2029-12-25 00:00:00,Móveis,-5838.31,4.0,0.0,False,True,cartao,NITERÓI,Entrega atrasada
5503,239.0,2022-12-19 00:00:00,Escritório,227.25,1.0,0.0,False,True,,  sao paulo  ,Entrega atrasada
4561,218.0,2023-09-06 00:00:00,Informática,687.7,1.0,0.0,False,True,dinheiro, sp  ,
1531,797.0,2022-06-06 00:00:00,Informática,1370.85,1.0,0.0,False,True,cartao,Manaus,
6794,924.0,2025-08-07 00:00:00,,376.04,2.0,0.0,False,True,dinheiro,rBasília,ok
3077,217.0,2022-12-14 00:00:00,Informática,3199.98,2.0,0.0,False,True,cartao,Curitiba,
6842,1352.0,2023-04-15 00:00:00,Informática,0.0,1.0,0.0,False,True,pix,BH,cliente reclamou
6650,620.0,2022-06-02 00:00:00,Eletrônicos,955.3,1.0,0.0,False,True,boleto,RIO DE JANEIRO,cliente reclamou
3465,204.0,2023-12-23 00:00:00,,91.22,2.0,0.0,False,True,pix,SJC,
913,1103.0,2022-12-21 00:00:00,Informática,1969.12,1.0,0.0,False,True,,curitiba,telefone inválido
3251,917.0,2023-10-13 00:00:00,Eletrônicos,693.83,1.0,0.0,False,True,,SP,
6565,1307.0,2024-02-04 00:00:00,Acessórios,36.26,1.0,0.0,False,True,pix,bh,telefone inválido
4305,228.0,2023-04-24 00:00:00,Alimentos,77.63,3.0,0.0,False,True,boleto,Sao Paulo Centro,
4890,54.0,2025-05-12 00:00:00,Escritório,99.63,1.0,0.0,False,True,,RIO,
284,364.0,2024-09-26 00:00:00,Informática,1339.9,1.0,0.0,False,True,boleto,rio,Entrega atrasada
1244,472.0,2025-06-24 00:00:00,Brinquedos,47.53,1.0,0.0,False,True,pix,sjc  ,ok
3086,1423.0,2024-10-02 00:00:00,Informática,1081.82,1.0,0.0,False,True,boleto,POA,
351,1394.0,2024-03-28 00:00:00,Escritório,161.13,1.0,0.0,False,True,boleto,salavdor,ok
1354,1366.0,2024-10-17 00:00:00,,166.1,1.0,0.0,False,True,cartao, Sao Jose dos Campos ,
252,184.0,2023-11-21 00:00:00,Informática,777.33,1.0,0.0,False,True,pix,sjc ,Entrega atrasada
1592,163.0,2023-07-08 00:00:00,Acessórios,64.26,2.0,0.0,False,False,dinheiro, sp,
6763,1152.0,2024-12-25 00:00:00,Informática,1108.12,1.0,0.0,False,True,pix,Niteroi,cliente reclamou
5500,890.0,2024-09-23 00:00:00,Acessórios,59.92,1.0,0.0,False,False,cartao,SALVADOR,
6011,466.0,2029-12-25 00:00:00,Alimentos,65.67,3.0,0.0,False,True,boleto,GOIANIA  ,ok
4691,39.0,2023-05-06 00:00:00,Móveis,2074.53,2.0,0.0,False,True,dinheiro,são paulo,
1732,901.0,2025-08-29 00:00:00,Acessórios,60.67,1.0,0.0,False,True,boleto,Niteroi,ok
6242,629.0,2022-08-06 00:00:00,Escritório,224.73,1.0,0.0,False,True,dinheiro,sao paulo,Entrega atrasada
3857,1095.0,2025-08-18 00:00:00,Alimentos,34.93,2.0,0.0,False,True,Cartão , GOIANIA ,telefone inválido
3733,362.0,2024-10-30 00:00:00,Eletrônicos,537.65,1.0,0.0,False,True,pix,Belo Horizonte,Entrega atrasada
2471,640.0,2023-12-18 00:00:00,Acessórios,79.9,1.0,0.0,False,True,Cartão ,sp,
6672,1073.0,2024-04-28 00:00:00,Informática,825.71,1.0,0.0,False,True,cartao, Sao Paulo Centro  ,
4634,668.0,2025-02-24 00:00:00,Escritório,0.0,2.0,0.0,False,True,,niteroi,
2467,1035.0,2025-08-15 00:00:00,Acessórios,37.21,1.0,0.0,False,True,dinheiro,CTBA,cliente reclamou
4798,641.0,2022-07-04 00:00:00,Informática,1757.83,2.0,0.0,False,True,,bh,telefone inválido
4518,514.0,2023-01-26 00:00:00,Informática,1853.17,2.0,0.0,False,True,boleto,Sao Jose dos Campos,ok
1853,83.0,2025-04-07 00:00:00,Informática,1015.41,1.0,0.0,False,True,dinheiro, SÃO PAULO  ,
2880,847.0,2022-07-26 00:00:00,Acessórios,70.92,2.0,0.0,False,True,cartao,  rio de janeiro ,
3963,588.0,2024-04-26 00:00:00,Escritório,225.44,1.0,0.0,False,True,dinheiro,   ,Entrega atrasada
2642,1380.0,2023-12-19 00:00:00,Informática,1416.96,1.0,0.0,False,True,pix,,telefone inválido
3881,1049.0,2024-01-08 00:00:00,alimentos,53.85,5.0,0.0,False,True,Cartão , SALVADOR  ,ok
1766,909.0,2025-10-12 00:00:00,Eletrônicos,1038.71,1.0,0.0,False,True,cartao,fortaleza,Entrega atrasada
4203,50.0,2023-02-01 00:00:00,Alimentos,14.02,1.0,0.0,False,True,boleto,Curitiba,
5865,242.0,2023-08-28 00:00:00,Informática,1309.74,2.0,0.0,True,True,dinheiro,sao paulo centro,cliente reclamou
3629,893.0,2022-06-02 00:00:00,Escritório,210.69,1.0,0.0,False,True,cartao,bh,ok
70,743.0,2023-10-08 00:00:00,,66.59,1.0,0.0,False,True,boleto,Sao Jose dos Campos  ,Entrega atrasada
1727,215.0,2024-02-13 00:00:00,Informática,727.64,1.0,0.0,False,True,,  FORTALEZA,
994,419.0,2022-03-02 00:00:00,Acessórios,37.06,1.0,0.0,False,True,cartao,Sao Jose dos aCmpos,cliente reclamou
4289,151.0,2023-06-15 00:00:00,Eletrônicos,1927.73,3.0,0.0,False,True,pix,Vila Velha,
5193,972.0,2023-08-03 00:00:00,Escritório,376.39,2.0,0.0,False,True,boleto,SÃO PAULO,ok
4922,598.0,2025-10-19 00:00:00,Informática,1712.18,2.0,0.0,False,True,cartao, BELO HORIZONTE  ,
4843,49.0,2024-05-06 00:00:00,,0.0,1.0,0.0,False,True,boleto,BH,Entrega atrasada
35,935.0,2024-11-04 00:00:00,Informática,3903.38,4.0,0.0,False,True,boleto,  RIO DE JANEIRO ,
4356,1498.0,2024-08-23 00:00:00,Eletrônicos,1443.8,2.0,0.0,False,True,cartao, RIO DE JANEIRO  ,ok
4213,427.0,2025-03-22 00:00:00,Acessórios,154.46,3.0,0.0,False,True,Cartão ,rio de jaeniro,
4063,572.0,2024-01-13 00:00:00,Informática,1318.49,2.0,0.1,False,True,cartao,,telefone inválido
2849,10.0,2029-12-25 00:00:00,Informática,0.0,3.0,0.0,False,True,,são apulo,telefone inválido
2097,1124.0,2025-04-10 00:00:00,Móveis,1389.82,1.0,0.0,False,True,boleto,manaus ,
6074,694.0,2024-09-25 00:00:00,Escritório,187.51,1.0,0.0,False,True,boleto,sp,
2753,402.0,2023-07-10 00:00:00,Informática,1198.44,1.0,0.0,False,True,pix,Fortaleza,
1342,82.0,2025-07-19 00:00:00,Acessórios,51.54,1.0,0.0,False,True,boleto,bh,Entrega atrasada
539,823.0,2023-07-19 00:00:00,Alimentos,31.36,2.0,0.0,False,True,,TCBA,telefone inválido
2382,,2025-04-03 00:00:00,Informática,832.51,1.0,0.0,False,True,,Niterói,telefone inválido
1494,564.0,2022-07-04 00:00:00,Informática,1479.64,2.0,0.0,False,True,cartao,FORTALEZA,ok
603,,2022-08-20 00:00:00,,696.49,1.0,0.0,False,True,Cartão , cmapinas ,cliente reclamou
122,861.0,2023-08-09 00:00:00,Escritório,474.14,2.0,0.0,False,True,cartao,Fortaleza,telefone inválido
4824,1040.0,2025-08-03 00:00:00,  Eletrônicos  ,1060.24,2.0,0.0,False,True,cartao,Recife,cliente reclamou
4948,1019.0,2023-08-07 00:00:00,Alimentos,60.47,3.0,0.05,False,True,Cartão ,VILA VELAH,telefone inválido
4799,226.0,2024-09-05 00:00:00,Informática,0.0,1.0,0.0,False,True,,sp,
4828,366.0,2023-03-30 00:00:00,Eletrônicos,986.09,1.0,0.0,False,True,,,cliente reclamou
4149,,2022-08-18 00:00:00,Alimentos,31.63,3.0,0.0,False,True,boleto,SaoP aulo Centro,
6385,840.0,2024-03-28 00:00:00,Informática,761.65,1.0,0.0,False,True,boleto,São Paulo,
2858,336.0,2024-01-02 00:00:00,Acessórios,36.14,1.0,0.0,False,True,boleto,BH,
6015,1453.0,2023-04-12 00:00:00,Informática,2405.17,2.0,0.0,False,True,boleto,MANAUS,Entrega atrasada
4308,921.0,2022-06-07 00:00:00,Acessórios,47.39,1.0,0.0,False,True,,RIO DE JANEIRO,ok
4207,1336.0,2024-12-23 00:00:00,Eletrônicos,1238.73,1.0,0.0,False,True,cartao,SALAVDOR ,
1279,801.0,2025-03-07 00:00:00,Brinquedos,251.09,3.0,0.0,True,True,cartao,INTERIOR,cliente reclamou
3220,177.0,2025-09-19 00:00:00,Eletrônicos,1390.34,2.0,0.05,False,True,cartao,  BELO HOIRZONTE,
5656,1153.0,2023-08-24 00:00:00,Escritório,381.99,2.0,0.0,False,True,pix,SJC,
3,1023.0,2024-09-23 00:00:00,Alimentos,18.68,1.0,0.0,False,True,boleto,,ok
1392,610.0,2024-12-10 00:00:00,Escritório,483.18,2.0,0.0,False,True,boleto,Curitiab,
4523,166.0,2025-10-06 00:00:00,Eletrônicos,975.78,1.0,0.0,False,True,cartao,  manaus ,cliente reclamou
4819,159.0,2024-09-15 00:00:00,,679.77,1.0,0.0,False,True,Cartão ,ctba,ok
5427,721.0,2023-07-13 00:00:00,Escritório,203.07,1.0,0.0,False,False,dinheiro,Salvador,Entrega atrasada
1234,755.0,2025-03-14 00:00:00,Informática,866.03,1.0,0.3,False,True,cartao,saopaulo  ,telefone inválido
3668,417.0,2024-06-16 00:00:00,Eletrônicos,801.29,1.0,0.0,False,True,cartao,São Paulo,
4342,460.0,2024-10-29 00:00:00,Eletrônicos,2264.12,3.0,0.0,False,True,boleto, Sao Paulo Centro ,telefone inválido
5542,1047.0,2023-09-04 00:00:00,Escritório,235.39,1.0,0.0,False,True,dinheiro,SÃO PAULO,
3770,1061.0,2024-10-26 00:00:00,Acessórios,133.88,2.0,0.0,False,True,boleto,  goiania ,
1672,1038.0,2024-01-22 00:00:00,Eletrônicos,730.11,2.0,0.15,False,True,dinheiro,Campinas,ok
2351,,2022-04-17 00:00:00,Escritório,262.47,1.0,0.0,False,True,,  sp ,cliente reclamou
5116,455.0,2022-02-05 00:00:00,Eletrônicos,482.74,1.0,0.0,False,True,Cartão ,RJ,ok
2010,786.0,2022-10-26 00:00:00,Acessórios,66.13,1.0,0.0,False,True,dinheiro,Vila Velha,telefone inválido
2451,319.0,2024-02-01 00:00:00,Escritório,145.65,1.0,0.0,False,True,pix,sao paulo,telefone inválido
6196,951.0,2025-06-09 00:00:00,Eletrônicos,685.11,1.0,0.0,False,True,Cartão ,CURITIBA,
1007,581.0,2023-04-20 00:00:00,Informática,928.88,1.0,0.0,False,True,boleto,SP,cliente reclamou
4339,121.0,2025-06-16 00:00:00,Eletrônicos,1242.62,2.0,0.0,False,True,cartao,SJC,
1193,928.0,2022-01-23 00:00:00,Eletrônicos,686.85,1.0,0.0,False,True,,SÃ OPAULO,cliente reclamou
1601,124.0,2024-02-10 00:00:00,Móveis,933.21,1.0,0.0,False,True,Cartão ,poa,telefone inválido
1394,1009.0,2024-10-24 00:00:00,Eletrônicos,1039.33,1.0,0.0,False,True,boleto,PORTO ALEGRE,
2707,262.0,2022-10-09 00:00:00,Acessórios,40.43,1.0,0.0,False,True,dinheiro,Rio,
2500,164.0,2023-04-17 00:00:00,,1314.0,3.0,0.0,True,True,,Frotaleza,telefone inválido
4506,54.0,2022-06-07 00:00:00,Informática,985.23,1.0,0.0,False,True,boleto,CAMIPNAS,
2819,1018.0,2023-01-16 00:00:00,Escritório,232.52,1.0,0.0,False,True,cartao,RIO DE JANEIRO,
4856,331.0,2024-04-03 00:00:00,Acessórios,-80.48,2.0,0.0,False,True,,SAO PAULO,cliente reclamou
4283,1094.0,2023-04-26 00:00:00,Eletrônicos,1260.45,3.0,0.0,False,True,boleto,TCBA,
316,1187.0,2022-02-07 00:00:00,Eletrônicos,600.07,1.0,0.0,False,True,pix,RIO DE JANEIRO,Entrega atrasada
6434,695.0,2022-10-20 00:00:00,Eletrônicos,1437.67,3.0,0.0,False,True,pix,POA,
964,607.0,2025-02-12 00:00:00,Eletrônicos,1466.04,2.0,0.0,False,False,,Sao Paulo Centro,cliente reclamou
5075,333.0,2022-02-18 00:00:00,Escritório,498.31,2.0,0.0,False,True,Cartão ,zona sul ,cliente reclamou
4266,625.0,2022-02-07 00:00:00,Escritório,243.77,1.0,0.0,False,True,dinheiro,sp,Entrega atrasada
2339,135.0,2022-10-31 00:00:00,Eletrônicos,734.19,1.0,0.0,False,True,,Sao Paulo,Entrega atrasada
4255,576.0,2022-08-06 00:00:00,Eletrônicos,503.61,1.0,0.0,False,True,Cartão ,goiania,
2962,1188.0,2023-07-17 00:00:00,Móveis,1085.4,1.0,0.0,False,True,Cartão ,Zon aSul,telefone inválido
5548,883.0,2025-04-08 00:00:00,Escritório,201.16,1.0,0.0,False,True,pix,Zona Sul,
159,176.0,2023-06-20 00:00:00,Brinquedos,130.62,4.0,0.0,False,True,dinheiro,RECIFE,ok
2368,704.0,2025-03-14 00:00:00,Escritório,208.02,1.0,0.0,False,True,cartao,MANAUS,Entrega atrasada
4220,288.0,2025-06-19 00:00:00,Brinquedos,105.75,2.0,0.15,False,True,,saopaulo,ok
4133,1154.0,2023-06-21 00:00:00,Escritório,0.0,1.0,0.0,False,True,cartao,CTBA,cliente reclamou
1300,539.0,2024-06-04 00:00:00,Informática,560.36,1.0,0.3,False,True,dinheiro,Sao Paulo Centro,telefone inválido
5509,161.0,2025-01-18 00:00:00,Informática,1560.22,1.0,0.0,False,True,cartao,CTBA,Entrega atrasada
1537,421.0,2025-10-02 00:00:00,Acessórios,51.17,1.0,0.0,False,True,boleto,Campinas,telefone inválido
3643,859.0,2023-07-29 00:00:00,Escritório,247.62,1.0,0.0,False,True,Cartão ,INTERIOR,telefone inválido
2145,1146.0,2024-06-06 00:00:00,Eletrônicos,431.52,1.0,0.0,True,True,Cartão ,RJ,Entrega atrasada
1752,262.0,2024-09-18 00:00:00,Acessórios,48.01,1.0,0.1,False,True,boleto,BH,
941,1397.0,2023-02-02 00:00:00,,47.35,4.0,0.1,False,True,dinheiro,,Entrega atrasada
5970,1014.0,2023-06-15 00:00:00,Móveis,1237.41,1.0,0.0,False,False,,RJ,cliente reclamou
4851,431.0,2024-12-20 00:00:00,Informática,4299.51,3.0,0.0,False,True,pix,Brasília,
188,989.0,2022-09-16 00:00:00,Eletrônicos,505.87,1.0,0.0,False,True,boleto,Sao Paulo,telefone inválido
1618,1086.0,2023-08-12 00:00:00,Eletrônicos,971.68,2.0,0.3,False,True,Cartão ,  sp ,Entrega atrasada
5763,517.0,2022-01-03 00:00:00,Eletrônicos,735.71,2.0,0.0,False,True,dinheiro,  sao paulo ,telefone inválido
5025,242.0,2022-08-05 00:00:00,Escritório,242.46,1.0,0.0,False,True,Cartão ,CTBA ,Entrega atrasada
2647,1135.0,2025-05-23 00:00:00,Eletrônicos,933.36,1.0,0.0,False,True,pix,  ZNOA SUL,cliente reclamou
4816,745.0,2025-06-13 00:00:00,Eletrônicos,749.12,1.0,0.0,False,True,pix,  SaoPaulo ,ok
4812,111.0,2025-02-25 00:00:00,Acessórios,36.92,1.0,0.0,False,True,cartao,RJ,ok
4593,903.0,2025-03-25 00:00:00,Eletrônicos,1136.28,2.0,0.0,False,True,Cartão ,SP,telefone inválido
6095,6.0,2024-02-02 00:00:00,Eletrônicos,1002.81,2.0,0.0,False,True,,bh ,ok
6071,858.0,2023-05-12 00:00:00,Alimentos,104.14,,0.0,False,True,dinheiro,sp,Entrega atrasada
5688,1219.0,2024-08-22 00:00:00,Móveis,1116.91,1.0,0.0,False,True,dinheiro,niteroi,
3687,455.0,2029-12-25 00:00:00,Alimentos,62.09,2.0,0.0,False,True,pix,ZONA SUL,
1329,377.0,2023-07-29 00:00:00,Acessórios,65.48,1.0,0.0,False,True,pix,SJC,Entrega atrasada
5446,86.0,2024-05-20 00:00:00,Informática,1312.24,1.0,0.0,False,True,dinheiro,sp,
3854,167.0,2024-01-06 00:00:00,Acessórios,44.31,,0.0,False,True,dinheiro,SJC,Entrega atrasada
430,68.0,2023-01-30 00:00:00,Eletrônicos,1880.38,3.0,0.0,False,True,cartao,fortaleza,ok
5948,433.0,2024-09-16 00:00:00,Brinquedos,206.3,5.0,0.0,False,True,pix,SP,cliente reclamou
6846,886.0,2022-05-27 00:00:00,Brinquedos,187.08,3.0,0.0,False,True,pix,poa,ok
6087,215.0,2024-07-19 00:00:00,Escritório,172.25,1.0,0.0,False,True,,VILA VELHA,Entrega atrasada
807,222.0,2025-03-12 00:00:00,Escritório,174.26,1.0,0.0,False,True,cartao,sãopaulo,
3764,1078.0,2023-05-03 00:00:00,Escritório,99.42,1.0,0.0,False,True,boleto,eBlo Horizonte,
1323,36.0,2025-04-29 00:00:00,Escritório,179.32,1.0,0.0,False,True,dinheiro,Fortaleza,ok
4724,208.0,2025-05-18 00:00:00,Informática,833.01,1.0,0.0,False,True,,POA,telefone inválido
6395,1118.0,2029-12-25 00:00:00,Escritório,556.45,3.0,0.0,False,True,pix,Campinas,cliente reclamou
6318,168.0,2022-04-17 00:00:00,Eletrônicos,1980.37,3.0,0.0,False,True,boleto,rio de janeiro,
2444,510.0,2022-08-12 00:00:00,Acessórios,53.03,1.0,0.0,False,True,,Interior,ok
776,520.0,2024-11-11 00:00:00,Brinquedos,39.03,1.0,0.3,False,True,pix,ãso paulo,
2513,836.0,2024-09-26 00:00:00,Brinquedos,187.04,3.0,0.0,False,True,boleto,SÃOPAULO,
6085,73.0,2022-12-29 00:00:00,Informática,1064.43,1.0,0.0,False,True,Cartão ,FORTALEZA,
794,341.0,2023-02-28 00:00:00,Alimentos,17.96,1.0,0.0,False,True,cartao,SP,cliente reclamou
437,674.0,2025-07-22 00:00:00,Móveis,1087.44,1.0,0.0,False,True,Cartão ,rio de janeiro,cliente reclamou
4906,879.0,2025-03-20 00:00:00,Alimentos,199.8,8.0,0.0,False,True,,sao paulo,cliente reclamou
5700,,2024-01-23 00:00:00,Eletrônicos,1455.88,3.0,0.0,False,True,,BELO HORIZONTE,cliente reclamou
4031,235.0,2024-08-10 00:00:00,Escritório,177.04,1.0,0.05,False,True,pix,CURITIBA,telefone inválido
5408,970.0,2024-03-14 00:00:00,Escritório,189.63,2.0,0.0,False,True,,Salvador,ok
2563,409.0,2024-01-16 00:00:00,Informática,727.87,1.0,0.0,False,True,dinheiro, Rio ,telefone inválido
2359,171.0,2025-04-16 00:00:00,Informática,787.33,1.0,0.0,False,True,,Belo Horizonte,telefone inválido
5600,1085.0,2024-03-22 00:00:00,Escritório,231.48,1.0,0.0,False,True,Cartão ,Belo Horizonte,telefone inválido
5269,1134.0,2024-11-14 00:00:00,Brinquedos,270.27,3.0,0.0,False,True,,goiania,telefone inválido
2337,821.0,2022-11-12 00:00:00,Escritório,239.4,1.0,0.0,False,True,,rj,
1963,1440.0,2023-05-23 00:00:00,Alimentos,88.49,3.0,0.0,False,True,,Goiania,cliente reclamou
523,798.0,2025-04-02 00:00:00,,400.8,2.0,0.0,False,True,,RJ,Entrega atrasada
2663,234.0,2022-10-29 00:00:00,Acessórios,174.97,3.0,0.0,False,True,pix,,telefone inválido
2239,128.0,2023-01-08 00:00:00,Escritório,152.08,1.0,0.0,False,True,pix,Sao Paulo,telefone inválido
4910,234.0,2024-07-30 00:00:00,Informática,658.98,1.0,0.15,False,True,dinheiro, niterói ,ok
4844,1173.0,2022-12-08 00:00:00,Informática,2793.51,2.0,0.0,False,True,boleto,Fortaleza,cliente reclamou
5887,768.0,2024-04-07 00:00:00,Escritório,192.34,1.0,0.0,False,True,pix, SAOPAULO,
2237,264.0,2022-11-04 00:00:00,Eletrônicos,1109.04,1.0,0.0,False,True,Cartão ,GOIANIA,ok
658,378.0,2024-06-29 00:00:00,Escritório,137.84,1.0,0.0,False,True,,,
1734,1017.0,2025-01-19 00:00:00,,703.14,4.0,0.0,False,True,Cartão ,SÃO PAULO,
1224,1488.0,2023-07-10 00:00:00,Eletrônicos,833.14,1.0,0.0,False,True,boleto,Curitiba,cliente reclamou
6625,509.0,2023-12-01 00:00:00,Eletrônicos,1164.32,2.0,0.0,False,True,dinheiro,Goiania,telefone inválido
3850,344.0,2022-08-30 00:00:00,Eletrônicos,854.4,1.0,0.0,False,True,dinheiro,vila velha,
2313,835.0,2023-10-16 00:00:00,Alimentos,38.21,2.0,0.0,False,True,,sp,ok
4825,767.0,2022-08-07 00:00:00,Eletrônicos,585.37,1.0,0.15,False,True,,RIO,cliente reclamou
247,1037.0,2022-03-25 00:00:00,Informática,980.43,1.0,0.0,False,True,pix,  ,
1789,1024.0,2024-09-04 00:00:00,Eletrônicos,1058.11,1.0,0.0,False,True,cartao,Niteroi,telefone inválido
2278,520.0,2025-02-16 00:00:00,Móveis,1263.76,1.0,0.0,False,True,boleto,Salvador,Entrega atrasada
5083,765.0,2022-10-14 00:00:00,Escritório,256.75,1.0,0.0,False,True,,  bh ,cliente reclamou
98,33.0,2022-12-01 00:00:00,Eletrônicos,905.3,1.0,0.0,False,True,, VILA VELHA,
2230,489.0,2029-12-25 00:00:00,Escritório,201.97,1.0,0.3,False,True,, SP ,cliente reclamou
647,684.0,2023-10-29 00:00:00,Escritório,199.87,1.0,0.0,False,True,,POA,telefone inválido
6876,1012.0,2024-08-08 00:00:00,Informática,971.09,1.0,0.0,False,True,pix,SAO JOSE DOS CAMPOS,telefone inválido
2448,1159.0,2022-08-25 00:00:00,Informática,995.8,1.0,0.0,False,True,boleto,SJC,ok
3163,40.0,2022-09-15 00:00:00,  Acessórios  ,48.24,1.0,0.0,False,True,dinheiro,Niteori,
1169,1011.0,2022-04-07 00:00:00,Acessórios,54.14,1.0,0.0,False,True,cartao,Entrega atrasada,  Niteroi 
3713,11.0,2024-09-22 00:00:00,Eletrônicos,1518.83,3.0,0.0,False,True,cartao,bh,telefone inválido
4032,237.0,2024-09-05 00:00:00,Alimentos,87.22,3.0,0.0,False,False,,POA,cliente reclamou
3972,987.0,2025-05-14 00:00:00,ALIMENTOS,15.66,1.0,0.0,False,True,cartao,Brasília ,
5838,577.0,2024-11-17 00:00:00,Móveis,5304.54,4.0,0.0,False,True,dinheiro,sao paulo,ok
5413,483.0,2025-01-25 00:00:00,Eletrônicos,333.78,1.0,0.0,False,True,,SJC,ok
516,619.0,2023-11-20 00:00:00,Brinquedos,540.65,5.0,0.0,False,True,boleto,sãopualo,telefone inválido
4636,102.0,2024-11-03 00:00:00,Informática,0.0,2.0,0.0,False,True,boleto,Porto Alegre ,Entrega atrasada
357,649.0,2024-05-25 00:00:00,Eletrônicos,686.2,1.0,0.0,False,True,dinheiro,BH,
3837,1491.0,2024-03-15 00:00:00,Móveis,-267858.11,2.0,0.0,False,True,Cartão ,Sao Jose dos Campos,
5499,785.0,2024-06-01 00:00:00,Acessórios,108.05,2.0,0.15,False,True,boleto,recife,
3042,384.0,2024-02-18 00:00:00,Brinquedos,172.41,3.0,0.0,False,True,pix,sp,
657,536.0,2029-12-25 00:00:00,Eletrônicos,2484.39,3.0,0.0,False,True,dinheiro,Braíslia,telefone inválido
6684,,2023-08-24 00:00:00,Alimentos,22.73,1.0,0.05,False,True,boleto,Porto Alegre,
469,754.0,2023-12-11 00:00:00,Eletrônicos,4285.33,3.0,0.0,False,True,Cartão ,CTBA,
2225,588.0,2024-07-17 00:00:00,Informática,771.34,1.0,0.0,False,True,boleto,Recife,ok
5595,226.0,2023-10-22 00:00:00,Escritório,486.7,2.0,0.0,False,True,pix,inteiror,
3103,290.0,2025-07-27 00:00:00,Brinquedos,185.24,3.0,0.0,False,True,,Brasília ,ok
3322,358.0,2025-07-03 00:00:00,Alimentos,29.68,1.0,0.0,False,True,cartao,,telefone inválido
482,1134.0,2025-07-29 00:00:00,,1540.4,2.0,0.0,False,True,,RECIFE,cliente reclamou
2516,1491.0,2022-11-14 00:00:00,Informática,2060.99,2.0,0.0,False,True,,  rio de janeiro  ,cliente reclamou
3235,,2023-12-27 00:00:00,Brinquedos,384.65,5.0,0.15,False,True,Cartão ,Salvador,Entrega atrasada
305,1035.0,2025-05-28 00:00:00,Acessórios,43.01,1.0,0.0,False,True,cartao,porto alegre,cliente reclamou
40,1491.0,2024-01-11 00:00:00,Eletrônicos,653.89,1.0,0.0,False,True,dinheiro,Salvador  ,
426,1192.0,2025-08-17 00:00:00,Móveis,1565.37,2.0,0.3,False,True,pix,Salvador,
3652,984.0,2025-04-24 00:00:00,Eletrônicos,785.11,1.0,0.0,False,True,cartao, zona sul,ok
2093,583.0,2024-09-26 00:00:00,Eletrônicos,2555.23,4.0,0.0,False,True,pix,Niteroi,Entrega atrasada
1414,1403.0,2023-05-18 00:00:00,Escritório,204.19,1.0,0.0,False,True,dinheiro,são paulo,ok
4813,956.0,2025-06-09 00:00:00,Escritório,177.15,1.0,0.0,False,True,boleto,Recife,
6325,954.0,2024-07-28 00:00:00,Escritório,114.54,,0.0,False,True,pix, Sao Paulo Centro,
43,138.0,2024-08-10 00:00:00,Brinquedos,55.79,1.0,0.0,False,True,,Goiania,
4200,479.0,2023-03-04 00:00:00,Acessórios,78.02,2.0,0.0,False,True,dinheiro,Niteroi,ok
3619,60.0,2025-06-02 00:00:00,Eletrônicos,805.47,1.0,0.0,False,True,boleto,Belo Horizonte,ok
6177,576.0,2022-11-28 00:00:00,Eletrônicos,2196.42,2.0,0.0,False,True,pix,SP,Entrega atrasada
5441,1408.0,2024-08-25 00:00:00,Informática,721.01,1.0,0.3,False,True,Cartão ,VILA VELHA,cliente reclamou
4895,703.0,2023-01-30 00:00:00,Informática,2405.75,2.0,0.0,False,True,cartao,vila velah,cliente reclamou
2012,818.0,2024-02-25 00:00:00,Informática,1259.76,1.0,0.0,False,True,Cartão ,porto alegre,
6723,,2024-10-11 00:00:00,Escritório,288.51,2.0,0.0,False,True,dinheiro,BRASLÍIA,telefone inválido
5494,828.0,2022-01-11 00:00:00,Informática,1003.02,1.0,0.0,False,True,cartao,bh ,ok
1638,373.0,2025-01-03 00:00:00,Informática,879.64,1.0,0.0,False,True,,rio d ejaneiro,telefone inválido
1584,889.0,2024-04-07 00:00:00,Escritório,247.26,1.0,0.0,False,True,cartao,Sao Paulo Centro,Entrega atrasada
1372,405.0,2022-09-24 00:00:00,Informática,621.62,1.0,0.0,False,True,boleto,zona sul,Entrega atrasada
2920,396.0,2025-01-23 00:00:00,Informática,2072.87,2.0,0.0,False,True,boleto,Sao Paulo,
1893,140.0,2025-05-23 00:00:00,Informática,810.27,1.0,0.3,False,False,Cartão ,  SJC  ,
478,527.0,2024-08-22 00:00:00,Eletrônicos,786.95,1.0,0.0,False,True,dinheiro,Niteroi,
1438,598.0,2025-02-19 00:00:00,Informática,1678.65,3.0,0.3,False,True,Cartão ,Manaus,
3073,845.0,2023-07-21 00:00:00,Escritório,216.54,1.0,0.0,False,True,,Zona Sul,
6390,575.0,2022-12-06 00:00:00,Brinquedos,369.75,5.0,0.0,False,True,dinheiro,BELO HORIZONTE,
1957,1292.0,2023-03-07 00:00:00,Escritório,160.94,1.0,0.0,False,True,Cartão ,SJC,
1858,1175.0,2023-09-01 00:00:00,Móveis,1043.72,2.0,0.0,True,True,cartao,Vila Velha,Entrega atrasada
902,773.0,2023-05-06 00:00:00,Móveis,1339.27,1.0,0.0,False,True,boleto,  SAO JOSE DOS CAMPOS ,telefone inválido
728,357.0,2023-11-09 00:00:00,Informática,4582.13,3.0,0.0,False,True,dinheiro,rio de janeiro,telefone inválido
3900,951.0,2024-01-27 00:00:00,Informática,2192.24,3.0,0.0,False,True,,soa paulo,telefone inválido
6839,432.0,2025-08-31 00:00:00,,35.15,1.0,0.0,False,True,boleto,NITERÓI,ok
278,602.0,2022-09-16 00:00:00,Eletrônicos,1055.54,1.0,0.0,False,True,pix,BRASÍLIA,Entrega atrasada
6649,583.0,2024-02-22 00:00:00,Escritório,143.44,1.0,0.0,False,True,cartao,SAO PAULO CENTRO,ok
1305,27.0,2022-08-10 00:00:00,Alimentos,53.05,3.0,0.0,False,True,boleto,vila velha,telefone inválido
4300,737.0,2022-12-02 00:00:00,Informática,2246.84,2.0,0.0,False,True,boleto, Porto Alegre ,
4291,261.0,2022-08-06 00:00:00,Informática,3308.41,3.0,0.0,False,True,boleto, RECIFE ,Entrega atrasada
5429,583.0,2024-08-29 00:00:00,Eletrônicos,534.96,1.0,0.0,False,True,,MANAUS,cliente reclamou
6614,241.0,2025-04-01 00:00:00,Eletrônicos,1170.22,2.0,0.0,False,True,cartao, Goiania ,ok
562,1072.0,2025-05-31 00:00:00,Eletrônicos,416.73,1.0,0.0,False,True,boleto,  RJ,Entrega atrasada
3295,842.0,2025-07-26 00:00:00,Eletrônicos,495.47,1.0,0.3,False,True,,São Paulo,telefone inválido
6497,377.0,2029-12-25 00:00:00,Brinquedos,110.95,1.0,0.0,False,True,Cartão ,bh  ,
2782,566.0,2025-09-08 00:00:00,Alimentos,38.15,2.0,0.0,False,True,,POA,
2723,1006.0,2022-12-05 00:00:00,Acessórios,45.88,1.0,0.0,False,True,,SP,cliente reclamou
2290,256.0,2025-02-25 00:00:00,Escritório,141.59,1.0,0.3,False,True,pix, são paulo ,
1457,18.0,2023-06-12 00:00:00,Escritório,515.17,2.0,0.0,False,True,Cartão ,SAO PAULO,Entrega atrasada
6980,774.0,2025-09-17 00:00:00,Escritório,190.04,1.0,0.0,False,True,pix, nIterior,ok
4086,490.0,2025-09-01 00:00:00,Acessórios,240.84,4.0,0.0,False,True,dinheiro,SP,Entrega atrasada
1176,495.0,2023-12-27 00:00:00,Informática,1450.1,1.0,0.0,False,True,boleto,Manaus,cliente reclamou
5157,1329.0,2022-11-16 00:00:00,Escritório,151.04,1.0,0.0,False,True,,Soa Paulo,Entrega atrasada
6882,845.0,2024-09-07 00:00:00,Brinquedos,124.83,2.0,0.3,False,True,cartao,Sa oPaulo,Entrega atrasada
6824,1053.0,2023-08-28 00:00:00,Móveis,1333.89,1.0,0.0,False,True,,NITEROI,cliente reclamou
6789,1294.0,2025-06-04 00:00:00,Escritório,228.62,1.0,0.0,False,True,pix,SP,ok
2744,308.0,2025-08-10 00:00:00,Móveis,906.36,1.0,0.0,False,True,boleto,VILA VELHA  ,
6807,863.0,2029-12-25 00:00:00,Eletrônicos,816.53,1.0,0.0,False,True,cartao,Sao Jose dos Campos,Entrega atrasada
1689,1161.0,2022-02-10 00:00:00,Informática,1134.04,1.0,0.0,False,True,,sp,cliente reclamou
3866,660.0,2024-12-18 00:00:00,Eletrônicos,0.0,2.0,0.0,False,True,,  Sao Paulo Centro ,cliente reclamou
5192,265.0,2025-05-12 00:00:00,Brinquedos,136.76,2.0,0.0,False,True,pix,PORTO ALEGRE,telefone inválido
4719,506.0,2023-12-15 00:00:00,Eletrônicos,5068.9,5.0,0.0,False,True,boleto,Sao Paulo Centro,telefone inválido
3945,316.0,2024-12-16 00:00:00,Informática,2438.63,2.0,0.0,False,True,pix,SAO JOSE DOS CAMPOS,
3431,660.0,2023-08-14 00:00:00,Informática,2059.05,2.0,0.0,False,True,boleto,Vila Velha,telefone inválido
1346,1032.0,2023-08-03 00:00:00,Eletrônicos,825.71,1.0,0.05,False,True,pix,são paulo,Entrega atrasada
1125,,2023-05-05 00:00:00,Eletrônicos,463.0,1.0,0.0,False,True,,,ok
5675,750.0,2023-11-15 00:00:00,Eletrônicos,830.14,1.0,0.0,False,True,, sao paulo centro,cliente reclamou
1402,923.0,2022-06-08 00:00:00,Informática,784.96,1.0,0.0,False,True,Cartão ,  belo horizonte,telefone inválido
1920,408.0,2024-03-17 00:00:00,Escritório,114.67,1.0,0.0,False,True,,CTBA,Entrega atrasada
914,333.0,2023-03-22 00:00:00,Móveis,2235.65,2.0,0.0,False,True,,BELO HORIZONTE,ok
4049,363.0,2022-06-16 00:00:00,Acessórios,115.69,4.0,0.0,False,True,boleto,SA OPAULO,cliente reclamou
898,81.0,2024-08-04 00:00:00,Eletrônicos,893.03,1.0,0.0,False,True,boleto,  SALVADOR  ,cliente reclamou
6367,208.0,2022-03-21 00:00:00,Eletrônicos,262415.89,3.0,0.0,False,True,pix,Interior,Entrega atrasada
2049,856.0,2022-06-28 00:00:00,Móveis,2034.8,2.0,0.0,False,True,,rio de janeiro,cliente reclamou
836,942.0,2022-07-03 00:00:00,Acessórios,66.74,1.0,0.0,False,True,pix,São Paulo,telefone inválido
4864,332.0,2025-02-20 00:00:00,Alimentos,90.39,4.0,0.0,False,True,pix,Recife,telefone inválido
5681,1170.0,2024-04-01 00:00:00,Eletrônicos,1003.04,2.0,0.0,True,True,boleto,goiania,ok
4743,451.0,2035-01-01 00:00:00,Escritório,260.32,1.0,0.0,False,True,cartao,Sao Jose dos Campos ,Entrega atrasada
1229,163.0,2024-10-22 00:00:00,Escritório,267.9,2.0,0.0,False,True,,Zona Sul,Entrega atrasada
2499,1328.0,2023-07-13 00:00:00,Eletrônicos,451.12,1.0,0.0,False,True,dinheiro,CTBA,ok
6999,164.0,2023-04-29 00:00:00,Informática,842.08,1.0,0.0,False,True,boleto, Goiania  ,
4718,427.0,2022-10-27 00:00:00,Acessórios,51.77,1.0,0.0,False,True,,Fortaleza,cliente reclamou
2550,389.0,2024-11-07 00:00:00,Informática,2760.46,2.0,0.0,False,True,pix,POA,cliente reclamou
5225,142.0,2024-09-07 00:00:00,Eletrônicos,2072.6,3.0,0.0,False,True,Cartão ,S P ,
6166,1485.0,2023-10-25 00:00:00,Eletrônicos,1238.41,2.0,0.0,False,True,boleto,manaus,Entrega atrasada
1608,1230.0,2024-03-04 00:00:00,Eletrônicos,1627.94,2.0,0.0,False,True,cartao,sao paulo,Entrega atrasada
4389,342.0,2024-04-14 00:00:00,Brinquedos,144.81,2.0,0.0,False,True,cartao,Sao Jose dos Campos,
1726,,2025-03-24 00:00:00,Escritório,156.07,1.0,0.0,False,True,,niterói,telefone inválido
535,201.0,2023-07-05 00:00:00,Móveis,3737.19,2.0,0.0,False,True,Cartão ,Sao Paulo Centro,
908,720.0,2022-06-05 00:00:00,Escritório,208.14,1.0,0.0,False,True,,curitiba,
6260,899.0,2024-01-31 00:00:00,Acessórios,284.0,5.0,0.1,False,True,cartao,Sao Paulo,ok
1575,283.0,2024-12-11 00:00:00,Eletrônicos,1105.06,1.0,0.0,False,True,Cartão ,sp,Entrega atrasada
5946,504.0,2024-05-20 00:00:00,Móveis,972.44,1.0,0.0,False,True,boleto, RJ  ,
5179,81.0,2024-03-28 00:00:00,Acessórios,63.19,1.0,0.0,True,True,boleto, rio de janeiro,ok
5737,1155.0,2025-02-10 00:00:00,Móveis,1155.74,1.0,0.0,False,True,,Interior,Entrega atrasada
4278,1211.0,2024-10-09 00:00:00,Acessórios,87.07,2.0,0.0,False,True,boleto,MANAUS,
2441,927.0,2023-07-13 00:00:00,Eletrônicos,478.0,1.0,0.0,False,True,cartao,rio de janeiro,Entrega atrasada
5127,363.0,2023-11-17 00:00:00,Informática,1131.05,1.0,0.0,False,True,boleto,VILA VELHA,ok
190,1158.0,2023-07-23 00:00:00,Eletrônicos,998.04,2.0,0.0,False,True,pix,sp,
3400,8.0,2023-03-02 00:00:00,Informática,893.67,1.0,0.0,True,True,pix,vila velha,
1670,382.0,2023-10-29 00:00:00,Informática,1080.12,1.0,0.0,False,True,,RIO DE JANEIRO,ok
1038,553.0,2023-01-15 00:00:00,Acessórios,108.61,2.0,0.0,False,True,,,
1116,317.0,2024-08-26 00:00:00,Acessórios,33.54,1.0,0.0,False,True,dinheiro,Rio de Janeiro,Entrega atrasada
2848,1386.0,2023-11-20 00:00:00,Informática,1034.9,1.0,0.0,False,True,,BH,cliente reclamou
83,467.0,2025-09-05 00:00:00,Informática,0.0,1.0,0.0,False,True,cartao,  Curitiba  ,
319,982.0,2023-05-10 00:00:00,Escritório,221.48,1.0,0.0,False,True,dinheiro,SãoPaulo,Entrega atrasada
4276,978.0,2025-03-05 00:00:00,Eletrônicos,488.54,1.0,0.0,False,True,pix,Goiania,cliente reclamou
2486,585.0,2022-03-29 00:00:00,Escritório,164.12,1.0,0.0,False,True,cartao,,ok
5879,1143.0,2023-07-27 00:00:00,Brinquedos,250.07,3.0,0.0,False,True,cartao,Rio,ok
538,1307.0,2024-09-06 00:00:00,Alimentos,81.9,5.0,0.0,False,True,dinheiro,Sao Paulo,telefone inválido
4120,727.0,2024-03-25 00:00:00,Eletrônicos,643.1,1.0,0.0,False,True,pix,rio de janeior,
1781,1245.0,2022-03-29 00:00:00,Informática,1238.19,1.0,0.0,False,True,boleto,belo horizonte,Entrega atrasada
3392,993.0,2024-10-23 00:00:00,Móveis,1287.28,1.0,0.0,False,True,Cartão ,POA,Entrega atrasada
6765,564.0,2023-02-13 00:00:00,Eletrônicos,651.6,1.0,0.0,False,True,boleto,Sao Paulo Centro,ok
2982,177.0,2024-03-22 00:00:00,,1076.25,1.0,0.0,False,True,pix,ctba,cliente reclamou
2070,607.0,2024-10-06 00:00:00,Móveis,1078.95,1.0,0.0,False,True,Cartão ,são paulo,telefone inválido
1653,785.0,2023-02-25 00:00:00,Móveis,2298.96,2.0,0.0,False,True,,RIO,
5540,900.0,2022-11-09 00:00:00,Alimentos,34.4,2.0,0.0,False,True,,RJ,
1280,,2022-05-11 00:00:00,Acessórios,259.71,4.0,0.0,False,True,cartao,bh,cliente reclamou
4714,1466.0,2023-01-14 00:00:00,Eletrônicos,287.7,1.0,0.3,False,False,dinheiro, Campinas ,Entrega atrasada
5817,688.0,2024-10-24 00:00:00,Brinquedos,126.85,2.0,0.0,False,True,pix,São Paulo,cliente reclamou
174,1200.0,2025-07-04 00:00:00,Eletrônicos,311.99,1.0,0.0,False,True,pix,Niterói,
4528,1131.0,2024-06-13 00:00:00,,3130.29,3.0,0.0,False,True,Cartão ,BH,ok
479,945.0,2023-10-18 00:00:00,Brinquedos,253.73,,0.0,False,False,,Curitiba,Entrega atrasada
3361,520.0,2024-08-05 00:00:00,Eletrônicos,564.43,1.0,0.1,False,True,Cartão ,,ok
3604,1008.0,2022-06-23 00:00:00,Acessórios,39.98,1.0,0.0,False,True,dinheiro, CTBA,ok
5489,,2023-07-22 00:00:00,Móveis,1345.79,1.0,0.0,False,True,Cartão ,São Paulo,cliente reclamou
6480,982.0,2023-02-21 00:00:00,Acessórios,52.53,1.0,0.0,False,True,boleto,Salvador,cliente reclamou
3910,602.0,2025-08-10 00:00:00,,1656.0,2.0,0.0,False,True,cartao,CTAB,cliente reclamou
2274,264.0,2023-11-10 00:00:00,ELETRÔNICOS,717.23,1.0,0.0,False,True,dinheiro,RIO DE JANEIRO,
6716,320.0,2022-01-22 00:00:00,Eletrônicos,770.52,1.0,0.0,False,True,pix,  RIO DE JANEIRO  ,
6202,1470.0,2023-11-18 00:00:00,Informática,3118.21,2.0,0.0,False,True,boleto,são paulo,
455,704.0,2022-11-05 00:00:00,Eletrônicos,559.76,1.0,0.15,False,True,dinheiro, SÃOPAULO ,
2175,1158.0,2024-11-09 00:00:00,Informática,514.71,1.0,0.3,False,True,dinheiro,  rio ,Entrega atrasada
6557,1433.0,2023-04-21 00:00:00,Eletrônicos,1015.92,2.0,0.0,False,True,Cartão ,SÃOAPULO,
1431,25.0,2024-01-12 00:00:00,,777.52,1.0,0.0,False,True,Cartão ,rio de janeiro,cliente reclamou
3743,489.0,2023-01-29 00:00:00,Acessórios,86.87,2.0,0.05,False,True,pix,SÃOAPULO,Entrega atrasada
992,308.0,2022-11-26 00:00:00,Eletrônicos,1885.08,2.0,0.0,False,True,pix,Belo Horizonte,cliente reclamou
1718,1078.0,2022-10-28 00:00:00,Escritório,422.3,3.0,0.0,False,True,cartao,Niterói,ok
6739,276.0,2023-04-06 00:00:00,Acessórios,120.47,2.0,0.0,False,False,,RJ,
4793,689.0,2024-01-21 00:00:00,,49.24,1.0,0.0,False,True,Cartão ,VILA VELHA,ok
4734,1213.0,2023-06-15 00:00:00,Informática,1441.11,2.0,0.0,False,True,,Sao Paulo Centro,
3598,1002.0,2023-02-19 00:00:00,Brinquedos,83.7,2.0,0.0,False,True,pix,SP,telefone inválido
1423,1445.0,2022-08-08 00:00:00,Brinquedos,101.25,4.0,0.0,False,True,boleto,Belo Horizonte ,Entrega atrasada
4379,899.0,2024-02-15 00:00:00,Móveis,3149.18,2.0,0.0,False,True,cartao,,cliente reclamou
6593,1195.0,2025-08-25 00:00:00,Escritório,620.97,3.0,0.0,False,True,cartao,Vila Velha,ok
4710,494.0,2022-10-24 00:00:00,Móveis,2606.13,2.0,0.0,False,True,,SJC,ok
1401,676.0,2024-07-28 00:00:00,Eletrônicos,871.58,1.0,0.0,False,True,pix,,cliente reclamou
4923,359.0,2024-06-09 00:00:00,Informática,2171.47,2.0,0.1,False,True,cartao,BH,
4217,1179.0,2025-01-09 00:00:00,Eletrônicos,809.05,1.0,0.0,False,True,boleto,Manaus,Entrega atrasada
2200,1111.0,2023-11-22 00:00:00,Móveis,2029.33,1.0,0.0,False,True,,CTBA,
6203,46.0,2025-05-14 00:00:00,Informática,2697.12,3.0,0.0,False,True,Cartão ,  RECIFE,
6271,738.0,2024-11-02 00:00:00,Brinquedos,487.63,5.0,0.0,False,True,,BH,Entrega atrasada
2700,1487.0,2024-06-06 00:00:00,Acessórios,74.41,2.0,0.1,False,True,cartao,  Interior  ,
4199,1498.0,2025-06-29 00:00:00,Informática,2034.23,2.0,0.0,False,True,,são paulo,cliente reclamou
3761,1229.0,2023-06-05 00:00:00,,821.12,1.0,0.0,False,True,Cartão ,RIO,
2212,758.0,2024-04-30 00:00:00,Informática,719.02,1.0,0.0,False,True,pix,SÃOPAULO,ok
4767,306.0,2023-04-04 00:00:00,Eletrônicos,2416.05,4.0,0.0,False,True,Cartão ,,cliente reclamou
5349,792.0,2022-05-06 00:00:00,Informática,1129.7,1.0,0.0,False,True,,Campinas,ok
4097,77.0,2025-03-24 00:00:00,Informática,1674.76,2.0,0.0,False,True,pix,Zona Sul,telefone inválido
556,1012.0,2023-08-06 00:00:00,Alimentos,60.45,3.0,0.0,False,True,cartao,SÃOPAULO,
5316,17.0,2025-10-01 00:00:00,Alimentos,62.87,4.0,0.0,False,True,cartao,NITERÓI,
1917,1212.0,2022-01-30 00:00:00,,58.46,2.0,0.0,False,True,Cartão ,NIETROI,
3913,29.0,2022-10-21 00:00:00,Brinquedos ,142.39,2.0,0.1,False,True,boleto,MANAUS,telefone inválido
1713,651.0,2022-04-01 00:00:00,Informática,824.06,1.0,0.0,False,True,cartao,rio de janeiro,
2850,1316.0,2022-09-08 00:00:00,Eletrônicos,430.71,1.0,0.0,False,True,boleto,BELO HORIZONTE,ok
4205,31.0,2025-04-18 00:00:00,Acessórios,34.06,1.0,0.0,False,True,dinheiro, Bleo Horizonte ,cliente reclamou
911,349.0,2023-07-04 00:00:00,Informática,748.45,2.0,0.0,False,False,,Rio de Janeiro  ,
3259,1034.0,2022-06-22 00:00:00,Brinquedos,74.37,2.0,0.0,False,True,,são paulo,Entrega atrasada
411,826.0,2022-03-15 00:00:00,,63.71,1.0,0.0,False,True,,Curitiab ,telefone inválido
6098,232.0,2024-09-13 00:00:00,Informática,1129.68,1.0,0.0,False,True,Cartão ,NITEROI,telefone inválido
2317,461.0,2025-03-06 00:00:00,Escritório,105.96,1.0,0.0,False,True,pix, Sao Paulo Centro  ,
3618,561.0,2025-03-30 00:00:00,Informática,2095.43,2.0,0.15,False,True,dinheiro,interior,Entrega atrasada
533,480.0,2023-03-01 00:00:00,Brinquedos,216.92,4.0,0.0,False,True,cartao,são paulo,
4304,1362.0,2024-12-31 00:00:00,Informática,1190.39,1.0,0.0,False,True,boleto,  Roi,telefone inválido
1196,746.0,2024-01-15 00:00:00,Escritório,265.13,2.0,0.0,False,True,cartao,VILA VELHA,cliente reclamou
1172,987.0,2022-11-20 00:00:00,Móveis,1156.15,1.0,0.0,False,True,dinheiro,Vila Velha,
3490,347.0,2022-07-30 00:00:00,Eletrônicos,816.52,1.0,0.0,False,False,Cartão ,Goiania,ok
2189,19.0,2024-12-26 00:00:00,Alimentos,40.93,2.0,0.15,False,True,dinheiro,RJ,cliente reclamou
4227,1095.0,2022-05-16 00:00:00,Escritório,303.96,1.0,0.0,False,True,Cartão , Rio ,
1266,132.0,2025-01-15 00:00:00,Informática,943.24,1.0,0.0,False,True,dinheiro,BH,telefone inválido
160,1032.0,2025-04-11 00:00:00,Alimentos,79.06,4.0,0.1,False,True,dinheiro,manasu,ok
5382,499.0,2023-02-08 00:00:00,Móveis,9999999.99,-3.0,0.0,False,True,boleto,saopaulo,
6690,674.0,2023-12-05 00:00:00,Alimentos,20.15,1.0,0.0,False,True,,SAO PAULO CENTRO,ok
530,932.0,2023-02-05 00:00:00,Escritório,359.94,2.0,0.0,False,True,boleto,belo horzionte,Entrega atrasada
1919,1179.0,2022-01-20 00:00:00,Eletrônicos,793.22,1.0,0.0,False,True,dinheiro,Znoa Sul,telefone inválido
553,87.0,2024-06-20 00:00:00,Eletrônicos,552.49,1.0,0.0,False,True,dinheiro,POA,
3839,780.0,2022-08-22 00:00:00,Alimentos,85.45,4.0,0.0,False,True,pix,brasília,
4325,639.0,2025-02-12 00:00:00,Eletrônicos,662.95,1.0,0.0,False,False,,poa,telefone inválido
3612,794.0,2023-03-21 00:00:00,Acessórios,42.74,1.0,0.15,False,True,pix, SAO PAULO CENTRO  ,telefone inválido
4315,1111.0,2023-04-07 00:00:00,Móveis,1696.72,1.0,0.0,False,True,pix,Manaus,
5407,217.0,2024-12-18 00:00:00,Alimentos,105.63,6.0,0.0,False,True,,,telefone inválido
5466,1208.0,2024-07-20 00:00:00,Móveis,1930.75,3.0,0.0,False,True,dinheiro,sãopaluo,
5850,443.0,2024-10-11 00:00:00,Alimentos,59.18,3.0,0.0,False,True,cartao,POA,
976,342.0,2025-10-05 00:00:00,Informática,911.33,1.0,0.0,False,True,cartao,niteroi,
3184,544.0,2023-09-07 00:00:00,Acessórios,64.95,,0.0,False,True,cartao,,Entrega atrasada
532,,2025-09-24 00:00:00,Escritório,161.82,1.0,0.0,False,True,boleto,bh,
4761,33.0,2022-03-27 00:00:00,Eletrônicos,1025.86,2.0,0.0,False,True,cartao,Vila Velha,ok
3856,939.0,2024-07-02 00:00:00,Eletrônicos,721.19,1.0,0.0,False,True,Cartão ,saopualo,telefone inválido
2771,58.0,2023-07-28 00:00:00,Informática,1384.03,2.0,0.0,False,True,pix,CTBA,ok
2260,72.0,2024-03-16 00:00:00,Eletrônicos,872.42,1.0,0.0,False,True,pix,Zona Sul,
5124,117.0,2023-08-13 00:00:00,Informática,451.66,1.0,0.0,False,True,dinheiro,SÃO PAULO,ok
1488,747.0,2022-01-03 00:00:00,Brinquedos,130.3,2.0,0.0,False,True,pix,Fortaleza ,cliente reclamou
2082,568.0,2029-12-25 00:00:00,Acessórios,75.27,1.0,0.0,False,True,pix,niteroi ,telefone inválido
3332,870.0,2022-07-20 00:00:00,Escritório,147.79,1.0,0.0,False,True,dinheiro,sao jose dos campos,
6729,1087.0,2023-11-29 00:00:00,Escritório,290.59,1.0,0.0,False,True,cartao, sp ,
2584,62.0,2024-02-04 00:00:00,Eletrônicos,975.52,1.0,0.0,True,True,dinheiro, BH ,
4253,996.0,2022-04-25 00:00:00,Acessórios,53.39,1.0,0.0,False,True,boleto,são paulo,Entrega atrasada
1460,1413.0,2025-01-12 00:00:00,Brinquedos,129.79,2.0,0.0,False,True,Cartão ,SÃO PAULO,ok
2187,1410.0,2024-08-21 00:00:00,Acessórios,39.81,1.0,0.0,False,True,Cartão ,Interior,
4104,579.0,2022-12-23 00:00:00,Informática,1490.35,1.0,0.0,False,True,cartao,São Paulo,cliente reclamou
101,241.0,2025-08-29 00:00:00,Eletrônicos,760.29,1.0,0.0,False,True,pix,BRASLÍIA,ok
469,754.0,2023-12-11 00:00:00,Eletrônicos,4285.33,3.0,0.0,False,True,Cartão ,CTBA,
740,385.0,2023-02-18 00:00:00,Acessórios,49.43,1.0,0.0,False,True,pix,Fortaleaz,
770,964.0,2024-06-13 00:00:00,Informática,736.72,1.0,0.0,False,True,Cartão ,Sao Paulo ,
3904,535.0,2023-01-04 00:00:00,Eletrônicos,1892.06,3.0,0.0,False,True,boleto,Brasília,ok
6239,32.0,2023-09-30 00:00:00,Eletrônicos,451.42,1.0,0.0,False,True,cartao,VILA VELHA,cliente reclamou
6141,753.0,2025-08-03 00:00:00,Escritório,226.78,1.0,0.0,False,True,Cartão ,RECIFE,telefone inválido
1615,259.0,2024-05-31 00:00:00,Acessórios,38.76,1.0,0.0,True,True,boleto,Rio de Janeiro ,
4562,353.0,2025-09-12 00:00:00,Móveis,1493.98,1.0,0.0,False,True,cartao,ãSo Paulo,cliente reclamou
6517,1236.0,2024-04-06 00:00:00,Móveis,2114.75,2.0,0.3,False,True,boleto,vila velha,ok
6712,45.0,2023-07-29 00:00:00,Escritório,534.42,3.0,0.1,False,True,boleto,CTBA,
2418,58.0,2023-05-27 00:00:00,Informática,2411.18,2.0,0.0,False,True,boleto,BELO HORIZONTE,
3696,1488.0,2023-09-26 00:00:00,Eletrônicos,614.55,1.0,0.0,False,True,,CAMPINAS,
4124,1096.0,2023-11-23 00:00:00,Informática,5806.21,,0.0,False,True,boleto,BRSAÍLIA,
1645,1214.0,2024-07-20 00:00:00,,1584.72,2.0,0.0,False,True,,  SJC,cliente reclamou
5064,431.0,2024-07-28 00:00:00,Eletrônicos ,1833.75,3.0,0.15,False,True,boleto,curitiba,cliente reclamou
2828,1361.0,2024-09-03 00:00:00,Escritório,267.27,2.0,0.0,False,True,,goiania  ,cliente reclamou
4161,471.0,2025-10-31 00:00:00,Escritório,147.42,,0.0,False,True,dinheiro, Manaus ,
1453,1192.0,2023-12-12 00:00:00,Acessórios,68.04,1.0,0.1,False,True,pix,rio de janeiro,cliente reclamou
6457,83.0,2022-08-22 00:00:00,Eletrônicos,394.81,1.0,0.0,False,True,cartao,Sao Jose dos Campos,Entrega atrasada
3018,98.0,2024-06-18 00:00:00,Informática,1362.14,2.0,0.0,False,True,cartao,fortaleza,cliente reclamou
6304,961.0,2035-01-01 00:00:00,Brinquedos,302.46,5.0,0.0,False,True,boleto,Goiania,
644,1461.0,2023-11-08 00:00:00,Eletrônicos,1385.26,2.0,0.0,False,True,dinheiro,Recife,
4489,1311.0,2022-07-28 00:00:00,,21.78,1.0,0.0,False,True,boleto,sãopaulo,
2067,798.0,2023-11-20 00:00:00,Informática,3067.48,3.0,0.0,False,True,boleto,CURITIBA,Entrega atrasada
4014,700.0,2024-08-15 00:00:00,Eletrônicos,2968.71,3.0,0.0,False,True,boleto,Interior,cliente reclamou
5464,1040.0,2023-03-15 00:00:00,Eletrônicos,2620.9,4.0,0.0,False,True,boleto,sao paulo centro,cliente reclamou
4848,1300.0,2024-01-31 00:00:00,Informática,2078.79,2.0,0.05,False,True,pix,BRASÍLIA,Entrega atrasada
2048,954.0,2023-07-17 00:00:00,Escritório,0.0,1.0,0.0,False,True,Cartão ,SAO PAULO CENTRO  ,cliente reclamou
4990,127.0,2022-10-25 00:00:00,,187.78,1.0,0.0,True,True,cartao,SP,
4471,846.0,2023-10-27 00:00:00,Eletrônicos,678.83,1.0,0.0,False,True,Cartão ,RIO DE JANEIRO,telefone inválido
3459,947.0,2025-10-04 00:00:00,Eletrônicos,993.76,1.0,0.0,False,True,Cartão , são paulo,
669,1355.0,2025-03-23 00:00:00,Informática,789.36,1.0,0.0,False,False,,RIO DE JANEIRO,Entrega atrasada
2864,770.0,2024-03-29 00:00:00,Acessórios,53.83,1.0,0.0,False,True,pix,BH,ok
157,986.0,2024-05-05 00:00:00,Móveis,685.05,1.0,0.0,False,True,pix,Niterói,
112,1079.0,2022-02-17 00:00:00,Eletrônicos,1410.31,3.0,0.0,False,True,pix,Porto Alegre,telefone inválido
438,358.0,2022-03-29 00:00:00,Móveis,2827.47,2.0,0.0,False,True,boleto,  SP ,
4404,751.0,2024-12-27 00:00:00,Móveis,3359.35,2.0,0.0,False,True,Cartão ,Sao Paulo Centro,ok
9,204.0,2022-02-23 00:00:00,Informática,772.8,1.0,0.0,False,True,pix,são paulo ,
5721,245.0,2022-07-25 00:00:00,Alimentos,7.85,1.0,0.0,False,True,Cartão ,VILA VELHA,telefone inválido
747,1170.0,2023-12-27 00:00:00,Brinquedos,152.17,2.0,0.0,False,True,Cartão ,Sao Jose dos Campos,ok
4669,555.0,2022-03-30 00:00:00,Móveis,979.26,1.0,0.0,False,True,cartao,Goiania,
3209,157.0,2025-01-12 00:00:00,Eletrônicos,1528.53,4.0,0.0,False,True,dinheiro,BELO HORIZONTE,
3242,230.0,2022-07-13 00:00:00,Eletrônicos,733.81,1.0,0.0,False,True,,,telefone inválido
1057,229.0,2025-07-19 00:00:00,Eletrônicos,888.82,1.0,0.0,False,True,dinheiro,NITREÓI ,Entrega atrasada
2101,1304.0,2024-08-02 00:00:00,ESCRITÓRIO,298.12,1.0,0.0,False,True,boleto, belo horizonte  ,cliente reclamou
3527,500.0,2022-09-21 00:00:00,Brinquedos,-40.51,1.0,0.0,False,True,pix,sao paulo,
3942,993.0,2023-05-28 00:00:00,Informática,4620.28,4.0,0.0,False,True,,bh,ok
5783,244.0,2025-10-07 00:00:00,Eletrônicos,611.57,1.0,0.0,False,True,boleto,,Entrega atrasada
2613,822.0,2022-11-03 00:00:00,Informática,1204.34,1.0,0.0,False,True,,niteroi,telefone inválido
387,26.0,2022-03-15 00:00:00,Alimentos,44.03,3.0,0.0,False,True,boleto, Curitiba ,telefone inválido
4469,500.0,2023-12-30 00:00:00,Alimentos,58.87,3.0,0.0,False,True,pix,Fortaleza,
2150,272.0,2022-02-11 00:00:00,Informática,2043.06,2.0,0.0,True,True,,São Paulo ,Entrega atrasada
3646,89.0,2022-03-12 00:00:00,Alimentos,43.81,,0.0,False,True,Cartão ,BH,Entrega atrasada
2367,585.0,2022-10-16 00:00:00,Escritório,421.77,2.0,0.0,False,True,cartao,,ok
2301,329.0,2024-08-12 00:00:00,Acessórios,36.03,1.0,0.0,False,True,dinheiro,Sao Paulo Centro,
5701,1204.0,2022-05-29 00:00:00,Informática,738.83,1.0,0.0,False,True,pix,Brasília,
1935,851.0,2024-07-09 00:00:00,Eletrônicos,626.17,1.0,0.0,False,True,cartao,ZON ASUL ,ok
6401,952.0,2024-07-04 00:00:00,Informática,1125.78,1.0,0.0,False,True,,Interior,Entrega atrasada
5458,1141.0,2024-09-16 00:00:00,Escritório,157.17,1.0,0.0,False,True,dinheiro,    ,cliente reclamou
6160,1030.0,2024-09-13 00:00:00,Escritório,344.68,2.0,0.0,False,True,boleto,SãoPaulo,
1751,1118.0,2023-05-08 00:00:00,Alimentos,52.35,3.0,0.0,False,True,dinheiro,zonas ul,Entrega atrasada
3894,169.0,2023-07-17 00:00:00,Eletrônicos,2315.44,3.0,0.0,False,True,Cartão ,RIO,
5621,1150.0,2024-01-08 00:00:00,Informática,714.86,1.0,0.0,False,True,boleto,FORTALEZA,telefone inválido
2497,766.0,2024-01-27 00:00:00,Alimentos,55.91,2.0,0.0,False,True,boleto,goianai,Entrega atrasada
2524,432.0,2023-03-07 00:00:00,Móveis,1547.51,1.0,0.0,False,True,cartao,Brasília,Entrega atrasada
1580,155.0,2022-03-21 00:00:00,Móveis,3160.77,3.0,0.0,False,True,cartao,SãoPaulo,
1892,1031.0,2024-08-18 00:00:00,Brinquedos,69.7,1.0,0.0,False,True,pix,RIO  ,telefone inválido
3358,388.0,2025-05-26 00:00:00,Acessórios,45.94,1.0,0.0,False,True,cartao,ctba,Entrega atrasada
3647,568.0,2022-06-30 00:00:00,Eletrônicos,1147.46,2.0,0.0,False,True,cartao,sp,
6084,8.0,2022-06-29 00:00:00,Informática,1054.67,1.0,0.0,False,True,,BRASILIA,ok
5370,566.0,2024-08-18 00:00:00,Alimentos,50.62,4.0,0.0,False,True,boleto,Sao Paulo,
3919,283.0,2023-09-13 00:00:00,Eletrônicos,577.3,1.0,0.0,False,True,Cartão ,VILA VELHA,ok
379,1157.0,2024-02-09 00:00:00,Acessórios,147.25,3.0,0.0,False,True,boleto, São Paulo ,
905,708.0,2024-01-16 00:00:00,Acessórios,48.97,1.0,0.0,False,True,dinheiro,RECIFE,
3694,285.0,2022-12-10 00:00:00,Alimentos,24.24,1.0,0.0,False,True,,GOIANIA,
3697,1165.0,2025-07-23 00:00:00,Alimentos,0.0,2.0,0.0,False,True,dinheiro,Recife,
5032,,2024-03-29 00:00:00,Acessórios,54.48,1.0,0.0,False,True,pix,,telefone inválido
4539,336.0,2023-02-18 00:00:00,Eletrônicos,299.55,1.0,0.3,False,True,,Rio,
2268,668.0,2022-09-03 00:00:00,Escritório,267.61,1.0,0.0,False,True,,SÃO PAULO,
5649,1000.0,2022-09-09 00:00:00,Eletrônicos,690.55,1.0,0.0,False,True,cartao,NITEROI,Entrega atrasada
2918,1124.0,2022-03-07 00:00:00,Informática,898.87,1.0,0.0,False,False,Cartão ,Vila Velha,Entrega atrasada
4802,390.0,2025-08-22 00:00:00,Móveis,2418.1,2.0,0.0,False,True,cartao,  Porto Alegre  ,
67,495.0,2022-09-22 00:00:00,Escritório,566.23,3.0,0.0,False,True,boleto,Zona Sul,
6002,1007.0,2025-09-14 00:00:00,Escritório,195.46,1.0,0.0,False,True,cartao,curitiba,
1839,653.0,2022-01-18 00:00:00,Acessórios,81.66,2.0,0.0,False,True,Cartão ,Vila Velha,
5285,403.0,2023-11-10 00:00:00,Acessórios,117.48,2.0,0.0,False,True,boleto,zona sul,ok
2391,1164.0,2024-06-20 00:00:00,Informática,695.38,1.0,0.0,False,True,,Campinas,cliente reclamou
495,163.0,2025-07-12 00:00:00,,190.76,3.0,0.0,False,True,Cartão ,rio de janeiro,
6215,970.0,2022-09-29 00:00:00,Escritório,320.03,2.0,0.15,False,True,cartao,Salvador ,Entrega atrasada
5490,513.0,2023-08-18 00:00:00,Eletrônicos,1776.18,3.0,0.1,False,True,cartao,roi de janeiro,telefone inválido
5520,242.0,2024-04-19 00:00:00,Móveis,1177.36,1.0,0.0,False,True,dinheiro,POA,cliente reclamou
4645,526.0,2024-09-21 00:00:00,Escritório,688.15,3.0,0.0,False,True,,,ok
5240,,2035-01-01 00:00:00,Escritório,254.92,,0.0,False,True,pix,CURITIBA,telefone inválido
2113,853.0,2022-01-08 00:00:00,,1135.35,2.0,0.0,False,True,,vila velha,Entrega atrasada
3247,473.0,2025-05-05 00:00:00,Acessórios,183.79,,0.0,False,True,dinheiro,Manaus,
5785,68.0,2023-03-26 00:00:00,Eletrônicos,856.93,1.0,0.0,False,True,pix,aSo Paulo,telefone inválido
6216,1103.0,2024-11-10 00:00:00,Escritório,167.43,1.0,0.0,False,True,boleto,,cliente reclamou
6143,271.0,2025-04-27 00:00:00,Acessórios,48.47,1.0,0.0,False,True,pix, Belo Horizonte ,telefone inválido
5320,976.0,2024-04-06 00:00:00,Escritório,142.17,1.0,0.0,False,True,Cartão ,Niterói,
6337,867.0,2022-12-07 00:00:00,Brinquedos,140.33,2.0,0.0,False,False,pix,sao paulo,telefone inválido
6436,278.0,2024-12-12 00:00:00,Acessórios,146.37,2.0,0.0,False,True,cartao,,telefone inválido
5986,120.0,2024-09-28 00:00:00,Informática,762.68,1.0,0.1,False,True,Cartão ,  RIO DE JANEIRO  ,Entrega atrasada
315,878.0,2025-04-06 00:00:00,Móveis,1708.35,1.0,0.0,False,True,cartao, Zona Su l ,
2807,381.0,2022-06-02 00:00:00,Brinquedos,156.64,2.0,0.0,False,True,boleto,Sao Paulo,ok
5979,37.0,2025-03-14 00:00:00,Acessórios,106.06,2.0,0.0,False,True,Cartão ,Curitiba,
5836,1429.0,2024-01-13 00:00:00,Alimentos,0.0,2.0,0.0,False,True,cartao,SAO JOSE DOS CAMPOS  ,Entrega atrasada
1257,62.0,2022-10-09 00:00:00,Acessórios,35.78,1.0,0.0,False,True,, CTBA  ,telefone inválido
4678,278.0,2024-01-02 00:00:00,Eletrônicos,1087.86,2.0,0.0,False,True,Cartão ,TCBA,ok
1151,355.0,2022-05-19 00:00:00,Eletrônicos,928.91,2.0,0.0,False,True,Cartão , iro ,
775,1082.0,2025-03-07 00:00:00,Eletrônicos,4487.77,5.0,0.0,True,True,,niteroi,telefone inválido
1255,253.0,2024-07-02 00:00:00,Escritório,0.0,1.0,0.0,False,True,,NITEROI  ,telefone inválido
2094,1061.0,2025-04-03 00:00:00,Alimentos,63.88,4.0,0.0,False,True,dinheiro,  tcba ,
6545,978.0,2025-08-08 00:00:00,Alimentos,76.58,3.0,0.15,False,True,pix,VILA VELHA,ok
4893,1499.0,2025-01-25 00:00:00,Alimentos,99.63,5.0,0.0,False,True,Cartão ,CTAB,
5262,1404.0,2029-12-25 00:00:00,Brinquedos,195.79,,0.0,False,True,cartao,INETRIOR,telefone inválido
36,265.0,2024-09-01 00:00:00,Eletrônicos,1236.22,2.0,0.0,False,True,dinheiro,CAMPINAS,
3512,711.0,2022-05-19 00:00:00,Informática,1166.34,1.0,0.0,False,True,Cartão ,CURITIBA,
3250,341.0,2022-11-27 00:00:00,Informática,3354.9,2.0,0.0,False,False,cartao,Zona Sul,cliente reclamou
1364,259.0,2022-11-07 00:00:00,Brinquedos,380.28,6.0,0.0,False,True,cartao,Goiania,cliente reclamou
6650,620.0,2022-06-02 00:00:00,Eletrônicos,955.3,1.0,0.0,False,True,boleto,RIO DE JANEIRO,cliente reclamou
6033,1100.0,2022-11-10 00:00:00,Informática,2346.32,2.0,0.0,False,True,dinheiro,Campinas,cliente reclamou
2811,53.0,2022-03-26 00:00:00,Móveis,736.25,1.0,0.0,False,True,pix,Niterói,Entrega atrasada
1316,299.0,2025-08-19 00:00:00,Informática,1000.32,1.0,0.0,False,True,Cartão ,CURITIBA,
5241,1066.0,2024-07-22 00:00:00,Eletrônicos,745.54,1.0,0.0,False,True,,,
3213,266.0,2022-11-28 00:00:00,Acessórios,63.27,2.0,0.0,False,True,boleto,SãoPaulo,
1736,1108.0,2025-08-30 00:00:00,Alimentos,24.48,1.0,0.0,False,True,,FORTALEZA,telefone inválido
4061,1443.0,2023-06-01 00:00:00,Acessórios,71.36,2.0,0.0,False,False,boleto, rj ,Entrega atrasada
1905,235.0,2022-01-03 00:00:00,Brinquedos,125.22,3.0,0.0,False,True,,bh,cliente reclamou
4397,905.0,2025-06-22 00:00:00,Eletrônicos,0.0,3.0,0.0,False,True,cartao,sao jose dos campos,
640,494.0,2023-04-09 00:00:00,Eletrônicos,575.67,1.0,0.0,False,True,pix,SJC,
2587,1239.0,2025-07-29 00:00:00,Informática,799.33,1.0,0.0,False,True,Cartão ,ZonaS ul,
3137,1400.0,2022-12-30 00:00:00,Escritório,243.38,1.0,0.1,False,True,Cartão , goiania,
6704,1466.0,2025-09-19 00:00:00,Móveis,1539.59,1.0,0.0,False,True,pix,salvador,ok
5904,264.0,2025-08-31 00:00:00,Móveis,1099.84,1.0,0.0,False,True,,Niteroi,
29,1097.0,2022-11-12 00:00:00,Escritório,206.58,1.0,0.0,False,True,,  SÃO PAULO ,Entrega atrasada
572,680.0,2023-06-11 00:00:00,Eletrônicos,526.16,1.0,0.0,False,True,cartao,Sao Paulo Cenrto,
3610,270.0,2022-01-30 00:00:00,Brinquedos,97.57,2.0,0.0,False,True,dinheiro,sp,telefone inválido
2335,475.0,2022-12-16 00:00:00,Escritório,275.99,1.0,0.0,True,True,boleto,POA,Entrega atrasada
2166,527.0,2023-01-04 00:00:00,Acessórios,111.87,2.0,0.0,False,False,Cartão ,SJC,
313,1138.0,2025-04-05 00:00:00,Brinquedos,227.02,3.0,0.0,False,True,dinheiro,SAO PAULO,Entrega atrasada
4075,318.0,2023-05-17 00:00:00,Informática,1600.91,1.0,0.0,False,True,Cartão ,POA,telefone inválido
5153,1415.0,2024-02-05 00:00:00,Eletrônicos,779.82,1.0,0.0,False,True,Cartão ,,ok
5044,90.0,2023-12-02 00:00:00,Eletrônicos,804.08,1.0,0.0,False,True,dinheiro,belo horizonte,
3739,738.0,2025-08-09 00:00:00,Acessórios,63.64,1.0,0.0,False,True,,  Belo Horizonte ,cliente reclamou
6123,803.0,2023-11-01 00:00:00,Escritório,799.22,3.0,0.0,False,True,Cartão ,Manaus,telefone inválido
5468,493.0,2024-10-24 00:00:00,Eletrônicos,1293.13,2.0,0.0,False,True,pix,VILA VELHA,
3398,240.0,2022-07-26 00:00:00,,126.14,3.0,0.0,False,True,cartao,NTIERÓI ,ok
4347,991.0,2022-08-05 00:00:00,Eletrônicos,678.1,1.0,0.0,False,True,boleto,são paulo,Entrega atrasada
625,483.0,2024-06-11 00:00:00,Brinquedos,118.87,2.0,0.0,False,True,boleto,Curitiba,cliente reclamou
2229,930.0,2023-01-27 00:00:00,Informática,633.21,1.0,0.0,False,True,,SAO PAULO CENTRO,
903,293.0,2022-07-26 00:00:00,,149.43,1.0,0.0,False,True,cartao,,
4326,133.0,2023-03-08 00:00:00,Acessórios,90.24,2.0,0.0,False,True,cartao,VILA VELHA,ok
3609,535.0,2025-06-18 00:00:00,Informática,0.0,1.0,0.0,False,True,cartao,NITERIÓ,Entrega atrasada
6992,749.0,2025-02-26 00:00:00,Móveis,1172.08,1.0,0.0,False,True,boleto,zona sul,ok
4072,427.0,2024-01-18 00:00:00,,634.9,1.0,0.0,False,True,dinheiro,RJ,cliente reclamou
6958,1474.0,2024-07-09 00:00:00,Brinquedos,207.43,4.0,0.0,False,True,cartao,SJC,telefone inválido
3008,466.0,2024-05-25 00:00:00,Alimentos,148.31,5.0,0.0,False,True,boleto,  Fortaleza ,
6737,,2024-12-20 00:00:00,Informática,6597.44,4.0,0.0,False,True,cartao,RECIFE  ,Entrega atrasada
5790,704.0,2022-03-05 00:00:00,Eletrônicos,1453.53,2.0,0.0,True,True,Cartão ,BRASLIIA,cliente reclamou
968,21.0,2022-09-09 00:00:00,Eletrônicos,666.34,1.0,0.0,False,True,Cartão ,ASLVADOR,telefone inválido
4884,65.0,2025-09-29 00:00:00,Eletrônicos,441.29,1.0,0.0,False,True,Cartão ,MANAUS,ok
1535,1097.0,2025-09-21 00:00:00,Móveis,778.34,1.0,0.0,False,True,cartao,BH,
6759,482.0,2024-12-10 00:00:00,Informática,2629.18,3.0,0.0,False,True,cartao,,cliente reclamou
1034,908.0,2022-01-08 00:00:00,Alimentos,86.71,4.0,0.0,False,False,pix,são paluo,telefone inválido
6967,1110.0,2023-08-12 00:00:00,Informática,2687.96,3.0,0.0,False,True,dinheiro,belo horizonte,
231,1382.0,2025-04-18 00:00:00,Escritório,113.8,1.0,0.0,False,True,,Niterói,ok
4555,526.0,2025-09-25 00:00:00,Informática,863.05,1.0,0.0,False,True,cartao,rio de janeiro,cliente reclamou
4970,66.0,2022-11-04 00:00:00,Eletrônicos,720.43,1.0,0.0,False,True,dinheiro,CTBA,
766,228.0,2025-06-11 00:00:00,Acessórios,108.25,2.0,0.0,False,True,dinheiro,SAO PAULO CENTRO,
2775,818.0,2022-11-24 00:00:00,Informática,2652.97,2.0,0.0,False,True,Cartão ,niteroi,telefone inválido
1695,1320.0,2024-11-30 00:00:00,Eletrônicos,1148.66,1.0,0.0,False,True,boleto,  Manaus,Entrega atrasada
6286,69.0,2022-06-02 00:00:00,Informática,2334.19,2.0,0.0,False,True,,Niteroi,ok
465,703.0,2025-07-13 00:00:00,Brinquedos,127.65,2.0,0.0,False,False,Cartão ,SÃOPAULO,telefone inválido
5147,922.0,2025-01-13 00:00:00,Eletrônicos,3480.65,4.0,0.0,False,True,pix,Brasilia,Entrega atrasada
5003,1138.0,2024-08-02 00:00:00,Informática,740.97,1.0,0.1,False,True,Cartão ,Curitiba,cliente reclamou
2729,192.0,2025-09-13 00:00:00,Brinquedos,305.87,4.0,0.0,False,True,pix,Goiania,Entrega atrasada
2261,438.0,2023-07-16 00:00:00,Eletrônicos,1800.48,2.0,0.0,True,True,cartao,FORTALEZA,
5366,440.0,2035-01-01 00:00:00,Brinquedos,210.04,4.0,0.0,False,False,,  rio de janeiro  ,ok
5310,,2025-03-09 00:00:00,,34.86,1.0,0.0,False,True,boleto,RJ,
1345,146.0,2024-04-12 00:00:00,Informática,647.71,1.0,0.0,False,False,Cartão ,Sao Paulo,
26,45.0,2023-05-19 00:00:00,,3774.87,2.0,0.0,False,True,pix,  BRASÍLIA  ,
3109,205.0,2023-09-25 00:00:00,Acessórios,98.26,2.0,0.0,False,True,boleto,rio,
6821,74.0,2022-02-06 00:00:00,Eletrônicos,596.29,1.0,0.15,False,True,pix,Rio,
2894,,2022-01-29 00:00:00,Acessórios,49.27,1.0,0.0,False,True,,Rio,Entrega atrasada
5631,258.0,2024-07-11 00:00:00,Informática,734.67,1.0,0.0,False,True,boleto,Rio de Janeiro,
4297,989.0,2023-04-15 00:00:00,Informática,1889.11,2.0,0.0,False,True,pix,Rio,
102,487.0,2024-11-01 00:00:00,Informática,1123.96,1.0,0.0,False,True,boleto,Vila Velha,cliente reclamou
1429,1207.0,2024-12-17 00:00:00,Eletrônicos,953.46,1.0,0.0,False,True,,  Rio  ,ok
3819,3.0,2022-07-26 00:00:00,Brinquedos,382.28,4.0,0.0,False,True,dinheiro,ERCIFE,Entrega atrasada
6684,,2023-08-24 00:00:00,Alimentos,22.73,1.0,0.05,False,True,boleto,,Porto Alegre
3605,1099.0,2029-12-25 00:00:00,Móveis,1721.22,1.0,0.0,False,True,pix,sp,
3518,1046.0,2023-03-18 00:00:00,Brinquedos,159.51,3.0,0.0,False,True,,São Paulo,
1231,582.0,2023-08-11 00:00:00,Acessórios,91.08,2.0,0.0,False,True,cartao,BRASÍLIA,cliente reclamou
1916,1066.0,2023-04-10 00:00:00,Escritório,135.55,1.0,0.0,False,True,pix,fortaleza,ok
6209,1483.0,2025-07-01 00:00:00,Alimentos,29.51,2.0,0.0,False,True,Cartão ,fortaleza,telefone inválido
1337,28.0,2025-01-16 00:00:00,Escritório,164.14,1.0,0.0,False,True,cartao,Salvador,
1317,951.0,2025-06-21 00:00:00,Eletrônicos,955.47,,0.0,False,True,,  SALVADOR ,
4857,70.0,2024-12-18 00:00:00,Informática,791.77,1.0,0.0,False,True,boleto,SJC,telefone inválido
84,158.0,2024-02-29 00:00:00,Informática,914.0,1.0,0.0,False,True,cartao,Porto Alegre ,ok
6646,1046.0,2022-12-30 00:00:00,Informática,3166.2,2.0,0.0,False,True,Cartão ,SÃO PAULO,ok
6549,503.0,2022-02-10 00:00:00,Alimentos,37.55,2.0,0.0,False,True,dinheiro,POA,Entrega atrasada
69,677.0,2024-10-29 00:00:00,Eletrônicos,494.47,1.0,0.0,False,True,,CTBA,cliente reclamou
19,145.0,2023-10-10 00:00:00,Eletrônicos,858.02,1.0,0.0,False,True,dinheiro,SP,Entrega atrasada
2615,106.0,2022-09-10 00:00:00,Informática,1413.47,3.0,0.3,False,True,pix,Goainia,
2395,182.0,2024-01-16 00:00:00,Acessórios,55.67,1.0,0.0,False,True,Cartão ,BH,cliente reclamou
488,239.0,2025-03-25 00:00:00,Eletrônicos,629.42,1.0,0.1,False,True,dinheiro,Interior,
4920,16.0,2023-01-05 00:00:00,Escritório,152.95,1.0,0.05,False,True,, fortaleza ,telefone inválido
5081,1355.0,2025-05-05 00:00:00,Móveis,1198.9,1.0,0.0,False,True,boleto,ctab,
2203,154.0,2023-10-11 00:00:00,Informática,663.67,1.0,0.0,False,True,boleto, Proto Alegre ,ok
5293,25.0,2022-07-30 00:00:00,Informática,629.88,1.0,0.0,False,True,cartao,  SAO JOSE DOS CAMPOS ,Entrega atrasada
6715,1039.0,2022-10-20 00:00:00,Móveis,207085.96,1.0,0.0,False,True,Cartão ,brasília,
742,449.0,2025-01-22 00:00:00,Informática,963.65,1.0,0.0,False,True,,porto alegre,
6424,799.0,2024-03-04 00:00:00,Alimentos,44.74,4.0,0.0,False,True,,Goiania,ok
4488,736.0,2024-12-18 00:00:00,Escritório,548.17,2.0,0.0,False,True,Cartão ,bh,ok
727,362.0,2022-09-12 00:00:00,Eletrônicos,573.71,1.0,0.0,False,True,cartao,Curitiba,Entrega atrasada
757,1347.0,2024-05-17 00:00:00,Escritório,344.98,3.0,0.0,False,True,Cartão ,Recife,
6411,291.0,2022-06-05 00:00:00,Alimentos,64.77,3.0,0.0,False,True,cartao,Campinas,
2666,1383.0,2024-08-03 00:00:00,Escritório,178.79,1.0,0.0,False,True,cartao,,cliente reclamou
1661,351.0,2023-03-08 00:00:00,Brinquedos,95.25,2.0,0.0,False,True,boleto,,
3300,1440.0,2022-10-09 00:00:00,Eletrônicos,2243.93,3.0,0.0,True,True,Cartão ,PORTO ALEGRE,
4550,83.0,2024-05-14 00:00:00,Eletrônicos,631.96,1.0,0.0,False,True,cartao,CTBA,telefone inválido
4351,1315.0,2024-11-26 00:00:00,Móveis,4163.96,3.0,0.3,False,True,Cartão ,Niteroi,ok
2992,803.0,2024-06-11 00:00:00,Alimentos,21.37,1.0,0.0,False,True,boleto,FORTALEZA,Entrega atrasada
5248,153.0,2025-08-31 00:00:00,Informática,836.69,1.0,0.05,False,True,cartao,RJ,
2291,333.0,2023-01-05 00:00:00,Acessórios,36.39,1.0,0.0,False,True,boleto,CBTA,ok
4069,850.0,2024-10-31 00:00:00,Informática,1537.53,2.0,0.0,False,True,dinheiro, são paulo  ,
831,541.0,2022-08-17 00:00:00,Alimentos,70.1,3.0,0.0,False,True,cartao,,
5551,1432.0,2024-07-23 00:00:00,,730.15,1.0,0.1,False,True,,BH,cliente reclamou
6965,1263.0,2022-11-01 00:00:00,Escritório,0.0,1.0,0.0,False,True,Cartão ,ctba  ,telefone inválido
1187,67.0,2024-05-22 00:00:00,Eletrônicos,801.4,1.0,0.0,False,True,,VILA VELHA,ok
5286,506.0,2023-04-17 00:00:00,Eletrônicos,1327.51,2.0,0.0,False,True,,manaus,
388,1282.0,2024-12-31 00:00:00,Escritório,273.28,1.0,0.0,False,True,Cartão ,SãoPaulo,
5707,562.0,2025-08-11 00:00:00,Informática,495.4,1.0,0.0,False,True,pix,RIO,
4284,1018.0,2024-08-18 00:00:00,Acessórios,70.01,1.0,0.0,False,True,pix,bh,Entrega atrasada
709,368.0,2025-02-18 00:00:00,Eletrônicos,254.44,1.0,0.3,False,True,Cartão ,NITEROI,
2597,1338.0,2022-05-09 00:00:00,Escritório,477.85,3.0,0.0,False,True,boleto,SP,
5275,500.0,2024-04-30 00:00:00,Alimentos,65.83,3.0,0.0,False,True,dinheiro,,
2624,385.0,2022-08-18 00:00:00,Móveis,779.62,1.0,0.0,False,True,dinheiro,,
2631,271.0,2022-05-26 00:00:00,Móveis,1389.76,1.0,0.0,False,True,boleto,  Niterói,
2842,317.0,2025-01-18 00:00:00,Acessórios,45.38,1.0,0.0,False,True,,RIO DE JANEIRO,ok
4185,1070.0,2025-08-01 00:00:00,Informática,3176.23,3.0,0.0,False,True,, jr ,ok
4835,460.0,2022-03-09 00:00:00,Informática,809.79,1.0,0.0,False,True,,MANAUS  ,telefone inválido
4892,,2022-04-24 00:00:00,Escritório,146.85,1.0,0.0,False,True,boleto,VILA VELHA,
6462,1328.0,2025-08-19 00:00:00,Informática,1066.87,1.0,0.0,False,True,Cartão ,RJ,
121,1066.0,2023-10-07 00:00:00,Eletrônicos,408.78,1.0,0.0,False,True,dinheiro,Rio de Janeiro,cliente reclamou
5709,824.0,2022-11-28 00:00:00,Escritório,203.0,1.0,0.0,False,True,Cartão ,SJC,cliente reclamou
883,1376.0,2023-07-20 00:00:00,Informática,1595.49,2.0,0.0,False,True,cartao,goiania,telefone inválido
4479,537.0,2024-07-15 00:00:00,Informática,789.63,1.0,0.0,False,True,, sp ,
4684,422.0,2024-10-02 00:00:00,Eletrônicos,2901.5,,0.0,False,True,boleto,RIO ED JANEIRO,telefone inválido
6964,1149.0,2022-07-03 00:00:00,Escritório,158.98,1.0,0.0,False,True,cartao,rio de janeiro,
2211,725.0,2022-02-22 00:00:00,Brinquedos,152.64,3.0,0.0,False,True,cartao,SÃO PAULO,ok
3139,557.0,2025-07-05 00:00:00,Acessórios,73.0,1.0,0.0,False,True,,Belo Horizonte,Entrega atrasada
1909,154.0,2023-01-17 00:00:00,,31.03,1.0,0.0,False,True,Cartão , brasília  ,ok
2532,853.0,2023-06-20 00:00:00,Escritório,247.16,1.0,0.0,False,True,Cartão ,  Sao Paulo,
4975,1019.0,2025-07-13 00:00:00,Móveis,1589.87,2.0,0.0,False,True,,belo horizonte,telefone inválido
1347,205.0,2025-07-11 00:00:00,Eletrônicos,690.98,1.0,0.0,False,True,boleto,interior,Entrega atrasada
2832,803.0,2024-01-16 00:00:00,Escritório,149.4,1.0,0.0,False,True,dinheiro,,cliente reclamou
6902,320.0,2025-10-04 00:00:00,Alimentos,64.24,4.0,0.15,False,True,boleto,SP,
674,,2025-07-01 00:00:00,Móveis,630.96,1.0,0.0,False,True,Cartão ,POA,
927,1431.0,2023-06-25 00:00:00,Escritório,188.56,1.0,0.05,False,True,boleto, BH ,ok
5666,211.0,2024-05-14 00:00:00,Eletrônicos,1159.17,2.0,0.0,False,True,cartao,sp,cliente reclamou
3341,59.0,2025-03-31 00:00:00,Eletrônicos,635.15,1.0,0.0,False,True,Cartão , Fortaleza ,
2802,201.0,2023-08-08 00:00:00,Brinquedos,308.81,6.0,0.0,False,True,pix,POA,
4686,81.0,2025-02-22 00:00:00,Eletrônicos,460.91,1.0,0.0,False,True,Cartão ,SAO PAULO,
1358,800.0,2025-06-12 00:00:00,Informática,647.72,1.0,0.0,False,True,dinheiro,RIO,
3827,929.0,2023-04-29 00:00:00,Eletrônicos,2133.5,2.0,0.0,False,True,boleto,  BH,Entrega atrasada
6985,46.0,2024-06-11 00:00:00,Escritório,1195.52,5.0,0.0,False,True,cartao,Recife,telefone inválido
3335,1093.0,2024-03-25 00:00:00,Eletrônicos,1021.86,1.0,0.0,False,True,,SOA PAULO CENTRO,Entrega atrasada
6490,832.0,2022-08-31 00:00:00,Informática,2096.94,2.0,0.0,False,True,cartao,RJ,telefone inválido
5925,494.0,2023-11-17 00:00:00,Acessórios,157.87,3.0,0.0,False,True,,RIO,
6950,1085.0,2024-07-27 00:00:00,Alimentos,56.46,3.0,0.0,False,True,boleto, bh  ,
6291,220.0,2022-03-27 00:00:00,Eletrônicos,423.13,1.0,0.0,False,True,,CTBA,
3291,208.0,2023-09-12 00:00:00,Brinquedos,223.93,3.0,0.0,False,True,pix,manaus,cliente reclamou
5627,414.0,2024-01-14 00:00:00,Brinquedos,0.0,2.0,0.0,False,True,cartao,bh ,
1755,1450.0,2023-04-01 00:00:00,Eletrônicos,669.65,1.0,0.0,False,True,cartao,  JSC ,
4928,1123.0,2024-03-19 00:00:00,Acessórios,63.25,1.0,0.0,False,True,Cartão ,ZONA SUL,Entrega atrasada
1757,1158.0,2022-08-22 00:00:00,Escritório,191.2,1.0,0.0,False,True,Cartão ,sp,Entrega atrasada
4735,1102.0,2024-09-12 00:00:00,Acessórios,136.3,3.0,0.0,False,True,boleto,RIO DE JANEIRO,
1314,1107.0,2022-07-01 00:00:00,Acessórios,46.2,1.0,0.0,False,True,Cartão ,Sao Paulo Centro,telefone inválido
6161,246.0,2024-12-19 00:00:00,Acessórios,69.23,3.0,0.0,False,True,Cartão ,Porto Alegre,ok
6047,402.0,2022-06-02 00:00:00,Móveis,1746.69,1.0,0.0,False,True,,  SJC  ,Entrega atrasada
5820,108.0,2022-11-22 00:00:00,Acessórios,117.11,2.0,0.0,False,True,cartao,GOIANIA,telefone inválido
231,1382.0,2025-04-18 00:00:00,Escritório,113.8,1.0,0.0,False,True,,Niterói,ok
2730,800.0,2023-02-04 00:00:00,Informática,609.48,1.0,0.0,False,True,Cartão ,CAMPINAS  ,ok
6523,372.0,2022-07-17 00:00:00,Acessórios,38.58,1.0,0.0,False,True,cartao,,
4656,167.0,2022-12-14 00:00:00,Informática,1629.93,1.0,0.0,False,True,,CTBA,ok
6130,994.0,2022-11-09 00:00:00,Eletrônicos,1016.62,1.0,0.0,False,True,,RJ,Entrega atrasada
522,106.0,2024-11-03 00:00:00,Eletrônicos,930.99,1.0,0.0,False,True,pix, ,ok
1944,1499.0,2022-08-29 00:00:00,Eletrônicos,632.86,1.0,0.0,False,True,cartao,sp,cliente reclamou
1303,139.0,2022-01-08 00:00:00,Acessórios,60.98,1.0,0.0,False,True,cartao,Sao Jose dos Campos,
985,1160.0,2024-08-05 00:00:00,Escritório,126.97,1.0,0.0,False,True,,Sao Jose dos aCmpos,cliente reclamou
6435,1348.0,2025-04-29 00:00:00,Escritório,132.08,1.0,0.0,False,True,boleto,CBTA,telefone inválido
3573,546.0,2025-01-23 00:00:00,Escritório,208.22,1.0,0.0,False,False,boleto,POA,Entrega atrasada
1811,592.0,2023-09-15 00:00:00,Escritório,166.14,1.0,0.05,False,True,pix,NITEROI,Entrega atrasada
2320,73.0,2023-10-20 00:00:00,Eletrônicos,508.08,1.0,0.3,False,True,cartao,campinas,ok
2110,404.0,2022-10-15 00:00:00,Escritório,142.99,1.0,0.0,False,True,cartao,SJC,cliente reclamou
3195,,2024-01-21 00:00:00,Alimentos,36.56,2.0,0.0,False,True,boleto,SP,cliente reclamou
2889,394.0,2024-06-22 00:00:00,Escritório,147.13,1.0,0.0,True,True,cartao,sao paulo centro,Entrega atrasada
4422,259.0,2023-01-14 00:00:00,Eletrônicos,926.03,2.0,0.0,False,True,dinheiro,SãoPaulo,telefone inválido
1816,1046.0,2029-12-25 00:00:00,Acessórios,68.28,1.0,0.0,False,True,cartao,sao paulo,ok
2125,983.0,2024-01-29 00:00:00,Eletrônicos,784.82,1.0,0.0,False,True,pix, HB  ,cliente reclamou
2799,318.0,2024-05-22 00:00:00,Móveis,594.89,1.0,0.1,False,True,pix,sjc,
5579,471.0,2024-02-22 00:00:00,Eletrônicos,2283.02,3.0,0.0,False,True,, belo horizonte,
3828,270.0,2023-01-31 00:00:00,Informática,1490.56,2.0,0.0,False,True,Cartão ,sp,Entrega atrasada
5220,617.0,2024-04-22 00:00:00,Alimentos,58.46,3.0,0.15,False,True,dinheiro,SAO PAULO,
11,656.0,2022-10-12 00:00:00,Informática,701.41,1.0,0.0,False,True,boleto,recife,ok
6626,1337.0,2023-06-04 00:00:00,,134.77,1.0,0.0,False,True,pix,Porto Alegre,Entrega atrasada
6656,821.0,2022-09-08 00:00:00,Acessórios,36.65,1.0,0.0,False,True,dinheiro,rio de janeiro,telefone inválido
2365,684.0,2024-09-03 00:00:00,Eletrônicos,374.73,1.0,0.1,False,True,pix,SP ,
3249,,2022-01-21 00:00:00,Eletrônicos,687.96,1.0,0.0,False,True,,Sao Jose dos Campos,Entrega atrasada
1320,580.0,2024-08-28 00:00:00,Informática,778.2,1.0,0.0,False,True,cartao,,Entrega atrasada
2375,180.0,2024-10-22 00:00:00,Eletrônicos,1545.01,2.0,0.0,False,True,Cartão ,Vila Velha,Entrega atrasada
3877,1000.0,2024-02-28 00:00:00,Acessórios,37.49,1.0,0.0,False,True,Cartão ,SP,
5114,734.0,2025-01-23 00:00:00,Alimentos,100.06,4.0,0.0,False,True,,zona sul,
2170,768.0,2025-04-05 00:00:00,Eletrônicos,627.02,1.0,0.0,False,True,boleto,Rio de Janeiro,cliente reclamou
4433,1114.0,2024-05-06 00:00:00,Acessórios,46.78,,0.1,False,True,Cartão ,CAMPINAS,cliente reclamou
3075,340.0,2025-07-11 00:00:00,Eletrônicos,934.83,1.0,0.0,False,True,,Fortaleza,cliente reclamou
5475,1135.0,2025-04-09 00:00:00,Acessórios,41.86,1.0,0.0,False,True,boleto,SP,telefone inválido
3622,1056.0,2022-01-14 00:00:00,Informática,706.09,1.0,0.0,False,True,pix,NITEROI,telefone inválido
6041,961.0,2023-08-19 00:00:00,,0.0,4.0,0.0,False,False,,Rio de Janeiro,
3148,897.0,2024-03-17 00:00:00,Eletrônicos,731.91,1.0,0.0,False,True,cartao,SALVADOR,telefone inválido
6740,536.0,2024-10-26 00:00:00,Alimentos,97.0,4.0,0.0,False,True,Cartão ,  Porto Alegre  ,ok
2636,270.0,2022-09-28 00:00:00,ACESSÓRIOS,44.32,1.0,0.15,False,True,dinheiro,,telefone inválido
5990,1135.0,2024-01-07 00:00:00,,604.72,1.0,0.0,False,True,cartao,Porto Alegre,
2018,375.0,2025-03-16 00:00:00,,2344.06,2.0,0.0,False,True,pix,Manaus,telefone inválido
4694,50.0,2022-02-15 00:00:00,Escritório,328.2,2.0,0.0,False,True,boleto,BH,cliente reclamou
1733,999.0,2025-09-24 00:00:00,Acessórios,55.56,1.0,0.0,False,True,,  SP,
1061,186.0,2024-08-25 00:00:00,Informática,2757.22,3.0,0.05,False,True,,recife,
4293,984.0,2025-08-23 00:00:00,Eletrônicos,652.68,1.0,0.0,False,False,dinheiro,goiania,telefone inválido
3149,1378.0,2023-12-27 00:00:00,Escritório,340.94,1.0,0.0,False,True,,são paulo,cliente reclamou
4378,172.0,2025-08-17 00:00:00,Eletrônicos,1387.98,2.0,0.0,False,True,,SAO PAULO CENTRO,
4530,477.0,2024-09-03 00:00:00,Eletrônicos,769.04,1.0,0.0,False,True,boleto,Curitiab,
5778,764.0,2029-12-25 00:00:00,Eletrônicos,716.51,1.0,0.0,False,True,dinheiro,POA,cliente reclamou
3820,1194.0,2025-04-12 00:00:00,Eletrônicos,639.01,1.0,0.0,False,True,dinheiro,bh,
353,853.0,2023-10-14 00:00:00,Brinquedos,94.92,2.0,0.0,False,True,,  Niteroi  ,cliente reclamou
1424,534.0,2022-06-20 00:00:00,Eletrônicos,528.13,1.0,0.0,False,True,cartao,Sao Paulo Centro,
2814,438.0,2023-07-30 00:00:00,Escritório,349.28,2.0,0.0,False,False,boleto, Vila Velha  ,Entrega atrasada
2147,122.0,2025-05-08 00:00:00,Informática,1049.88,1.0,0.0,False,True,cartao,  Rio de Janeiro,
514,421.0,2025-07-26 00:00:00,Informática,1761.35,2.0,0.0,False,True,Cartão ,Zona Sul,ok
2308,1024.0,2023-10-19 00:00:00,Escritório,169.19,1.0,0.0,True,True,cartao, BH ,telefone inválido
967,908.0,2022-07-27 00:00:00,Escritório,229.83,2.0,0.05,False,True,boleto,Interior,telefone inválido
2579,427.0,2025-09-29 00:00:00,Alimentos,71.42,3.0,0.0,False,True,,BH ,
3302,272.0,2024-11-28 00:00:00,Eletrônicos,755.98,1.0,0.0,False,True,,rio de janeiro,ok
4706,1051.0,2022-09-02 00:00:00,Eletrônicos,854.45,1.0,0.0,False,True,pix,Brasília,ok
5047,828.0,2025-02-27 00:00:00,Informática,6007.61,5.0,0.0,False,True,,  Zona Sul,
5571,88.0,2023-10-11 00:00:00,Informática,1268.32,1.0,0.0,False,True,, RIO DE JANEIRO  ,telefone inválido
3870,169.0,2024-03-06 00:00:00,Informática,961.54,1.0,0.15,False,True,dinheiro,sao paulo centro,Entrega atrasada
6908,522.0,2022-07-09 00:00:00,Móveis,656.0,1.0,0.0,False,True,Cartão ,Brasília,
5421,962.0,2025-01-19 00:00:00,Escritório,179.6,1.0,0.0,False,True,,RJ,ok
2406,922.0,2025-10-05 00:00:00,Informática,896.23,1.0,0.0,False,True,boleto,SÃO PAULO,cliente reclamou
853,793.0,2025-02-25 00:00:00,Brinquedos,280.76,4.0,0.0,False,False,,,cliente reclamou
4480,877.0,2025-09-20 00:00:00,Eletrônicos,708.78,1.0,0.1,False,True,cartao,São Paulo,
2219,27.0,2022-08-01 00:00:00,Eletrônicos,466.22,1.0,0.0,False,False,boleto,zona sul,ok
1286,862.0,2024-08-19 00:00:00,Alimentos,119.74,6.0,0.0,False,True,boleto,  RIO DE JANEIRO,ok
5526,609.0,2022-07-23 00:00:00,Eletrônicos,1038.5,2.0,0.0,False,True,pix,BH,cliente reclamou
6741,220.0,2022-02-13 00:00:00,Informática,945.16,1.0,0.0,False,True,Cartão ,SJC,cliente reclamou
6159,949.0,2022-12-30 00:00:00,Eletrônicos,1606.93,2.0,0.0,False,True,boleto,,cliente reclamou
4644,1151.0,2023-04-02 00:00:00,Escritório,168.0,1.0,0.0,False,True,,SP,telefone inválido
2789,251.0,2023-01-05 00:00:00,Alimentos,40.61,4.0,0.0,False,True,boleto,RIO DE JANEIRO,
6894,1404.0,2024-10-13 00:00:00,Brinquedos,147.04,2.0,0.0,False,True,cartao,NITEROI,ok
6780,496.0,2023-08-28 00:00:00,Móveis,3552.14,3.0,0.0,False,True,,são paulo,ok
6467,60.0,2023-02-17 00:00:00,Acessórios,45.15,1.0,0.0,False,True,pix,CTBA,
5996,750.0,2025-08-07 00:00:00,Escritório,174.28,1.0,0.0,False,True,pix,Zona Sul,
127,1338.0,2023-12-18 00:00:00,Eletrônicos,1209.58,,0.0,False,True,boleto, Sao Jose do sCampos  ,ok
5538,18.0,2024-10-14 00:00:00,Escritório,700.45,3.0,0.0,False,True,boleto,SÃO PAULO,cliente reclamou
3258,966.0,2022-02-17 00:00:00,Acessórios,65.8,1.0,0.0,False,True,boleto,Interior,ok
2248,51.0,2025-09-06 00:00:00,Informática,2245.74,2.0,0.0,False,False,cartao,RJ,
1635,1000.0,2025-07-21 00:00:00,Acessórios,37.61,1.0,0.0,False,True,Cartão ,SJC,cliente reclamou
2936,578.0,2024-02-07 00:00:00,Brinquedos,107.05,3.0,0.0,False,True,Cartão ,sãoapulo,cliente reclamou
4087,39.0,2022-11-27 00:00:00,Eletrônicos,722.62,1.0,0.0,False,True,boleto,NITEROI,telefone inválido
6732,765.0,2024-02-13 00:00:00,Alimentos,73.38,3.0,0.05,False,True,dinheiro,Camipnas,
2939,993.0,2023-12-29 00:00:00,Eletrônicos,2151.43,4.0,0.3,False,True,boleto, Interior ,
6919,528.0,2022-11-04 00:00:00,Alimentos,83.01,3.0,0.0,False,True,dinheiro,São Paulo,ok
6629,164.0,2024-02-15 00:00:00,Informática,2331.98,2.0,0.0,False,True,Cartão ,SP,
3191,256.0,2024-06-18 00:00:00,Escritório,345.56,2.0,0.0,False,True,dinheiro,NITEROI,
3003,1063.0,2022-02-07 00:00:00,Eletrônicos,1761.1,3.0,0.0,False,False,,Porto Alegre,telefone inválido
1930,776.0,2024-11-16 00:00:00,Escritório,191.53,1.0,0.0,False,True,boleto,SJC,
3744,1195.0,2023-05-09 00:00:00,Informática,1240.75,2.0,0.0,False,True,boleto,Niterói,
2041,1034.0,2022-05-08 00:00:00,Escritório,218.22,2.0,0.3,False,True,boleto,belo horizonte,Entrega atrasada
5323,605.0,2022-09-11 00:00:00,Informática,877.09,1.0,0.0,False,True,,INTERIOR,Entrega atrasada
2385,906.0,2022-04-15 00:00:00,Escritório,292.99,2.0,0.0,False,True,cartao,CAMPINAS,telefone inválido
4244,,2023-12-03 00:00:00,,288.71,1.0,0.0,False,True,cartao,,cliente reclamou
5715,744.0,2023-07-02 00:00:00,Eletrônicos,963.1,1.0,0.0,True,True,,tcba,cliente reclamou
6998,474.0,2025-05-20 00:00:00,Escritório,349.11,2.0,0.0,False,True,Cartão ,niterói,cliente reclamou
470,1034.0,2024-11-07 00:00:00,Eletrônicos,780.07,1.0,0.0,False,True,,bh,
1388,782.0,2025-01-06 00:00:00,Acessórios,50.86,1.0,0.0,False,True,pix,Porto Alegre,cliente reclamou
4746,229.0,2022-02-17 00:00:00,Eletrônicos,708.95,1.0,0.0,False,True,cartao,NITERÓI,
4702,1370.0,2025-03-30 00:00:00,Eletrônicos,681.71,1.0,0.0,False,True,Cartão ,Sao Paulo  ,
1803,1172.0,2023-05-31 00:00:00,Escritório,801.09,,0.0,False,True,boleto, SALVADOR ,telefone inválido
6383,1001.0,2023-11-12 00:00:00,Móveis,2133.08,1.0,0.0,False,True,cartao,Recife,Entrega atrasada
4826,620.0,2023-09-22 00:00:00,Eletrônicos,384.81,1.0,0.0,False,True,Cartão ,sp,ok
3177,400.0,2023-06-26 00:00:00,Informática,9999999.99,-3.0,0.0,False,True,boleto,POA,ok
2016,204.0,2025-05-18 00:00:00,Informática,989.97,1.0,0.0,False,True,pix,,telefone inválido
643,101.0,2023-04-10 00:00:00,Informática,750.52,1.0,0.0,False,True,,POA,cliente reclamou
6825,626.0,2023-01-31 00:00:00,Acessórios,160.33,3.0,0.0,False,True,pix,sao jose dos campos,
1486,549.0,2023-05-06 00:00:00,Acessórios,63.69,1.0,0.0,False,True,dinheiro,RECIFE,
2336,549.0,2023-11-24 00:00:00,Eletrônicos,0.0,,0.0,False,True,pix,POA,ok
3349,620.0,2024-10-09 00:00:00,Alimentos,95.78,4.0,0.0,False,True,,  ,telefone inválido
6469,189.0,2023-06-07 00:00:00,Acessórios,86.57,2.0,0.0,False,True,pix,  ,telefone inválido
4177,610.0,2022-03-11 00:00:00,Eletrônicos,719.7,1.0,0.0,False,True,dinheiro,Fortaleza,
2269,310.0,2024-02-08 00:00:00,Escritório,197.04,1.0,0.0,False,True,dinheiro,  Goiania ,cliente reclamou
5435,698.0,2024-07-12 00:00:00,Informática,1757.07,2.0,0.0,False,True,pix,RJ,telefone inválido
3303,1460.0,2022-03-29 00:00:00,Brinquedos,38.52,1.0,0.3,False,True,cartao,Goiania,Entrega atrasada
5636,1074.0,2024-01-28 00:00:00,Informática,761.44,1.0,0.0,False,True,dinheiro,Goiania,
4873,419.0,2024-03-03 00:00:00,Acessórios,31.8,1.0,0.0,False,True,Cartão ,Zona Sul,
5969,10.0,2025-04-04 00:00:00,Eletrônicos,684.39,1.0,0.0,False,True,cartao,,ok
4412,1252.0,2024-02-27 00:00:00,Acessórios,44.15,1.0,0.0,False,True,,Zona Sul,
4903,605.0,2024-12-10 00:00:00,Informática,1127.31,,0.0,False,True,cartao,rio de janeiro,
5806,1116.0,2024-03-10 00:00:00,Alimentos,112.7,4.0,0.0,False,True,pix,RECIFE,Entrega atrasada
949,485.0,2023-06-15 00:00:00,Brinquedos,348.78,5.0,0.0,False,True,Cartão ,  RIO ,telefone inválido
1143,1119.0,2025-01-01 00:00:00,Acessórios,53.2,1.0,0.0,False,True,,Recife,telefone inválido
1581,1078.0,2024-01-28 00:00:00,Informática,1104.61,1.0,0.0,False,True,Cartão ,Sao Paulo Centro,ok
6224,183.0,2022-07-18 00:00:00,Escritório,160.7,1.0,0.0,False,True,pix,Zona Sul,
4867,883.0,2025-03-05 00:00:00,Informática,932.99,1.0,0.0,False,True,dinheiro,brasília,
88,26.0,2022-02-21 00:00:00,Eletrônicos,1153.31,2.0,0.0,False,True,pix,Niterói,
548,960.0,2022-10-31 00:00:00,Escritório,9999999.99,-3.0,0.0,False,True,,interior,
2891,511.0,2023-04-02 00:00:00,Informática,870.01,1.0,0.0,False,True,,  ,Entrega atrasada
6803,703.0,2023-01-11 00:00:00,Informática,1108.01,1.0,0.0,False,True,,Foratleza,Entrega atrasada
5059,68.0,2025-05-02 00:00:00,Informática,886.19,1.0,0.0,False,True,dinheiro,Brasília,
524,211.0,2024-07-20 00:00:00,Acessórios,34.95,1.0,0.0,False,True,Cartão ,Sao Jose dos Campos,telefone inválido
3903,736.0,2023-06-28 00:00:00,Escritório,483.56,2.0,0.0,False,True,cartao,BH,Entrega atrasada
2321,419.0,2025-03-20 00:00:00,Móveis,1016.05,1.0,0.15,False,True,boleto,rio de janeiro,
2494,565.0,2024-10-06 00:00:00,Eletrônicos,407.35,1.0,0.05,True,True,cartao,zona sul  ,Entrega atrasada
2396,208.0,2025-07-16 00:00:00,Móveis,1519.67,1.0,0.0,False,True,pix,Rio de Janeiro,Entrega atrasada
3275,936.0,2024-03-14 00:00:00,Eletrônicos,799.76,1.0,0.15,False,True,Cartão ,Vila Velha,
3865,424.0,2022-07-15 00:00:00,Eletrônicos,532.72,1.0,0.05,False,True,dinheiro,  são paulo,
6115,455.0,2022-08-31 00:00:00,Eletrônicos,2596.33,3.0,0.0,False,True,dinheiro,Niterói,telefone inválido
2984,98.0,2024-02-16 00:00:00,Acessórios,104.84,3.0,0.0,False,True,Cartão ,  BH  ,
5155,670.0,2024-04-29 00:00:00,Móveis,1076.89,1.0,0.0,False,True,Cartão ,RJ,Entrega atrasada
5297,583.0,2023-10-30 00:00:00,Eletrônicos,635.94,1.0,0.0,False,True,dinheiro,RECIFE,telefone inválido
5078,686.0,2024-11-03 00:00:00,Móveis,988.36,1.0,0.1,False,True,boleto,sp,Entrega atrasada
5093,241.0,2023-06-09 00:00:00,Eletrônicos,898.3,1.0,0.0,False,True,pix, Zona Sul,ok
1040,288.0,2022-11-30 00:00:00,Brinquedos,242.03,4.0,0.0,False,True,,CURITIBA,
5800,764.0,2023-05-08 00:00:00,,1712.98,2.0,0.05,False,True,cartao,INTERIOR,cliente reclamou
45,95.0,2025-10-28 00:00:00,Móveis,1096.01,1.0,0.0,False,True,boleto,Fortaleza,cliente reclamou
2285,449.0,2022-02-18 00:00:00,Brinquedos,287.75,3.0,0.0,False,True,dinheiro,NITERÓI,cliente reclamou
6361,135.0,2023-07-27 00:00:00,Brinquedos,110.63,2.0,0.0,False,True,cartao,POA,telefone inválido
6764,1031.0,2025-03-19 00:00:00,Eletrônicos,1412.49,2.0,0.0,False,True,,ZONA SUL,ok
2079,88.0,2024-03-29 00:00:00,Escritório,312.18,2.0,0.0,True,True,cartao,SAO PAULO CENTRO,telefone inválido
2776,31.0,2022-05-18 00:00:00,Escritório,182.06,1.0,0.0,False,True,pix,SÃO PAULO,cliente reclamou
113,855.0,2025-10-28 00:00:00,Alimentos,136.99,5.0,0.0,False,True,Cartão ,RIO DE JANEIRO,telefone inválido
2130,1081.0,2022-11-07 00:00:00,Acessórios,36.53,1.0,0.15,False,True,dinheiro,Curitiba,telefone inválido
5590,353.0,2024-12-29 00:00:00,Móveis,1683.37,1.0,0.0,False,True,,  CTBA  ,telefone inválido
5213,1110.0,2024-08-27 00:00:00,Eletrônicos,840.39,1.0,0.0,False,True,pix,são paulo,
1933,405.0,2029-12-25 00:00:00,Eletrônicos,625.61,1.0,0.0,False,True,boleto,BH,Entrega atrasada
2492,755.0,2022-08-15 00:00:00,Informática,969.35,1.0,0.0,False,True,dinheiro,Sao Jose dos Campos,
3528,732.0,2023-05-29 00:00:00,Eletrônicos,591.43,1.0,0.3,False,True,dinheiro,SALVADOR,ok
3031,1105.0,2025-02-12 00:00:00,Brinquedos,111.89,2.0,0.0,False,True,dinheiro,Brasilia,ok
2624,385.0,2022-08-18 00:00:00,Móveis,779.62,1.0,0.0,False,True,dinheiro,,
2317,461.0,2025-03-06 00:00:00,Escritório,105.96,1.0,0.0,False,True,pix, Sao Paulo Centro  ,
4384,74.0,2022-07-30 00:00:00,Escritório,149.18,2.0,0.0,False,True,cartao,GOIANIA,Entrega atrasada
832,231.0,2023-10-18 00:00:00,Eletrônicos,1193.0,2.0,0.1,False,True,pix, Manaus,
4576,820.0,2022-10-05 00:00:00,Escritório,207.81,1.0,0.0,False,True,cartao,Belo Horizonte ,
4655,258.0,2023-08-12 00:00:00,Eletrônicos,3357.95,3.0,0.0,False,True,pix,SP,
3415,772.0,2025-10-02 00:00:00,Eletrônicos,604.06,1.0,0.0,False,True,cartao,RIO,
5058,643.0,2023-02-30,Informática,757.99,1.0,0.0,False,True,Cartão ,Niteroi,telefone inválido
2668,1416.0,2023-06-20 00:00:00,Eletrônicos,732.15,1.0,0.0,False,True,,  São Paulo ,
729,967.0,2024-09-12 00:00:00,Informática,1731.1,2.0,0.0,False,True,pix,Vila Velha,ok
4261,567.0,2023-12-02 00:00:00,Escritório,144.72,1.0,0.0,False,True,Cartão ,poa,telefone inválido
2564,760.0,2025-10-25 00:00:00,Informática,1422.69,1.0,0.0,False,True,dinheiro,SÃO PAULO,
4020,701.0,2023-03-15 00:00:00,Alimentos,34.15,2.0,0.0,False,True,dinheiro,Goiania,cliente reclamou
671,834.0,2023-10-19 00:00:00,Informática,1523.97,2.0,0.0,False,True,cartao,Curitiba,cliente reclamou
1746,172.0,2022-06-17 00:00:00,Móveis,2291.39,0.0,2.0,False,True,cartao,zona sul,ok
909,574.0,2023-04-28 00:00:00,Brinquedos,0.0,2.0,0.0,False,True,pix,rio de janeiro,telefone inválido
5717,336.0,2025-01-17 00:00:00,Acessórios,109.12,2.0,0.0,False,True,Cartão ,RJ,
3342,835.0,2024-01-31 00:00:00,Alimentos,0.0,3.0,0.0,False,True,boleto,Sao Paulo,Entrega atrasada
6324,381.0,2023-11-05 00:00:00,Acessórios,42.88,1.0,0.0,False,True,,Rio,ok
3180,3.0,2022-10-11 00:00:00,Eletrônicos,722.65,1.0,0.0,False,True,Cartão ,Gioania,
5988,994.0,2023-11-15 00:00:00,Acessórios,266.4,4.0,0.0,False,True,,brasília,Entrega atrasada
5033,877.0,2025-09-08 00:00:00,Eletrônicos,1521.05,2.0,0.0,False,True,cartao,Belo Horizonte,telefone inválido
1153,286.0,2022-07-25 00:00:00,Escritório,0.0,1.0,0.0,False,True,dinheiro,FOTRALEZA,Entrega atrasada
929,1075.0,2022-04-06 00:00:00,Eletrônicos,1883.89,3.0,0.0,False,True,boleto, b h,
2329,148.0,2025-01-30 00:00:00,Móveis,4976.43,5.0,0.0,False,True,dinheiro,Recife,
1064,302.0,2022-03-27 00:00:00,Informática,1487.52,1.0,0.0,False,True,boleto,rio de janeiro,telefone inválido
2710,99.0,2025-04-29 00:00:00,Eletrônicos,872.85,1.0,0.0,False,True,,Belo Horizonte,Entrega atrasada
1083,1007.0,2023-12-07 00:00:00,Eletrônicos,644.92,1.0,0.0,False,True,Cartão , FORTALEZA  ,Entrega atrasada
866,494.0,2024-05-01 00:00:00,Alimentos,26.43,1.0,0.0,False,True,dinheiro,Interior,Entrega atrasada
2698,964.0,2025-06-27 00:00:00,Eletrônicos,603.39,1.0,0.0,False,True,Cartão ,Salvador,
3024,,2024-04-23 00:00:00,Eletrônicos,856.28,1.0,0.0,False,True,,Vila Velha,
2755,75.0,2023-05-06 00:00:00,Eletrônicos,1151.18,2.0,0.0,False,True,boleto,BH,telefone inválido
5787,1475.0,2022-10-25 00:00:00,Eletrônicos,0.0,1.0,0.0,False,True,,,ok
3887,977.0,2025-10-17 00:00:00,Escritório,208.59,1.0,0.0,False,True,dinheiro,Sao Paulo,telefone inválido
4407,221.0,2023-01-05 00:00:00,Brinquedos,121.39,2.0,0.0,False,True,dinheiro,BH,ok
5821,144.0,2022-12-27 00:00:00,Eletrônicos,755.25,1.0,0.0,False,True,boleto,goiania,
4080,815.0,2023-02-16 00:00:00,Móveis,1416.01,1.0,0.0,False,True,boleto,RJ,telefone inválido
4766,230.0,2025-03-31 00:00:00,Alimentos,139.1,6.0,0.0,False,True,dinheiro,Rio de Janeiro,
4132,721.0,2023-04-01 00:00:00,Alimentos,122.82,4.0,0.0,False,True,pix,  VILA VELHA ,ok
3876,1113.0,2022-08-16 00:00:00,Acessórios,66.39,2.0,0.05,False,True,,Camipnas,
6758,1121.0,2024-04-23 00:00:00,Escritório,181.96,1.0,0.0,False,True,Cartão ,Zona Sul,
413,979.0,2023-09-26 00:00:00,Informática,764.37,1.0,0.0,False,True,dinheiro,CAMPINAS,ok
2565,224.0,2023-10-06 00:00:00,Informática,4099.4,4.0,0.0,False,True,, NITERÓI  ,
176,814.0,2022-03-27 00:00:00,Eletrônicos,1083.5,2.0,0.0,False,True,cartao,POA,Entrega atrasada
1174,166.0,2025-10-01 00:00:00,Eletrônicos,1311.44,2.0,0.1,False,True,cartao,Niteroi  ,
579,381.0,2023-01-06 00:00:00,Alimentos,25.04,1.0,0.0,False,True,cartao,oZna Sul,cliente reclamou
1221,1482.0,2022-09-28 00:00:00,Informática,3289.07,3.0,0.0,False,True,,Salvador,ok
5867,430.0,2022-04-22 00:00:00,Eletrônicos,1570.32,3.0,0.0,False,True,Cartão ,manaus,
2535,17.0,2024-08-10 00:00:00,Acessórios,124.41,2.0,0.0,False,True,boleto,,ok
5104,433.0,2023-10-11 00:00:00,Escritório,370.43,2.0,0.0,False,True,dinheiro,salvador  ,
5451,1383.0,2023-02-23 00:00:00,Escritório,349.89,2.0,0.0,False,True,pix,Manaus  ,cliente reclamou
6592,1320.0,2024-02-05 00:00:00,Brinquedos,170.75,2.0,0.0,False,True,dinheiro,FORTALEZA,cliente reclamou
133,18.0,2022-03-14 00:00:00,Acessórios,0.0,1.0,0.0,False,True,pix,vila velha,cliente reclamou
5528,1339.0,2024-07-23 00:00:00,Acessórios,42.86,1.0,0.0,False,True,,Campinas,Entrega atrasada
3381,537.0,2022-05-09 00:00:00,Eletrônicos,1328.52,2.0,0.1,False,True,dinheiro,Belo Horizonte,Entrega atrasada
4811,1018.0,2024-08-14 00:00:00,Escritório,236.99,1.0,0.0,False,True,dinheiro,SJC,ok
561,1083.0,2023-03-23 00:00:00,Acessórios,0.0,1.0,0.0,False,True,pix,bh,
2557,718.0,2025-03-14 00:00:00,Informática,1063.03,1.0,0.0,False,True,cartao, salvdaor  ,Entrega atrasada
1013,172.0,2022-04-10 00:00:00,Informática,1045.89,1.0,0.0,False,True,,VILA VELAH,
6398,548.0,2023-05-22 00:00:00,Eletrônicos,1974.56,3.0,0.0,False,True,cartao,SJC,Entrega atrasada
1741,319.0,2025-06-10 00:00:00,Informática,661.44,1.0,0.0,False,True,Cartão ,Belo Horizonte,
3633,4.0,2025-05-01 00:00:00,Informática,1930.34,2.0,0.05,False,True,boleto,sjc,Entrega atrasada
1139,1460.0,2025-05-26 00:00:00,Eletrônicos,799.83,2.0,0.0,False,True,pix,bh  ,cliente reclamou
2249,476.0,2023-03-09 00:00:00,Eletrônicos,837.49,2.0,0.3,True,True,pix,FORTALZEA,cliente reclamou
439,309.0,2025-02-23 00:00:00,Alimentos,16.31,1.0,0.0,False,True,dinheiro,niterói,ok
3874,214.0,2029-12-25 00:00:00,Brinquedos,147.14,2.0,0.0,False,True,,Sao Paulo Centro,telefone inválido
6881,402.0,2025-01-14 00:00:00,Escritório,223.79,1.0,0.0,False,True,pix,  SÃO PAULO  ,cliente reclamou
5228,710.0,2022-02-07 00:00:00,Alimentos,121.22,6.0,0.0,False,False,dinheiro,Goiania,
4917,1192.0,2023-02-22 00:00:00,Escritório,198.71,1.0,0.1,False,True,boleto,Rio de Janeiro,ok
6710,446.0,2024-06-21 00:00:00,Informática,1177.01,1.0,0.0,False,True,cartao,SJC,telefone inválido
5359,1483.0,2023-02-27 00:00:00,Escritório,595.28,3.0,0.0,False,True,Cartão ,SJC,
52,569.0,2025-04-25 00:00:00,Informática,1284.43,1.0,0.0,False,True,Cartão ,Vila Velha ,telefone inválido
5980,1239.0,2022-11-17 00:00:00,Brinquedos,308.83,6.0,0.0,False,True,,sp,ok
2090,197.0,2023-03-14 00:00:00,Eletrônicos,776.02,1.0,0.0,False,True,boleto,sao paulo,cliente reclamou
5593,104.0,2023-08-05 00:00:00,Brinquedos,161.22,3.0,0.0,False,True,,Sao Paulo,cliente reclamou
6261,273.0,2025-01-01 00:00:00,Alimentos,126.68,8.0,0.0,False,True,Cartão ,Sao Jose dos Campos,
3698,834.0,2022-03-07 00:00:00,Eletrônicos,914.29,1.0,0.0,False,True,dinheiro,NITEROI,ok
2034,716.0,2025-07-08 00:00:00,Eletrônicos,720.75,1.0,0.0,False,True,pix,Porto lAegre,Entrega atrasada
6823,1047.0,2022-10-28 00:00:00,Informática,874.95,1.0,0.0,False,True,pix,fortaleza,telefone inválido
5201,530.0,2024-04-20 00:00:00,Escritório,112.69,1.0,0.0,False,True,, recife,Entrega atrasada
5221,1087.0,2022-01-07 00:00:00,Alimentos,106.18,4.0,0.0,False,True,,Porto Alegre,Entrega atrasada
6540,1019.0,2023-06-26 00:00:00,Acessórios,243.81,,0.0,False,True,cartao,São Paulo,
981,931.0,2023-02-30,Acessórios,64.34,1.0,0.0,False,True,cartao,Niterói,cliente reclamou
4258,723.0,2022-11-23 00:00:00,Móveis,1298.23,1.0,0.0,False,True,cartao,SP,Entrega atrasada
3120,623.0,2023-02-09 00:00:00,Escritório,141.17,1.0,0.0,False,True,cartao,Sao Paulo,
4296,977.0,2023-01-01 00:00:00,,2185.19,2.0,0.0,False,True,,SP,telefone inválido
3211,512.0,2023-06-02 00:00:00,Brinquedos,0.0,4.0,0.0,False,True,cartao,  porto alegre  ,Entrega atrasada
2791,368.0,2025-05-05 00:00:00,Acessórios,181.44,3.0,0.1,False,True,Cartão ,Sao Jose dos Campos,Entrega atrasada
1264,1238.0,2025-01-24 00:00:00,Informática,615.75,1.0,0.0,False,True,cartao,salvador,telefone inválido
53,1367.0,2023-06-07 00:00:00,Escritório,163.22,1.0,0.0,False,True,pix,  ,telefone inválido
2087,214.0,2023-05-19 00:00:00,Brinquedos,94.4,2.0,0.0,False,True,cartao,SJC,cliente reclamou
197,,2022-03-10 00:00:00,Informática,1663.69,1.0,0.0,False,True,,niteroi,
623,829.0,2023-10-18 00:00:00,Brinquedos,435.0,5.0,0.0,False,True,dinheiro,rio,ok
4804,159.0,2024-10-10 00:00:00,Acessórios,152.32,3.0,0.05,False,True,pix,ZONA SUL,telefone inválido
801,1301.0,2025-10-25 00:00:00,Eletrônicos,549.03,1.0,0.0,False,True,, RIO DE JANEIRO ,cliente reclamou
6534,118.0,2023-07-22 00:00:00,Eletrônicos,702.52,,0.0,False,True,,bh,
6053,954.0,2024-04-22 00:00:00,Eletrônicos,1539.34,2.0,0.0,False,True,cartao, SÃO PAULO,telefone inválido
3565,15.0,2025-09-26 00:00:00,Eletrônicos,1564.32,2.0,0.0,False,True,Cartão ,telefone inválido,MANAUS
1092,655.0,2024-10-15 00:00:00,Eletrônicos,725.02,1.0,0.0,False,True,cartao,Recife,
6189,882.0,2023-05-06 00:00:00,ESCRITÓRIO,123.67,1.0,0.0,False,True,, Niteroi,ok
6275,1194.0,2023-03-08 00:00:00,Alimentos,58.59,4.0,0.0,False,True,cartao,  Port oAlegre  ,ok
5974,1179.0,2024-12-29 00:00:00,Eletrônicos,748.07,1.0,0.0,False,True,boleto,SAO JOSE DOS CAMPOS,ok
2286,192.0,2022-09-29 00:00:00,Móveis,2754.58,2.0,0.0,False,True,boleto,bh,
1154,620.0,2023-03-02 00:00:00,Informática,710.49,1.0,0.3,False,True,dinheiro, CTAB,cliente reclamou
3307,518.0,2024-03-21 00:00:00,Brinquedos,272.15,3.0,0.0,False,True,dinheiro,,
5206,1192.0,2023-02-24 00:00:00,Móveis,1786.68,1.0,0.0,False,True,Cartão ,  são paulo,
3048,488.0,2023-01-31 00:00:00,Informática,1122.27,1.0,0.0,False,True,,rio,telefone inválido
4241,929.0,2025-09-09 00:00:00,Brinquedos,279.42,3.0,0.15,False,True,,BELO HORIZONTE,
6450,440.0,2022-02-20 00:00:00,Acessórios,42.4,1.0,0.0,False,True,cartao,SÃO PAULO,telefone inválido
3012,345.0,2023-04-22 00:00:00,Acessórios,65.86,1.0,0.0,False,True,,BRASÍLIA,
4591,1002.0,2024-10-06 00:00:00,Alimentos,56.04,2.0,0.0,False,True,pix,RJ,
1913,737.0,2022-07-30 00:00:00,Informática,824.61,,0.0,False,True,Cartão ,BH,ok
1415,634.0,2022-05-06 00:00:00,Eletrônicos,382.24,1.0,0.0,False,True,pix,ZONA SUL,
1918,714.0,2022-03-06 00:00:00,Alimentos,24.48,2.0,0.0,False,True,cartao,  rio  ,Entrega atrasada
1240,,2029-12-25 00:00:00,Escritório,327.7,1.0,0.05,False,True,dinheiro,porto alegre,ok
696,155.0,2022-07-08 00:00:00,Informática,930.64,1.0,0.0,False,True,pix,curitiba,telefone inválido
6090,217.0,2024-02-27 00:00:00,Escritório,534.85,2.0,0.0,False,True,Cartão ,,ok
4090,901.0,2024-11-17 00:00:00,Eletrônicos,3484.62,3.0,0.1,False,True,,curitiba ,
3306,1200.0,2024-01-17 00:00:00,Alimentos,137.33,6.0,0.0,False,True,,RIO,ok
5678,376.0,2023-11-15 00:00:00,Alimentos,68.15,2.0,0.0,False,True,Cartão ,Niterói,
577,952.0,2025-03-12 00:00:00,Eletrônicos,2120.04,3.0,0.0,False,True,Cartão ,SAO JOSE DOS CAMPOS,Entrega atrasada
3393,,2022-07-28 00:00:00,Eletrônicos,640.55,1.0,0.0,False,True,Cartão ,curitiba,
3523,788.0,2023-01-03 00:00:00,Brinquedos,394.94,5.0,0.0,False,True,pix,SAO PAULO CENTRO,
5611,113.0,2023-10-23 00:00:00,Móveis,900.96,1.0,0.0,False,True,pix,BELO HORIZONTE,
3037,,2023-10-03 00:00:00,Alimentos,104.92,6.0,0.15,False,True,pix,Interior ,telefone inválido
205,1398.0,2025-09-14 00:00:00,Acessórios,40.36,1.0,0.0,False,True,pix,SP,telefone inválido
3099,609.0,2024-02-19 00:00:00,Escritorio,193.87,1.0,0.0,False,False,dinheiro,rio,
701,978.0,2023-10-31 00:00:00,Informática,9999999.99,-3.0,0.0,False,True,,niteori,
563,1354.0,2023-08-27 00:00:00,Acessórios,39.25,1.0,0.0,False,True,dinheiro, VILA VELHA ,cliente reclamou
5334,1109.0,2022-08-21 00:00:00,,0.0,1.0,0.0,False,True,boleto,rj,ok
5126,105.0,2022-01-16 00:00:00,Informática,994.74,1.0,0.0,False,True,cartao,RECIFE,
3165,528.0,2022-05-22 00:00:00,Informática,2278.25,2.0,0.0,False,True,cartao, BELO HORIZONTE  ,telefone inválido
3375,1200.0,2022-06-27 00:00:00,Eletrônicos,792.89,1.0,0.0,False,True,,porto alegre,
340,1017.0,2022-03-20 00:00:00,Escritório,372.25,2.0,0.0,False,True,,manaus,telefone inválido
5496,385.0,2024-03-28 00:00:00,Informática,910.98,1.0,0.0,False,True,, CTBA ,telefone inválido
2157,282.0,2023-05-08 00:00:00,Brinquedos,66.84,1.0,0.0,False,True,dinheiro,Vila Velha,
4417,163.0,2024-03-10 00:00:00,Móveis,1743.25,1.0,0.0,False,True,,Recife,
6312,1181.0,2024-03-28 00:00:00,Brinquedos,126.75,2.0,0.0,False,True,,Niteroi ,
4638,970.0,2024-11-05 00:00:00,Alimentos,133.84,5.0,0.0,False,True,cartao,BH,ok
2717,,2024-04-07 00:00:00,Escritório,264.0,1.0,0.0,False,True,,  Manaus,
5469,401.0,2024-11-29 00:00:00,Escritório,457.35,2.0,0.0,False,True,boleto,Sao Paulo Centro,telefone inválido
6671,1450.0,2025-05-21 00:00:00,Alimentos,59.79,3.0,0.0,False,True,boleto,Vila Velha,
5906,376.0,2023-07-21 00:00:00,Móveis,1378.46,1.0,0.1,False,True,cartao,rio de janeiro,telefone inválido
5750,1093.0,2024-09-10 00:00:00,Acessórios,37.19,1.0,0.0,False,True,pix,SP,
223,944.0,2024-08-18 00:00:00,Acessórios,46.03,1.0,0.0,False,True,,vila velha,cliente reclamou
1934,,2023-02-04 00:00:00,,59.6,1.0,0.0,False,True,boleto,  SJC,ok
4838,566.0,2025-06-26 00:00:00,Escritório,185.35,1.0,0.0,False,True,dinheiro,Vila Velha,ok
4503,755.0,2022-06-09 00:00:00,Acessórios,212.66,3.0,0.0,False,True,Cartão ,bh,
427,1132.0,2025-08-10 00:00:00,Escritório,180.91,1.0,0.0,False,True,,BELO HORIZONTE,cliente reclamou
947,710.0,2022-07-02 00:00:00,Informática,1036.42,1.0,0.0,False,True,,BH,
1292,854.0,2023-01-25 00:00:00,Informática,1453.48,2.0,0.0,False,True,,SÃOPAULO,ok
3325,839.0,2023-06-02 00:00:00,Informática,4352.82,,0.0,False,True,,Sao Paulo Centro,Entrega atrasada
6695,932.0,2022-05-27 00:00:00,Escritório,175.4,1.0,0.0,False,True,boleto,Sao Jose dos Campos,ok
676,1321.0,2022-12-07 00:00:00,Alimentos,61.16,2.0,0.0,False,True,,Porto Alegre,telefone inválido
3563,111.0,2025-09-08 00:00:00,Móveis,1358.04,1.0,0.0,False,True,Cartão ,sa opaulo,
692,175.0,2022-07-04 00:00:00,Acessórios,49.38,1.0,0.0,False,True,cartao,SP,
241,838.0,2025-05-26 00:00:00,Acessórios,54.2,,0.0,False,True,boleto,Brasíila,ok
168,369.0,2024-11-05 00:00:00,Informática,1173.68,1.0,0.1,False,True,dinheiro,Sao Paulo,
2399,57.0,2024-02-22 00:00:00,Móveis,1706.26,2.0,0.0,False,True,Cartão ,,
3807,484.0,2023-05-26 00:00:00,Acessórios,22.57,1.0,0.0,False,True,dinheiro,vila velha,ok
6735,782.0,2025-06-09 00:00:00,Informática,1992.09,4.0,0.0,False,True,dinheiro,Sao Jose dosC ampos,telefone inválido
4022,1461.0,2022-11-30 00:00:00,Eletrônicos,885.52,,0.0,False,True,boleto,RIO DE JANEIRO,
6637,601.0,2024-03-24 00:00:00,Informática,916.3,1.0,0.0,False,True,pix,,ok
4376,52.0,2024-08-27 00:00:00,Eletrônicos,887.0,1.0,0.0,False,True,boleto,  Salvador,ok
652,504.0,2025-07-23 00:00:00,Eletrônicos,700.52,1.0,0.0,False,True,,SP ,
6617,81.0,2025-05-12 00:00:00,Alimentos,46.26,3.0,0.0,False,True,,sao paulo centro,
5477,1152.0,2025-05-13 00:00:00,Eletrônicos,649.74,1.0,0.15,False,True,cartao,RIO,Entrega atrasada
907,983.0,2024-09-21 00:00:00,Escritório,171.68,1.0,0.0,False,True,,SALVADOR,
1206,565.0,2023-12-05 00:00:00,Eletrônicos,2435.76,,0.0,False,True,Cartão ,sp,cliente reclamou
4617,1396.0,2024-08-09 00:00:00,Eletrônicos,469.1,1.0,0.0,False,True,dinheiro,BRASÍLIA,ok
3616,652.0,2024-02-04 00:00:00,Móveis,2994.21,2.0,0.0,False,True,pix,rio de janeior,ok
4904,960.0,2023-09-09 00:00:00,Acessórios,104.42,2.0,0.0,False,True,Cartão ,RIO,Entrega atrasada
758,825.0,2024-10-23 00:00:00,Eletrônicos,589.6,1.0,0.0,False,True,pix,VILA VELHA,cliente reclamou
3348,377.0,2022-05-24 00:00:00,Eletrônicos,926.68,1.0,0.05,False,True,dinheiro,  POA  ,cliente reclamou
4292,992.0,2025-03-14 00:00:00,Brinquedos,363.74,5.0,0.0,False,False,boleto,NITERÓI,
540,594.0,2024-12-08 00:00:00,Eletrônicos,787.35,1.0,0.0,False,True,,Sao Paulo,
1524,900.0,2024-07-22 00:00:00,Acessórios,35.27,1.0,0.0,False,True,boleto,são paulo,ok
2950,430.0,2024-03-26 00:00:00,Informática,711.61,1.0,0.0,False,True,cartao,Rio,
4870,1146.0,2022-11-06 00:00:00,Informática,1029.36,1.0,0.0,False,True,,SP,telefone inválido
1657,852.0,2024-03-29 00:00:00,,1075.93,1.0,0.0,False,True,dinheiro,Salvador,cliente reclamou
910,451.0,2022-10-02 00:00:00,Eletrônicos,604.3,1.0,0.0,False,True,pix,Rio de Janeiro ,
3255,1145.0,2024-12-02 00:00:00,Alimentos,90.18,3.0,0.0,False,True,Cartão , sp,Entrega atrasada
762,1085.0,2022-11-03 00:00:00,Escritório,174.87,1.0,0.0,False,True,pix,RIO DE JANEIRO,telefone inválido
2046,564.0,2023-05-17 00:00:00,Acessórios,51.36,1.0,0.0,False,True,cartao,rj,
2961,1400.0,2023-06-12 00:00:00,Brinquedos,189.98,3.0,0.1,False,True,Cartão ,RJ,
3410,339.0,2023-04-17 00:00:00,Eletrônicos,402.43,1.0,0.3,False,True,pix,Sao Paulo Centro,cliente reclamou
5550,1097.0,2024-10-08 00:00:00,Eletrônicos,671.09,1.0,0.0,False,True,pix,  VILA VELHA,ok
793,6.0,2029-12-25 00:00:00,Informática,835.89,1.0,0.0,False,True,,CURITIBA,telefone inválido
508,1089.0,2023-03-12 00:00:00,Acessórios,0.0,2.0,0.0,False,True,Cartão ,Porto Alegre,Entrega atrasada
5437,719.0,2023-12-14 00:00:00,Acessórios,127.59,3.0,0.0,False,False,Cartão ,Sao Paulo,
282,991.0,2023-10-17 00:00:00,Informática,1271.86,1.0,0.0,False,True,dinheiro,NITERÓI,
4635,134.0,2024-08-17 00:00:00,Alimentos,77.11,4.0,0.0,False,True,pix,Zona Sul,ok
5197,333.0,2024-03-03 00:00:00,Escritório,233.14,1.0,0.0,False,True,Cartão , são apulo  ,cliente reclamou
90,526.0,2022-12-13 00:00:00,Eletrônicos,819.36,1.0,0.1,False,True,pix,  Sao Paulo  ,
1619,791.0,2022-09-07 00:00:00,Móveis,1500.29,1.0,0.0,False,True,boleto,Rio,ok
5159,272.0,2023-12-26 00:00:00,Móveis,1827.48,1.0,0.0,False,True,pix,brasília,
4431,559.0,2023-01-04 00:00:00,Eletrônicos,422.28,1.0,0.0,False,True,cartao,POA,cliente reclamou
4406,,2023-10-03 00:00:00,Eletrônicos,613.05,1.0,0.0,False,True,dinheiro, BELO HORIZONTE,cliente reclamou
1808,290.0,2025-01-05 00:00:00,Acessórios,102.19,2.0,0.15,False,True,,goiania,cliente reclamou
4230,1346.0,2024-06-18 00:00:00,Brinquedos,107.61,,0.0,False,True,,rio de janeiro,
664,856.0,2025-04-10 00:00:00,Escritório,-330.42,2.0,0.0,False,True,cartao,sjc,telefone inválido
4949,269.0,2023-04-18 00:00:00,Escritório,136.13,1.0,0.0,False,True,dinheiro,Zona Sul,cliente reclamou
3577,532.0,2022-06-14 00:00:00,Eletrônicos,669.5,1.0,0.0,False,True,pix,,telefone inválido
6644,547.0,2024-10-07 00:00:00,Acessórios,107.87,2.0,0.0,False,True,Cartão ,RJ,ok
1790,1239.0,2022-11-01 00:00:00,Móveis,2502.41,2.0,0.1,False,True,cartao,Goinaia,
2059,1199.0,2029-12-25 00:00:00,Eletrônicos,1874.96,2.0,0.0,False,True,cartao,sp,telefone inválido
5570,363.0,2025-10-04 00:00:00,Eletrônicos,982.77,1.0,0.0,False,False,,belo horizonte ,telefone inválido
2528,53.0,2025-01-14 00:00:00,Escritório,125.6,1.0,0.0,False,True,Cartão ,CAMPINAS,telefone inválido
570,1315.0,2023-09-02 00:00:00,Escritório,66.79,1.0,0.0,False,False,boleto,Belo Horizonte,
4302,22.0,2023-04-15 00:00:00,Alimentos,15.2,1.0,0.0,False,True,cartao,Rio de Janeiro,Entrega atrasada
2084,734.0,2023-04-22 00:00:00,Escritório,147.33,1.0,0.0,False,True,,,cliente reclamou
3809,1061.0,2025-05-15 00:00:00,Informática,4073.62,3.0,0.0,False,True,,goiania,Entrega atrasada
3157,241.0,2022-05-11 00:00:00,Escritório,280.97,1.0,0.0,False,True,Cartão ,niteroi,ok
2420,824.0,2024-10-15 00:00:00,,607.45,1.0,0.0,False,True,,,
1299,901.0,2023-06-09 00:00:00,Informática,2661.89,2.0,0.0,False,True,Cartão ,bh,ok
1929,214.0,2023-11-21 00:00:00,Móveis,1443.44,1.0,0.0,False,True,cartao,Porto Alegre,
6126,711.0,2022-12-25 00:00:00,Escritório,307.33,2.0,0.3,False,True,dinheiro,campinas,ok
3897,617.0,2024-01-04 00:00:00,Escritório,236.61,1.0,0.0,False,True,boleto,Salvador,
1877,866.0,2024-05-19 00:00:00,Alimentos,98.63,5.0,0.0,False,True,, Goinaia,cliente reclamou
511,511.0,2023-05-04 00:00:00,Acessórios,76.15,2.0,0.0,False,True,pix,Recief ,Entrega atrasada
5245,1122.0,2025-01-20 00:00:00,Alimentos,128.07,7.0,0.0,False,True,,Vila Velha,
5040,80.0,2022-01-16 00:00:00,Escritório,409.6,3.0,0.0,False,True,,BeloH orizonte,
1887,547.0,2022-12-10 00:00:00,,0.0,3.0,0.0,True,False,dinheiro,interior,
6630,1035.0,2023-07-21 00:00:00,Eletrônicos,741.71,1.0,0.0,False,True,cartao,SÃO PAULO,ok
3909,1429.0,2025-08-06 00:00:00,Informática,2077.67,2.0,0.0,False,True,cartao,zona sul,ok
4436,128.0,2029-12-25 00:00:00,Escritório,210.26,1.0,0.0,False,True,,,
4836,817.0,2023-10-26 00:00:00,Informática,717.48,1.0,0.0,False,True,dinheiro,sao jose dos campos,telefone inválido
4002,836.0,2025-07-29 00:00:00,Eletrônicos,1489.69,,0.3,False,True,,POA,Entrega atrasada
2169,328.0,2023-03-08 00:00:00,Eletrônicos,2611.94,3.0,0.0,False,True,pix,Sao Paulo,
763,1005.0,2023-04-22 00:00:00,Móveis,1452.61,1.0,0.05,False,True,boleto,,cliente reclamou
4103,112.0,2025-08-07 00:00:00,Acessórios,83.28,2.0,0.0,False,True,cartao,SJC,
1179,826.0,2023-02-26 00:00:00,Acessórios,79.4,1.0,0.0,True,True,dinheiro,  rio de janeiro,
6516,1180.0,2024-04-21 00:00:00,Alimentos,60.07,3.0,0.0,False,True,,SAO PALUO,telefone inválido
1397,66.0,2025-03-09 00:00:00,Eletrônicos,743.59,1.0,0.0,False,True,,FORTALEZA,
4918,903.0,2023-05-02 00:00:00,Acessórios,43.52,1.0,0.0,False,True,cartao,Sao Paulo,
744,416.0,2025-04-13 00:00:00,Eletrônicos,565.17,1.0,0.0,False,True,pix,porto aelgre,
5409,64.0,2022-07-21 00:00:00,Escritório,453.23,3.0,0.0,False,True,dinheiro,brasília  ,telefone inválido
4991,627.0,2025-01-12 00:00:00,Informática,619.16,1.0,0.0,False,True,dinheiro,ERCIFE,
2675,54.0,2025-01-17 00:00:00,Móveis,2375.42,2.0,0.0,False,True,boleto,VILA VELHA,
1024,901.0,2024-03-10 00:00:00,Informática,1656.33,2.0,0.0,False,True,dinheiro,SAO PAULO,cliente reclamou
1594,96.0,2023-02-02 00:00:00,Eletrônicos,530.41,1.0,0.0,False,True,dinheiro,,telefone inválido
4016,76.0,2023-05-03 00:00:00,Móveis,1269.09,1.0,0.0,False,True,,NIETRÓI,ok
5611,113.0,2023-10-23 00:00:00,Móveis,900.96,1.0,0.0,False,True,pix,BELO HORIZONTE,
3763,1319.0,2022-04-17 00:00:00,Informática,820.8,1.0,0.0,False,True,pix,sãopaulo,
6599,398.0,2025-03-22 00:00:00,Eletrônicos,0.0,3.0,0.05,False,True,cartao,,ok
4153,450.0,2023-04-03 00:00:00,Eletrônicos,1428.14,2.0,0.0,False,True,Cartão ,CAMPINAS,
999,971.0,2022-12-04 00:00:00,Escritório,1100.6,4.0,0.0,False,True,,rio,Entrega atrasada
6785,161.0,2024-02-11 00:00:00,Eletrônicos,1096.45,2.0,0.0,False,True,pix, Vila Velha ,ok
4287,1134.0,2025-04-25 00:00:00,Acessórios,41.16,1.0,0.0,False,True,Cartão ,  INTERIOR  ,Entrega atrasada
3231,853.0,2022-06-27 00:00:00,Alimentos,78.19,3.0,0.0,False,True,Cartão ,RECIFE,ok
6918,391.0,2022-03-20 00:00:00,Eletrônicos,758.98,1.0,0.0,False,True,dinheiro,sao paulo,
3422,527.0,2023-12-16 00:00:00,Móveis,543.61,1.0,0.0,False,True,cartao,SAO PAULO,
5505,547.0,2025-07-10 00:00:00,Escritório,130.55,1.0,0.0,False,True,pix,sp,telefone inválido
6356,42.0,2024-12-18 00:00:00,Informática,1167.59,1.0,0.0,False,True,cartao,SAO PAULO  ,cliente reclamou
2129,841.0,2024-04-11 00:00:00,Eletrônicos,817.93,1.0,0.0,False,True,pix,sp,ok
1200,1031.0,2023-09-29 00:00:00,Acessórios,46.05,1.0,0.0,False,True,boleto,poa,ok
2872,442.0,2024-06-28 00:00:00,Escritório,153.64,1.0,0.0,False,True,dinheiro,  RIO DE JANEIRO ,
4589,987.0,2023-05-10 00:00:00,Eletrônicos,873.96,1.0,0.0,False,True,cartao,RIO DE JANEIRO,
4001,864.0,2025-10-23 00:00:00,,756.99,1.0,0.0,False,True,cartao,GOIANIA ,Entrega atrasada
3673,819.0,2022-09-17 00:00:00,Informática,1492.04,1.0,0.0,False,True,cartao,fortaleza,
1890,1373.0,2024-06-22 00:00:00,Alimentos,0.0,4.0,0.0,False,True,cartao,,ok
262,270.0,2022-10-24 00:00:00,Eletrônicos,776.89,1.0,0.1,False,True,boleto,SJC,
1021,323.0,2024-07-31 00:00:00,Brinquedos,152.01,3.0,0.0,False,True,cartao,  CURITIBA  ,
6616,674.0,2024-12-24 00:00:00,Informática,976.06,1.0,0.0,False,True,,  são paulo  ,
2159,617.0,2024-12-26 00:00:00,Alimentos,27.82,1.0,0.05,False,True,boleto,sp  ,ok
3051,218.0,2023-06-13 00:00:00,Eletrônicos,1142.86,1.0,0.0,False,True,boleto,niterói,
6066,475.0,2025-09-10 00:00:00,Eletrônicos,1547.39,2.0,0.0,False,True,Cartão ,ZONA SUL,Entrega atrasada
460,1213.0,2025-10-12 00:00:00,Brinquedos,305.51,4.0,0.0,False,True,,SAO PUALO,
536,542.0,2025-07-05 00:00:00,Informática,974.15,1.0,0.0,False,True,cartao,SJC,ok
3419,1110.0,2024-11-02 00:00:00,Móveis,781.77,1.0,0.3,False,True,boleto,,telefone inválido
2197,715.0,2029-12-25 00:00:00,Escritório,267.23,1.0,0.0,False,True,Cartão ,Sao Paulo Centro,cliente reclamou
6409,298.0,2024-04-26 00:00:00,,1702.01,2.0,0.1,False,True,cartao,CAMPINAS,Entrega atrasada
5397,384.0,2023-10-23 00:00:00,Eletrônicos,608.7,1.0,0.15,False,True,boleto,CTBA,telefone inválido
4752,424.0,2025-01-27 00:00:00,Móveis,1899.43,2.0,0.0,False,True,Cartão ,SALVADOR,ok
3996,162.0,2024-12-12 00:00:00,Eletronicos,2408.58,3.0,0.0,False,True,,são paulo,ok
5927,418.0,2025-08-14 00:00:00,Informática,1067.32,1.0,0.15,False,True,dinheiro, sp ,ok
1704,1384.0,2023-12-28 00:00:00,Eletrônicos,916.93,1.0,0.0,False,True,Cartão ,Porto Alegre,Entrega atrasada
6835,1079.0,2022-03-22 00:00:00,,575.51,1.0,0.0,False,True,boleto,Sao Paulo Centro ,Entrega atrasada
3110,347.0,2024-04-18 00:00:00,Acessórios,47.86,1.0,0.1,False,True,,Interior,telefone inválido
3845,608.0,2024-04-06 00:00:00,,934.23,1.0,0.0,False,True,pix,Rio  ,ok
3255,1145.0,2024-12-02 00:00:00,Alimentos,90.18,3.0,0.0,False,True,Cartão , sp,Entrega atrasada
1885,443.0,2023-11-21 00:00:00,Escritório,449.19,2.0,0.0,False,True,Cartão ,sao jose dos campos,
2637,501.0,2022-07-01 00:00:00,Alimentos,90.53,4.0,0.0,False,True,,Recife,cliente reclamou
5473,1027.0,2025-01-21 00:00:00,,966.71,1.0,0.0,False,True,Cartão , Foratleza,cliente reclamou
2817,1195.0,2025-01-03 00:00:00,Eletrônicos,1676.14,3.0,0.0,False,True,dinheiro, rio de janeiro,ok
2233,714.0,2025-03-17 00:00:00,Acessórios,46.05,1.0,0.0,False,True,,Manaus  ,cliente reclamou
3510,421.0,2022-06-18 00:00:00,Escritório,201.32,1.0,0.0,False,True,boleto,SãoPaulo,
5460,650.0,2022-06-23 00:00:00,Escritório,732.54,3.0,0.0,False,True,pix,sao paulo centro,telefone inválido
6332,78.0,2024-08-06 00:00:00,Informática,5012.29,5.0,0.0,False,True,boleto,sp,cliente reclamou
3066,513.0,2023-08-24 00:00:00,Informática,690.74,1.0,0.0,False,True,dinheiro,Belo Horizonte,ok
5402,159.0,2022-08-30 00:00:00,Escritório,27000.34,1.0,0.0,False,True,dinheiro,INTERIOR,Entrega atrasada
3555,747.0,2025-04-24 00:00:00,Móveis,977.9,1.0,0.0,False,True,boleto,São Paulo,telefone inválido
4023,271.0,2025-10-21 00:00:00,Brinquedos,255.02,4.0,0.0,False,True,Cartão ,  Fortaleza,
2279,,2025-01-25 00:00:00,Escritório,168.34,1.0,0.0,True,True,Cartão ,SP,
5744,787.0,2022-03-08 00:00:00,Informática,1735.73,2.0,0.0,False,True,boleto,bh,
2044,1092.0,2023-11-24 00:00:00,Eletrônicos,654.6,1.0,0.0,False,True,dinheiro,bh  ,
2677,1124.0,2022-12-19 00:00:00,Brinquedos,196.85,3.0,0.0,False,True,Cartão , SP ,Entrega atrasada
1404,20.0,2024-08-15 00:00:00,Escritório,183.47,1.0,0.0,True,True,dinheiro,bh,cliente reclamou
687,943.0,2024-01-19 00:00:00,Escritório,441.23,2.0,0.0,False,True,,Campinas,telefone inválido
3501,1097.0,2024-08-22 00:00:00,Eletrônicos,496.02,1.0,0.0,False,True,cartao,bh,telefone inválido
4705,1135.0,2025-04-14 00:00:00,Escritório,340.35,3.0,0.3,False,True,dinheiro,NITEROI,ok
6914,177.0,2022-08-21 00:00:00,Informática,838.55,1.0,0.0,False,True,,SAO PAULO CENTRO,
961,1090.0,2025-07-22 00:00:00,Informática,2282.33,2.0,0.0,False,True,Cartão ,BH,
1101,237.0,2025-02-22 00:00:00,Eletrônicos,1085.69,2.0,0.0,False,True,pix,Campinas,cliente reclamou
6229,1055.0,2023-04-21 00:00:00,Informática,869.59,1.0,0.0,False,True,boleto,RIO DE JANEIRO,
6034,105.0,2023-08-23 00:00:00,Eletrônicos,650.15,1.0,0.0,False,True,pix,MANAUS,ok
3113,117.0,2022-01-05 00:00:00,Brinquedos,333.65,5.0,0.0,False,True,Cartão , BH,cliente reclamou
6883,257.0,2024-12-22 00:00:00,Eletrônicos,4752.36,5.0,0.0,False,True,,ZONA SUL,Entrega atrasada
2001,236.0,2022-07-08 00:00:00,,534.97,2.0,0.0,False,True,pix,Vila Velah  ,ok
4262,244.0,2023-09-10 00:00:00,Escritório,420.73,2.0,0.0,False,True,boleto,MANAUS,
6257,,2022-01-15 00:00:00,Móveis,1032.1,1.0,0.0,False,True,boleto,rio de janeiro,
1791,371.0,2029-12-25 00:00:00,Informática,1740.94,,0.0,False,True,,PORTO ALEGRE,
1540,142.0,2025-03-09 00:00:00,Informática,529.79,1.0,0.0,False,True,Cartão ,SÃOPAULO,Entrega atrasada
1195,476.0,2025-09-26 00:00:00,Escritório,209.73,1.0,0.0,False,True,cartao,,
608,1044.0,2025-01-06 00:00:00,Brinquedos,269.34,5.0,0.0,False,True,dinheiro,SAO PAULO,
1939,860.0,2022-12-14 00:00:00,Alimentos,52.01,2.0,0.0,False,True,dinheiro,  Rio de Janeiro ,telefone inválido
4720,1119.0,2025-04-07 00:00:00,Móveis,1215.2,1.0,0.0,False,True,cartao,Curitiba,cliente reclamou
2165,87.0,2025-01-29 00:00:00,Informática,1260.1,1.0,0.0,False,False,Cartão , Sao Paulo Centro ,telefone inválido
4549,508.0,2023-09-05 00:00:00,Acessórios,34.31,1.0,0.15,False,True,boleto,RJ,telefone inválido
5912,555.0,2024-02-07 00:00:00,Eletrônicos,976.95,3.0,0.0,False,True,,bh,Entrega atrasada
5355,481.0,2024-07-15 00:00:00,Escritório,0.0,2.0,0.0,False,True,cartao,rio de ajneiro,cliente reclamou
3508,204.0,2022-03-08 00:00:00,Informática,3387.24,3.0,0.0,False,True,Cartão ,Goiania,
4358,1168.0,2024-10-15 00:00:00,Acessórios,48.02,1.0,0.1,False,True,pix,SP,cliente reclamou
3749,1188.0,2023-11-13 00:00:00,Brinquedos,358.77,4.0,0.0,False,True,,  Zona Sul  ,ok
4464,696.0,2025-04-10 00:00:00,Informática,1080.09,1.0,0.1,False,True,boleto,  rj  ,telefone inválido
6875,171.0,2022-08-20 00:00:00,Eletrônicos,379.72,1.0,0.3,False,True,pix,Fortaleza,Entrega atrasada
3126,916.0,2024-04-30 00:00:00,Móveis,2675.99,2.0,0.0,False,True,Cartão , Niteroi  ,ok
5110,929.0,2029-12-25 00:00:00,Informática,2791.77,2.0,0.0,False,True,Cartão ,  Campinas ,
2350,185.0,2022-10-28 00:00:00,Eletrônicos,707.68,1.0,0.0,False,True,,Sao Jose dos Campos,
4984,1297.0,2023-11-25 00:00:00,Escritório,201.95,1.0,0.0,False,True,,CTBA,telefone inválido
943,796.0,2025-04-06 00:00:00,Acessórios,29.92,1.0,0.0,False,True,boleto,campinas,Entrega atrasada
2296,319.0,2022-11-14 00:00:00,Escritório,517.67,2.0,0.0,False,True,,niteroi,
5672,207.0,2023-06-25 00:00:00,Eletrônicos,-798.49,1.0,0.0,False,True,pix,,telefone inválido
3946,87.0,2024-09-13 00:00:00,Acessórios,25.73,1.0,0.0,False,True,cartao,BH,telefone inválido
4485,1038.0,2024-02-13 00:00:00,Escritório,329.29,2.0,0.0,False,True,boleto,RIO DEJ ANEIRO,telefone inválido
6349,382.0,2024-10-14 00:00:00,Escritório,497.28,2.0,0.0,False,True,dinheiro,SoãPaulo,
636,1146.0,2029-12-25 00:00:00,Informática,1363.33,1.0,0.0,False,True,boleto,Nitreoi,
6501,1286.0,2022-04-12 00:00:00,Informática,1049.68,1.0,0.0,False,True,boleto,Interior,Entrega atrasada
5182,714.0,2023-01-19 00:00:00,Escritório,343.47,2.0,0.0,False,True,pix,SJC ,
3058,837.0,2024-11-01 00:00:00,Brinquedos,88.81,3.0,0.0,False,True,,salvaodr,
5577,1489.0,2022-02-08 00:00:00,Acessórios,50.38,1.0,0.0,False,True,cartao,  Sao Paulo Centro,telefone inválido
6207,443.0,2025-02-28 00:00:00,Acessórios,114.96,3.0,0.0,False,True,,Brasília,Entrega atrasada
5459,1170.0,2024-06-18 00:00:00,Acessórios,49.13,1.0,0.0,False,True,dinheiro,rj,
133,18.0,2022-03-14 00:00:00,Acessórios,0.0,1.0,0.0,False,True,pix,vila velha,cliente reclamou
971,1171.0,2024-07-29 00:00:00,Eletrônicos,843.29,1.0,0.0,False,False,dinheiro,Porto Alegre,cliente reclamou
3885,1199.0,2024-05-01 00:00:00,Acessórios,40.53,1.0,0.0,False,True,cartao,são paulo,
5028,729.0,2025-01-19 00:00:00,Escritório,518.38,2.0,0.0,False,True,pix,Niteroi,telefone inválido
6997,1065.0,2022-03-27 00:00:00,Brinquedos,385.16,7.0,0.0,False,True,Cartão ,goianai,
6793,928.0,2022-12-31 00:00:00,Móveis,1180.12,1.0,0.15,False,True,boleto,INETRIOR,ok
6697,420.0,2022-07-26 00:00:00,Acessórios,41.48,1.0,0.0,False,True,pix,  RIO DE JANEIRO  ,cliente reclamou
852,442.0,2024-04-20 00:00:00,Eletrônicos,705.38,1.0,0.0,False,True,pix,  ,
1596,476.0,2023-01-24 00:00:00,Informática,814.84,1.0,0.0,False,True,,BH,cliente reclamou
5629,695.0,2022-01-23 00:00:00,Eletrônicos,2564.23,4.0,0.0,False,True,cartao, BELO HORIZONTE,cliente reclamou
6813,376.0,2022-07-11 00:00:00,Escritório,167.5,1.0,0.0,False,True,Cartão ,  são paulo  ,
5521,106.0,2023-08-11 00:00:00,Eletrônicos,726.5,1.0,0.0,False,True,pix,SP,ok
3356,689.0,2024-06-23 00:00:00,Eletrônicos,1863.17,2.0,0.0,False,True,Cartão , Fortalez a,
3537,44.0,2025-07-22 00:00:00,Escritório,626.1,3.0,0.0,False,True,boleto,Manaus,ok
4082,1033.0,2025-01-20 00:00:00,Alimentos,12.1,1.0,0.0,False,True,pix,,cliente reclamou
100,554.0,2022-05-02 00:00:00,Brinquedos,196.14,4.0,0.0,False,True,dinheiro,Belo Horizonte,cliente reclamou
3964,546.0,2025-03-30 00:00:00,Eletrônicos,613.83,1.0,0.1,False,True,,Rio,ok
3145,234.0,2022-09-18 00:00:00,Informática,1317.95,1.0,0.0,False,True,,rj,
1571,908.0,2024-04-11 00:00:00,Móveis,1458.27,1.0,0.0,False,True,cartao,Interior  ,ok
171,96.0,2024-11-21 00:00:00,Móveis,3056.61,2.0,0.0,False,True,pix, MANUAS,
4391,481.0,2025-01-29 00:00:00,,46.25,1.0,0.0,False,True,pix,Sao Jose dos Campos,ok
376,42.0,2022-02-11 00:00:00,Acessórios,74.56,3.0,0.0,False,True,Cartão ,SAO PAULO CENTRO ,telefone inválido
2325,706.0,2024-09-18 00:00:00,Acessórios,75.08,2.0,0.15,False,True,pix,Sao Paulo Cetnro,
2458,457.0,2025-08-02 00:00:00,Informática,1678.74,2.0,0.0,False,True,cartao,POA,
5522,286.0,2025-06-17 00:00:00,Escritório,186.03,1.0,0.0,True,True,pix,RIO DE JANEIRO,Entrega atrasada
4457,207.0,2025-02-01 00:00:00,Informática,1235.49,2.0,0.0,False,True,pix, RJ,
5729,239.0,2023-09-25 00:00:00,Informática,882.75,1.0,0.0,False,True,pix,Rio de Janeiro,telefone inválido
3084,1253.0,2023-07-10 00:00:00,Informática,1380.33,1.0,0.0,False,True,boleto,belo horizonte,Entrega atrasada
867,389.0,2024-08-12 00:00:00,,138.24,1.0,0.0,False,True,Cartão ,sp,ok
3578,969.0,2024-05-13 00:00:00,Escritório,181.7,1.0,0.0,False,True,Cartão , bh ,
114,106.0,2022-06-18 00:00:00,Escritório,248.75,1.0,0.0,False,True,pix,NITEROI,Entrega atrasada
2442,364.0,2024-04-10 00:00:00,Informática,1139.73,1.0,0.0,False,True,dinheiro,POA,
2496,427.0,2022-06-02 00:00:00,Brinquedos,64.92,2.0,0.0,False,True,Cartão ,  rj ,telefone inválido
2392,946.0,2022-10-12 00:00:00,Eletrônicos,580.83,1.0,0.0,False,True,,BRASÍLIA,cliente reclamou
1287,437.0,2023-03-25 00:00:00,Eletrônicos,1536.68,2.0,0.0,False,True,dinheiro,Sao Paulo,cliente reclamou
335,93.0,2023-12-09 00:00:00,,1030.35,1.0,0.0,False,True,,BH,
5965,1123.0,2024-06-19 00:00:00,Brinquedos,249.25,4.0,0.0,False,True,boleto,NITEROI,cliente reclamou
1441,137.0,2025-09-04 00:00:00,Acessórios,156.07,3.0,0.0,False,True,boleto,sp,
2709,220.0,2023-11-05 00:00:00,Eletrônicos,666.2,1.0,0.15,False,True,pix,  Interior,telefone inválido
1824,1169.0,2029-12-25 00:00:00,Escritório,225.89,1.0,0.0,False,True,pix,SAO PAULO CENTRO,Entrega atrasada
115,292.0,2022-05-04 00:00:00,Informática,-2854.39,3.0,0.0,False,True,Cartão ,RJ,Entrega atrasada
2323,1088.0,2024-06-21 00:00:00,Eletrônicos,574.14,1.0,0.3,False,True,cartao,RIO DE JANEIRO,telefone inválido
4476,1049.0,2023-07-11 00:00:00,,0.0,1.0,0.0,False,True,boleto,Sao oJse dos Campos,telefone inválido
5654,564.0,2023-02-28 00:00:00,Brinquedos,52.57,1.0,0.0,False,True,pix,  Belo Horizonte  ,telefone inválido
3206,835.0,2024-07-22 00:00:00,Escritório,445.88,2.0,0.0,False,True,dinheiro,rio,
2096,216.0,2022-08-13 00:00:00,Eletrônicos,921.9,1.0,0.0,False,True,pix,,ok
6352,981.0,2025-10-06 00:00:00,Brinquedos,236.58,3.0,0.0,False,True,cartao,Fortaleza,
1681,803.0,2022-10-01 00:00:00,Informática,1606.89,1.0,0.0,False,True,Cartão ,Manaus,
2986,920.0,2023-04-10 00:00:00,Brinquedos,458.52,6.0,0.0,False,True,Cartão ,Rio de Janeiro,ok
1506,109.0,2023-04-23 00:00:00,Escritório,290.85,1.0,0.0,False,True,Cartão ,Salvador ,Entrega atrasada
6782,1398.0,2022-04-29 00:00:00,Acessórios,67.99,2.0,0.0,False,False,Cartão ,curitiba,telefone inválido
5414,491.0,2022-09-21 00:00:00,Informática,945.84,1.0,0.05,False,True,pix, NITERÓI ,
4852,941.0,2025-09-15 00:00:00,Escritório,360.75,2.0,0.0,False,True,,ZONA SUL,
51,1056.0,2023-10-24 00:00:00,Escritório,303.16,1.0,0.0,False,True,cartao,SÃO PAULO,Entrega atrasada
2104,1182.0,2022-01-11 00:00:00,Informática,1143.07,2.0,0.0,False,True,dinheiro,rio de janeiro ,Entrega atrasada
1374,784.0,2029-12-25 00:00:00,Escritório,232.43,1.0,0.0,False,True,pix,CURITIBA,ok
23,207.0,2022-02-02 00:00:00,Informática,0.0,1.0,0.0,False,True,Cartão ,SAO PAULO,ok
4084,885.0,2025-06-25 00:00:00,Móveis,1810.29,1.0,0.0,False,True,Cartão ,Nitero i ,ok
4442,568.0,2024-01-03 00:00:00,Brinquedos,419.92,7.0,0.0,False,True,boleto,rio de janeiro,
3920,760.0,2023-11-15 00:00:00,Informática,1630.74,2.0,0.0,False,False,Cartão ,fortaleza,
4602,593.0,2025-03-11 00:00:00,Escritório,154.17,1.0,0.0,False,True,cartao, R J,
3953,175.0,2025-03-18 00:00:00,Eletrônicos,747.65,1.0,0.1,False,False,boleto,SP,
6585,1080.0,2024-07-20 00:00:00,Escritório,779.8,4.0,0.0,False,True,boleto,são paulo,cliente reclamou
2628,312.0,2024-08-05 00:00:00,Móveis,1539.23,1.0,0.0,False,True,Cartão ,sao paulo,telefone inválido
1333,91.0,2024-09-27 00:00:00,Alimentos,80.01,4.0,0.0,False,True,cartao,Sao Paulo Centro,telefone inválido
5690,1138.0,2022-04-12 00:00:00,Móveis,607.29,1.0,0.15,False,True,boleto,zona sul,cliente reclamou
3755,1362.0,2025-05-04 00:00:00,Brinquedos,90.62,2.0,0.0,False,True,cartao,são paulo,telefone inválido
1067,296.0,2023-12-15 00:00:00,Eletrônicos,677.29,1.0,0.0,False,True,pix,Sao Paulo Centro,cliente reclamou
6328,501.0,2025-09-10 00:00:00,Escrtiório,353.14,2.0,0.0,False,True,pix,bh,
1197,,2023-06-11 00:00:00,Informática,920.5,1.0,0.05,False,True,cartao,Manaus,cliente reclamou
1941,348.0,2025-03-03 00:00:00,Eletrônicos,783.66,1.0,0.0,False,True,,Niteroi,ok
5749,488.0,2025-09-06 00:00:00,Eletrônicos,1249.12,2.0,0.0,False,True,cartao,bh,Entrega atrasada
3411,1332.0,2022-07-24 00:00:00,Alimentos,27.87,1.0,0.0,False,True,pix,Belo oHrizonte,Entrega atrasada
574,532.0,2025-01-01 00:00:00,Informática,683.97,1.0,0.0,False,True,Cartão ,Niterói,
6387,426.0,2022-04-21 00:00:00,Móveis,3045.68,3.0,0.0,False,True,Cartão ,SAO APULO,
5658,113.0,2022-07-25 00:00:00,Eletrônicos,1009.04,1.0,0.0,False,True,dinheiro,SP,
767,120.0,2022-10-14 00:00:00,,1534.01,2.0,0.0,False,True,cartao,,telefone inválido
6440,1344.0,2022-04-01 00:00:00,Informática,4105.15,3.0,0.0,False,True,boleto,SãoPaulo,ok
2128,1008.0,2024-07-18 00:00:00,Brinquedos,186.05,5.0,0.1,False,True,,campinas  ,cliente reclamou
1659,188.0,2024-05-08 00:00:00,Informática,929.51,1.0,0.0,False,True,,,
475,60.0,2024-09-27 00:00:00,Escritório,179.35,1.0,0.0,False,True,cartao,BH,
4033,309.0,2029-12-25 00:00:00,Móveis,1656.09,1.0,0.0,False,True,boleto,BELO HORIZONTE,cliente reclamou
1542,243.0,2022-04-10 00:00:00,Eletrônicos,663.35,1.0,0.0,False,True,dinheiro,bh,telefone inválido
5884,119.0,2024-10-11 00:00:00,Informática,987.66,1.0,0.0,False,True,dinheiro,SJC,Entrega atrasada
3992,1181.0,2024-12-16 00:00:00,Escritório,542.17,,0.0,False,True,pix,PORTO ALEGRE,Entrega atrasada
1115,1017.0,2022-12-03 00:00:00,Móveis,1357.44,1.0,0.0,False,True,cartao,rio de janeiro,
2815,132.0,2023-01-19 00:00:00,Eletrônicos,405.94,1.0,0.05,False,True,boleto,,cliente reclamou
3640,1027.0,2022-09-03 00:00:00,Informática,905.93,1.0,0.0,False,True,,Fortaleza,ok
2307,192.0,2022-07-02 00:00:00,Alimentos,20.45,1.0,0.0,False,True,dinheiro,sp,telefone inválido
4495,70.0,2024-10-27 00:00:00,Informática,1043.62,1.0,0.0,False,True,pix,Recife,Entrega atrasada
2024,832.0,2022-01-10 00:00:00,Eletrônicos,315.84,1.0,0.1,False,True,,RIO DE JANEIRO,
3294,1099.0,2024-08-19 00:00:00,Brinquedos,268.48,3.0,0.0,False,True,Cartão ,RIO DE JANEIRO,telefone inválido
4996,709.0,2024-07-23 00:00:00,Eletrônicos,905.31,1.0,0.0,False,True,,interior,cliente reclamou
6515,86.0,2023-09-14 00:00:00,Informática,2734.27,2.0,0.0,False,True,,goiania,cliente reclamou
2963,968.0,2024-04-08 00:00:00,Eletrônicos,2242.57,4.0,0.0,False,True,cartao,Rio,cliente reclamou
940,664.0,2024-04-29 00:00:00,Informática,4273.06,3.0,0.0,False,True,boleto,  FORTALEZA  ,Entrega atrasada
2951,1068.0,2025-08-01 00:00:00,Eletrônicos,1712.96,2.0,0.0,False,True,,campinas ,
1931,137.0,2024-09-16 00:00:00,Móveis,1158.2,1.0,0.0,False,True,dinheiro,BH,
1813,411.0,2022-10-11 00:00:00,Acessórios,72.67,2.0,0.0,False,True,,    ,ok
4872,327.0,2023-04-09 00:00:00,Eletrônicos,669.09,1.0,0.0,False,True,,Campinas,
6531,343.0,2024-02-21 00:00:00,Acessórios,48.69,1.0,0.0,False,False,dinheiro,,Entrega atrasada
354,1088.0,2024-10-18 00:00:00,Móveis,1151.37,1.0,0.0,False,True,boleto,RJ,Entrega atrasada
3691,1314.0,2023-04-21 00:00:00,Escritório,155.38,1.0,0.0,False,True,boleto,POA,Entrega atrasada
6570,930.0,2022-06-19 00:00:00,Alimentos,27.15,1.0,0.0,False,True,Cartão ,Sao Paulo Centro  ,ok
2845,757.0,2023-07-21 00:00:00,Acessórios,37.7,1.0,0.0,False,True,dinheiro, rio ,Entrega atrasada
3549,842.0,2023-08-28 00:00:00,Eletrônicos,367.78,1.0,0.0,False,True,,manaus,cliente reclamou
5803,297.0,2023-05-01 00:00:00,Eletrônicos,1253.93,2.0,0.0,False,True,,sao jose dos campos,
1621,590.0,2023-08-26 00:00:00,Escritório,356.32,2.0,0.0,False,True,boleto,sp,Entrega atrasada
6635,887.0,2025-07-15 00:00:00,Brinquedos,-115.45,2.0,0.0,False,True,Cartão ,SJC,ok
137,512.0,2022-04-22 00:00:00,Móveis,2459.74,2.0,0.0,False,True,pix,  Fortaleza  ,
6068,32.0,2022-10-01 00:00:00,Eletrônicos,2908.94,5.0,0.0,False,True,,  SÃO PAULO ,telefone inválido
2887,40.0,2023-10-15 00:00:00,Brinquedos,303.7,4.0,0.0,False,True,Cartão , sao jose dos campos ,telefone inválido
6327,1067.0,2022-10-16 00:00:00,Eletrônicos,687.94,1.0,0.0,False,True,cartao,s ão paulo,ok
167,911.0,2022-07-13 00:00:00,Alimentos,13.5,1.0,0.0,False,True,pix,sp,Entrega atrasada
3194,463.0,2022-08-09 00:00:00,Alimentos,47.39,4.0,0.15,False,True,pix, rio de janeiro  ,cliente reclamou
6688,1.0,2023-02-30,Eletrônicos,870.62,2.0,0.0,False,True,pix,niterói,ok
995,665.0,2022-07-29 00:00:00,Eletrônicos,352.49,1.0,0.0,False,True,boleto,bh,
5406,34.0,2025-02-05 00:00:00,,70.28,1.0,0.0,False,True,cartao,SÃOPAULO,ok
5259,258.0,2024-11-26 00:00:00,Escritório,471.33,2.0,0.1,False,True,boleto,Niterió,ok
5565,391.0,2022-03-31 00:00:00,Brinquedos,206.06,3.0,0.0,False,True,cartao,Rio de Janeiro,ok
1802,1198.0,2023-02-16 00:00:00,Eletrônicos,1347.81,2.0,0.0,False,True,dinheiro,Rio de Janeiro,
6094,419.0,2023-05-20 00:00:00,Escritório,517.92,3.0,0.0,False,True,pix,  São Paulo ,Entrega atrasada
4956,1126.0,2022-07-21 00:00:00,Alimentos,62.08,3.0,0.0,False,True,pix,,
4704,163.0,2023-02-08 00:00:00,Eletrônicos,339.26,1.0,0.3,False,True,dinheiro,rio,ok
4747,582.0,2025-04-02 00:00:00,eletrônicos,770.7,1.0,0.0,False,True,cartao,ctba,telefone inválido
2371,983.0,2022-07-16 00:00:00,Informática,3269.54,3.0,0.0,False,True,,S P ,Entrega atrasada
1371,1067.0,2025-01-17 00:00:00,Escritório,372.05,2.0,0.15,False,True,pix,rio de janeiro,
220,376.0,2025-10-24 00:00:00,Escritório,417.05,2.0,0.0,False,True,,niterói,ok
5999,860.0,2024-02-06 00:00:00,Alimentos,62.6,3.0,0.0,False,True,cartao,  rio de janeiro  ,ok
4899,389.0,2023-10-17 00:00:00,Móveis,3202.75,2.0,0.15,False,True,pix,sp  ,ok
635,381.0,2025-10-24 00:00:00,Brinquedos,125.46,3.0,0.3,False,True,cartao,POA,
6179,834.0,2023-08-21 00:00:00,Eletrônicos,589.31,1.0,0.0,False,True,boleto,rio de janeiro,ok
2646,343.0,2025-07-06 00:00:00,Acessórios,124.03,2.0,0.0,False,True,Cartão ,Zona Sul,
855,1229.0,2023-06-10 00:00:00,Alimentos,67.03,4.0,0.0,False,True,Cartão ,Belo Horizonte,
2199,402.0,2023-01-14 00:00:00,Eletrônicos,352.03,1.0,0.15,False,True,boleto,,ok
4352,,2022-12-15 00:00:00,,114.99,2.0,0.0,False,False,,Rio de Janeiro,telefone inválido
6429,227.0,2022-03-17 00:00:00,Informática,2740.65,3.0,0.0,False,True,,Sao Jose dos Campos,
5801,478.0,2024-06-02 00:00:00,Informática,608.55,1.0,0.0,False,True,pix,MANAUS,telefone inválido
6711,884.0,2025-01-05 00:00:00,acessórios,58.32,1.0,0.0,False,True,dinheiro,SP,
2353,97.0,2023-09-23 00:00:00,Escritório,790.7,3.0,0.0,False,True,cartao,bh,cliente reclamou
1516,310.0,2023-10-16 00:00:00,Móveis,1513.97,1.0,0.0,False,True,,goiania,
5764,,2024-02-15 00:00:00,Eletrônicos,423.92,1.0,0.3,False,True,dinheiro,BH,telefone inválido
397,1130.0,2022-01-14 00:00:00,Brinquedos,0.0,1.0,0.0,False,True,,RECIEF,
5404,1135.0,2025-06-21 00:00:00,Acessórios,110.46,2.0,0.0,False,True,dinheiro,PORTO ALEGRE,
3414,1456.0,2022-03-31 00:00:00,Eletrônicos,1602.02,2.0,0.05,False,True,dinheiro,rio de janeiro,
3363,453.0,2025-03-17 00:00:00,Escritório,137.12,1.0,0.3,False,True,pix,sp,telefone inválido
3396,1258.0,2025-03-23 00:00:00,Eletrônicos,1492.42,2.0,0.0,False,True,pix,Porto Algere,
6884,635.0,2024-09-10 00:00:00,Escritório,366.55,2.0,0.1,False,True,cartao,sao jose dos campos,
5492,1007.0,2023-06-29 00:00:00,Informática,607.97,1.0,0.15,True,True,cartao,BRASÍLIA,ok
111,785.0,2024-05-21 00:00:00,Escritório,240.57,1.0,0.0,False,True,pix,BELO HORIZONTE,
5394,202.0,2024-06-29 00:00:00,Informática,1986.37,2.0,0.0,False,True,dinheiro,MANAUS,
3405,3.0,2025-07-08 00:00:00,Eletrônicos,1066.27,2.0,0.0,False,True,,  SÃOPAULO,ok
2844,1045.0,2022-01-11 00:00:00,Informática,580.06,1.0,0.1,False,True,pix,BRASÍLIA,
153,1062.0,2024-12-25 00:00:00,Escritório,507.2,2.0,0.0,False,True,,  RIO DE JANEIRO ,
4369,914.0,2022-10-18 00:00:00,Acessórios,0.0,1.0,0.0,False,True,dinheiro,  Goiania ,telefone inválido
6505,959.0,2022-10-03 00:00:00,Eletrônicos,457.91,1.0,0.0,False,True,Cartão ,São Paulo,cliente reclamou
3039,303.0,2024-07-26 00:00:00,Informática,702.25,1.0,0.15,False,True,dinheiro,ctba,
245,34.0,2023-08-10 00:00:00,Eletrônicos,684.81,1.0,0.0,False,True,,niteroi,cliente reclamou
3932,766.0,2023-01-31 00:00:00,Brinquedos,148.77,3.0,0.0,False,True,,SJC ,
819,916.0,2025-06-08 00:00:00,Móveis,885.89,1.0,0.0,False,True,boleto,Rio,
254,338.0,2023-10-02 00:00:00,Escritório,0.0,2.0,0.0,False,True,pix,SALVADOR,
449,1053.0,2024-08-12 00:00:00,Informática,752.83,1.0,0.05,False,True,dinheiro,rio de janeiro,cliente reclamou
1185,1049.0,2024-08-30 00:00:00,Informática,1086.21,1.0,0.0,False,True,dinheiro,CURITIBA,cliente reclamou
2924,100.0,2025-09-13 00:00:00,Informática,2313.35,2.0,0.0,False,True,,RJ,cliente reclamou
1419,147.0,2024-07-23 00:00:00,Escritório,107.97,1.0,0.0,False,True,Cartão ,rio de janeiro,
6627,284.0,2023-01-16 00:00:00,Alimentos,50.9,3.0,0.0,False,True,boleto,porto alegre,cliente reclamou
3036,432.0,2022-03-25 00:00:00,Eletrônicos,571.63,1.0,0.0,False,True,cartao,SAO JOSE DOS CAMPOS,ok
166,1172.0,2023-02-04 00:00:00,Acessórios,0.0,1.0,0.0,False,True,boleto,CAMPINAS,telefone inválido
5604,317.0,2025-04-16 00:00:00,Escritório,56138.28,1.0,0.0,False,False,cartao,bh,cliente reclamou
1956,264.0,2024-11-04 00:00:00,Alimentos,97.86,5.0,0.0,False,True,pix,rio de janeiro,ok
3817,96.0,2024-05-10 00:00:00,Escritório,176.43,1.0,0.0,False,True,boleto,  Rio,Entrega atrasada
57,589.0,2035-01-01 00:00:00,Alimentos,111.82,5.0,0.0,False,True,pix,São Paulo,ok
626,49.0,2025-01-15 00:00:00,,252.11,3.0,0.0,False,True,pix,bh,
6662,153.0,2023-03-10 00:00:00,,713.27,1.0,0.0,False,True,dinheiro,ZONA SUL,ok
2118,389.0,2024-04-11 00:00:00,Informática,872.36,1.0,0.0,False,True,boleto,FORTALEZA,
1536,1288.0,2022-07-13 00:00:00,Alimentos,116.02,5.0,0.0,False,True,dinheiro,Rio de Janeiro,Entrega atrasada
2220,890.0,2025-03-27 00:00:00,Acessórios,29.62,1.0,0.1,False,True,pix,Belo Horizonte,cliente reclamou
4914,155.0,2022-03-10 00:00:00,Informática,1186.99,1.0,0.0,False,True,Cartão ,Sao Paul oCentro,Entrega atrasada
2297,687.0,2025-02-02 00:00:00,Informática,560.44,1.0,0.0,False,True,Cartão , zona sul ,Entrega atrasada
5360,194.0,2029-12-25 00:00:00,Móveis,2105.02,1.0,0.0,False,True,boleto,niteroi,telefone inválido
1385,1150.0,2025-09-08 00:00:00,Escritório,452.55,2.0,0.0,False,True,dinheiro,,
1881,389.0,2024-10-29 00:00:00,Eletrônicos,-835.25,1.0,0.1,False,True,dinheiro,Goiania,
1458,157.0,2022-09-24 00:00:00,Eletrônicos,601.25,1.0,0.0,False,True,dinheiro,SãoPaulo,
3438,178.0,2023-05-29 00:00:00,Acessórios,23.07,1.0,0.0,False,True,dinheiro,ZONA SUL,
1973,348.0,2022-12-20 00:00:00,Acessórios,60.82,1.0,0.0,False,True,,Salvador,Entrega atrasada
2588,283.0,2024-10-22 00:00:00,Informática,908.68,1.0,0.0,False,True,,sp,cliente reclamou
1096,453.0,2022-03-21 00:00:00,Eletrônicos,800.37,1.0,0.0,False,True,,Zona Sul,ok
1544,207.0,2023-10-29 00:00:00,Móveis,589.79,1.0,0.0,False,True,pix,RIO DE JANEIRO,
6049,873.0,2023-07-04 00:00:00,Móveis,2712.2,3.0,0.0,False,True,, Sao Jose dos Campos,
4507,1100.0,2024-11-10 00:00:00,Acessórios,65.2,1.0,0.0,False,True,,Rio de Janeiro,ok
6651,219.0,2022-01-18 00:00:00,Móveis,1606.78,1.0,0.0,False,True,dinheiro,Curitiba,cliente reclamou
790,93.0,2024-02-20 00:00:00,Informática,1696.69,2.0,0.0,False,True,boleto,niteroi,
4863,815.0,2024-12-21 00:00:00,Brinquedos,351.4,7.0,0.0,False,True,boleto,bh,ok
4414,1490.0,2022-10-16 00:00:00,Informática,837.4,1.0,0.0,False,True,Cartão ,Goiania ,
1035,227.0,2023-01-24 00:00:00,Eletrônicos,596.57,1.0,0.0,False,True,boleto,Niterói,Entrega atrasada
2419,279.0,2024-02-16 00:00:00,Móveis,1996.18,3.0,0.0,True,True,cartao,POA,ok
1272,826.0,2024-11-02 00:00:00,Informática,950.32,1.0,0.0,False,True,Cartão ,CTBA,cliente reclamou
4056,516.0,2024-12-05 00:00:00,Móveis,1555.29,1.0,0.0,False,True,,São Paulo,
4454,120.0,2022-08-18 00:00:00,Eletrônicos,738.06,1.0,0.0,False,True,dinheiro, Porto Alegre ,
1368,890.0,2025-09-04 00:00:00,Informática,852.67,,0.0,False,False,,sp,
3982,852.0,2022-09-25 00:00:00,Informática,0.0,1.0,0.0,False,True,pix,Fortaleza,telefone inválido
1864,1118.0,2024-12-13 00:00:00,Informática,1069.25,1.0,0.0,False,True,,SÃOPAULO,
5346,34.0,2024-05-29 00:00:00,Alimentos,80.08,3.0,0.0,False,False,pix,sp,telefone inválido
3534,500.0,2023-03-19 00:00:00,Escritório,121.91,1.0,0.0,False,True,Cartão ,SAO JOSE DOS CAMPOS,cliente reclamou
5321,1149.0,2025-07-03 00:00:00,Eletrônicos,627.87,1.0,0.0,False,False,cartao,SJC,ok
4935,384.0,2022-01-23 00:00:00,Brinquedos,77.89,1.0,0.0,False,True,,Salvador,
764,380.0,2024-12-30 00:00:00,Eletrônicos,796.0,1.0,0.0,False,True,dinheiro,  CTBA,ok
4249,260.0,2024-07-09 00:00:00,Eletrônicos,754.83,2.0,0.0,False,True,cartao,Rio,telefone inválido
141,99.0,2022-08-06 00:00:00,Informática,3974.99,4.0,0.0,False,True,cartao,Sao Paulo,ok
6421,837.0,2025-02-11 00:00:00,Acessórios,107.32,2.0,0.0,False,True,boleto,SAO PAULO CENTRO,ok
2304,4.0,2025-10-13 00:00:00,Informática,1991.37,2.0,0.0,False,True,,Sao Paulo,telefone inválido
2117,189.0,2022-02-04 00:00:00,Acessórios,41.58,1.0,0.0,False,True,dinheiro,Interior,ok
1469,918.0,2023-12-19 00:00:00,Brinquedos,101.83,3.0,0.0,False,True,dinheiro,bh,
4510,1467.0,2023-02-05 00:00:00,Brinquedos,134.25,4.0,0.0,False,True,Cartão ,rceife,telefone inválido
6243,544.0,2022-05-27 00:00:00,Informática,3025.71,3.0,0.0,False,True,boleto,porto alegre,
1583,454.0,2023-09-21 00:00:00,Eletrônicos,756.52,1.0,0.05,False,True,,SAO PAULO,
541,601.0,2025-03-13 00:00:00,Escritório,875.16,4.0,0.0,False,True,boleto,Sao Paulo Centro ,
5962,1073.0,2024-02-21 00:00:00,,1069.18,1.0,0.0,False,True,boleto,  Niteroi,
665,846.0,2024-10-27 00:00:00,Eletrônicos,629.53,1.0,0.0,False,True,,recife,ok
5234,1258.0,2023-10-18 00:00:00,Informática,125563.33,1.0,0.0,False,True,cartao,SJC,
2265,422.0,2024-01-11 00:00:00,Informática,964.06,1.0,0.0,False,True,dinheiro,sp,telefone inválido
5939,407.0,2024-03-21 00:00:00,Alimentos,40.25,2.0,0.0,False,True,Cartão ,CTBA,telefone inválido
4934,1295.0,2024-01-12 00:00:00,Acessórios,35.29,1.0,0.3,False,True,cartao,Sao Paulo,telefone inválido
1325,404.0,2025-01-23 00:00:00,Acessórios,81.18,0.0,3.0,False,True,boleto,Belo Horizonte,
1000,750.0,2023-10-07 00:00:00,Acessórios,50.15,2.0,0.15,False,True,boleto,Niterói,
724,3.0,2022-08-19 00:00:00,Eletrônicos,708.69,1.0,0.0,False,True,pix,são paulo,telefone inválido
1066,168.0,2022-04-24 00:00:00,Eletrônicos,2390.51,3.0,0.0,False,True,,BH,
1859,1147.0,2025-05-26 00:00:00,Eletrônicos,1669.44,3.0,0.0,False,True,Cartão ,  NITEROI  ,cliente reclamou
2255,1014.0,2024-07-21 00:00:00,,622.77,1.0,0.0,False,True,boleto,ZOAN SUL,
4401,1259.0,2023-07-26 00:00:00,,51.76,1.0,0.0,False,True,boleto,Frotaleza,
1014,82.0,2025-10-29 00:00:00,Eletrônicos,899.58,1.0,0.0,False,True,Cartão ,GOIANIA,cliente reclamou
5768,242.0,2022-08-17 00:00:00,Móveis,1106.32,1.0,0.0,False,True,,Rio de Janeiro  ,
4351,1315.0,2024-11-26 00:00:00,Móveis,4163.96,3.0,0.3,False,True,Cartão ,Niteroi,ok
3096,1153.0,2023-09-22 00:00:00,Eletrônicos,738.98,1.0,0.15,False,True,,SãoPaulo,
6968,744.0,2024-01-26 00:00:00,Informática,2991.19,4.0,0.0,False,True,dinheiro,Fortaleza,telefone inválido
3052,87.0,2023-01-26 00:00:00,Eletrônicos,632.95,1.0,0.0,False,True,dinheiro, CTBA,cliente reclamou
4712,974.0,2024-05-15 00:00:00,Informática,1547.29,2.0,0.0,False,True,cartao,POA,ok
5398,958.0,2024-08-10 00:00:00,Informática,3344.55,4.0,0.0,False,True,Cartão ,SP,ok
2643,4.0,2023-10-17 00:00:00,Eletrônicos,1565.01,3.0,0.05,False,True,boleto,CTBA,
1100,140.0,2025-08-15 00:00:00,Eletrônicos,715.7,1.0,0.0,False,True,Cartão ,Sao Jose dos Campos,Entrega atrasada
2805,893.0,2024-05-21 00:00:00,Eletrônicos,210.24,1.0,0.0,False,True,,GOIANI A ,cliente reclamou
200,726.0,2024-10-02 00:00:00,Brinquedos,191.35,3.0,0.0,False,True,boleto,SAO JOSE DOSC AMPOS,
4410,,2022-05-18 00:00:00,Escritório,203.7,1.0,0.0,False,True,dinheiro,Brasília,cliente reclamou
2436,1079.0,2024-05-06 00:00:00,Informática,2054.94,2.0,0.0,False,True,Cartão ,GOIANIA,
6756,1047.0,2022-06-29 00:00:00,Eletrônicos,864.27,1.0,0.0,False,True,Cartão ,rio,telefone inválido
5606,725.0,2024-10-08 00:00:00,Escritório,0.0,1.0,0.0,False,True,cartao,BH,Entrega atrasada
2216,1091.0,2023-02-25 00:00:00,Móveis,3046.79,2.0,0.0,False,True,Cartão ,bh,telefone inválido
4028,197.0,2025-08-08 00:00:00,Informática,984.82,1.0,0.0,False,True,,poa,telefone inválido
6169,1333.0,2022-04-10 00:00:00,Informática,1200.07,1.0,0.3,False,True,cartao,  campinas ,telefone inválido
5670,116.0,2022-09-25 00:00:00,Eletrônicos,573.52,1.0,0.0,False,True,cartao,RJ,ok
412,216.0,2025-03-26 00:00:00,Eletrônicos,648.07,1.0,0.0,False,True,cartao,rj,ok
846,20.0,2029-12-25 00:00:00,Brinquedos,166.02,3.0,0.0,False,True,Cartão ,Sao Paulo,
3658,447.0,2022-08-02 00:00:00,Móveis,1096.31,1.0,0.0,False,False,boleto, manaus,telefone inválido
1157,321.0,2024-11-11 00:00:00,Escritório,160.66,0.1,1.0,False,True,pix, BH ,Entrega atrasada
3921,1109.0,2023-05-24 00:00:00,Escritório,169.58,1.0,0.0,False,True,dinheiro,Recife,Entrega atrasada
6496,219.0,2024-07-17 00:00:00,Acessórios,37.22,1.0,0.0,False,True,boleto,  Rio de Janeiro,
2568,1060.0,2022-08-10 00:00:00,Brinquedos,218.35,3.0,0.0,False,True,boleto,POA,ok
841,225.0,2024-09-04 00:00:00,Alimentos,33.2,2.0,0.0,False,True,,PORTO ALEGRE,ok
6113,1062.0,2023-08-17 00:00:00,Eletrônicos,1299.23,2.0,0.0,False,True,,MANAUS,Entrega atrasada
3152,504.0,2023-09-04 00:00:00,Escritório,190.61,1.0,0.0,False,True,dinheiro,Belo Horizonte,
22,573.0,2022-07-14 00:00:00,Escritório,369.72,2.0,0.0,False,True,pix,NITEROI,
6331,100.0,2023-12-21 00:00:00,Móveis,1886.84,1.0,0.0,False,True,,Sao Josed os Campos,
2126,1486.0,2023-08-01 00:00:00,Escritório,109.75,1.0,0.0,False,True,dinheiro,Zon aSul,Entrega atrasada
4758,,2024-01-05 00:00:00,informática,1122.64,1.0,0.0,False,True,dinheiro,manaus,
6245,385.0,2024-08-28 00:00:00,Acessórios,139.38,2.0,0.0,False,True,boleto,RIOD E JANEIRO,
631,809.0,2023-11-24 00:00:00,Acessórios,71.33,1.0,0.0,False,True,pix,  CTBA ,Entrega atrasada
3924,309.0,2023-10-24 00:00:00,Móveis,1396.18,1.0,0.0,False,True,boleto,rio,ok
5981,972.0,2022-12-25 00:00:00,Acessórios,81.41,1.0,0.0,False,True,boleto,POA,telefone inválido
958,672.0,2023-08-25 00:00:00,Alimentos,52.41,2.0,0.0,False,True,pix,  BH,Entrega atrasada
1555,945.0,2023-03-25 00:00:00,ESCRITÓIRO,1141.91,5.0,0.0,False,True,boleto,Sao Paulo,telefone inválido
3072,1491.0,2025-05-29 00:00:00,Informática,1652.18,2.0,0.0,False,True,dinheiro,Rio,
3329,841.0,2022-11-08 00:00:00,Escritório,222.03,1.0,0.0,False,True,Cartão ,SãoPaulo,
6410,616.0,2024-05-25 00:00:00,Escritório,208.97,1.0,0.0,False,True,cartao,Salvador,telefone inválido
4126,78.0,2022-02-02 00:00:00,Informática,1187.36,1.0,0.0,False,True,Cartão ,SãoPaulo,
1163,508.0,2022-07-05 00:00:00,Brinquedos,194.25,4.0,0.0,False,True,boleto,  Zona Sul,
3522,464.0,2022-07-26 00:00:00,Eletrônicos,984.41,2.0,0.0,False,True,dinheiro,  ,Entrega atrasada
1473,606.0,2025-03-05 00:00:00,Escritório,209.31,2.0,0.3,False,True,pix,sp,telefone inválido
3456,877.0,2023-03-09 00:00:00,Informática,1166.96,1.0,0.0,False,True,cartao,RIO DE JANEIOR,telefone inválido
292,1107.0,2022-01-07 00:00:00,Informática,1210.59,1.0,0.0,False,True,,POA,Entrega atrasada
2192,355.0,2024-09-21 00:00:00,Escritório,160.16,1.0,0.0,False,True,,INTERIOR,
2560,350.0,2024-01-07 00:00:00,Informática,797.54,1.0,0.0,False,True,pix,SÃO PAULO,ok
4889,230.0,2023-05-12 00:00:00,Informática,1009.29,1.0,0.0,False,True,boleto,SÃO PAULO,cliente reclamou
557,20.0,2025-05-08 00:00:00,Acessórios,39.56,1.0,0.0,False,True,dinheiro,SaoP aulo,ok
1186,745.0,2022-11-30 00:00:00,Escritório,247.72,1.0,0.0,False,True,cartao, PORTO ALEGRE,
5338,412.0,2025-03-24 00:00:00,Brinquedos,137.72,2.0,0.0,False,True,pix,savlador,cliente reclamou
752,1006.0,2023-05-24 00:00:00,Eletrônicos,631.3,1.0,0.0,False,True,,SAO JOSE DOS CAMPOS,ok
3635,1147.0,2025-07-02 00:00:00,Alimentos,51.94,2.0,0.0,False,True,boleto,são paulo ,
329,199.0,2024-02-23 00:00:00,Eletrônicos,1534.94,2.0,0.05,False,True,,Interior,telefone inválido
3359,24.0,2025-05-20 00:00:00,Eletrônicos,568.52,1.0,0.1,False,True,cartao,SP,Entrega atrasada
3944,747.0,2023-08-08 00:00:00,Acessórios,109.06,2.0,0.0,False,True,dinheiro,Sao Jose dos Campos,telefone inválido
2779,322.0,2025-05-19 00:00:00,ELTERÔNICOS,894.78,1.0,0.0,False,True,,  SJC ,cliente reclamou
4962,857.0,2023-02-22 00:00:00,Eletrônicos,536.92,1.0,0.0,False,True,Cartão ,salvador,
2251,1123.0,2024-01-16 00:00:00,Informática,820.59,1.0,0.0,False,True,boleto,Porto Alegre,
1925,1261.0,2025-03-13 00:00:00,Móveis,1425.12,1.0,0.0,False,True,cartao,Brasília,
6942,558.0,2024-07-25 00:00:00,Informática,377.37,1.0,0.3,False,True,dinheiro,Vila Velha,ok
5863,327.0,2023-04-07 00:00:00,Alimentos,56.53,3.0,0.0,False,True,dinheiro,Manaus,ok
6075,99.0,2024-02-23 00:00:00,Eletrônicos,525.35,1.0,0.0,False,True,boleto,Porto Alegre,telefone inválido
3591,1257.0,2023-02-07 00:00:00,Móveis,1911.01,2.0,0.0,False,True,boleto,,telefone inválido
5455,196.0,2024-12-25 00:00:00,Informática,994.38,1.0,0.0,False,True,pix,rbasília,
6442,26.0,2024-07-26 00:00:00,Escritório,800.15,4.0,0.0,False,True,Cartão ,SÃOPAULO,Entrega atrasada
2688,632.0,2023-01-06 00:00:00,Brinquedos,166.77,2.0,0.0,False,True,cartao,  sp  ,
3531,353.0,2022-09-19 00:00:00,Informática,9999999.99,1.0,0.0,False,True,cartao,Porto Alegre,telefone inválido
3741,1107.0,2024-12-12 00:00:00,Móveis,1527.58,1.0,0.0,False,True,pix,SAO PAULO CENTRO,
660,515.0,2025-07-08 00:00:00,Acessórios,41.17,1.0,0.0,True,True,Cartão ,  interior ,Entrega atrasada
6588,831.0,2022-02-18 00:00:00,Informática,682.34,1.0,0.3,True,True,Cartão ,SJC,Entrega atrasada
634,712.0,2022-08-02 00:00:00,Alimentos,63.01,4.0,0.0,False,True,cartao,RIO DE JANEIRO,telefone inválido
1076,812.0,2023-10-29 00:00:00,Eletrônicos,508.09,1.0,0.0,False,True,Cartão , sao paulo centro ,telefone inválido
2660,896.0,2023-05-20 00:00:00,Eletrônicos,570.09,1.0,0.0,False,True,Cartão ,  sao paulo ,telefone inválido
3111,1239.0,2022-12-26 00:00:00,Escritório,0.0,1.0,0.3,False,True,Cartão ,São Paulo,
453,1103.0,2025-07-03 00:00:00,Acessórios,48.56,1.0,0.0,False,True,,Rio,ok
917,710.0,2022-01-02 00:00:00,Escritório,0.0,,0.0,False,True,,Zona Sul ,ok
6518,998.0,2024-11-12 00:00:00,Alimentos,133.08,5.0,0.0,False,True,Cartão , Belo Horizonte  ,telefone inválido
2522,432.0,2023-09-04 00:00:00,Alimentos,32.67,4.0,0.05,False,True,Cartão ,rio de jaeniro,cliente reclamou
5839,1151.0,2022-09-26 00:00:00,Eletrônicos,2662.69,3.0,0.0,False,True,dinheiro,rio de janeiro,Entrega atrasada
1582,208.0,2024-12-03 00:00:00,Informática,4318.63,3.0,0.0,False,True,boleto,Curitiba,Entrega atrasada
148,468.0,2022-10-13 00:00:00,Móveis,8192.61,6.0,0.0,False,True,boleto,Manaus,
2667,1360.0,2022-02-27 00:00:00,Acessórios,40.9,1.0,0.0,False,True,boleto, SP ,cliente reclamou
1248,1158.0,2024-02-03 00:00:00,Alimentos,72.47,6.0,0.0,False,True,dinheiro,  Niteroi,cliente reclamou
367,985.0,2022-11-04 00:00:00,Eletrônicos,1324.67,1.0,0.0,False,True,Cartão ,sp,
6904,1053.0,2023-11-10 00:00:00,Acessórios,65.69,1.0,0.0,False,True,Cartão , niterói ,Entrega atrasada
3026,232.0,2023-07-24 00:00:00,Eletrônicos,597.79,1.0,0.0,False,True,cartao,  Sao Paulo Centro,cliente reclamou
2214,873.0,2025-08-25 00:00:00,Eletrônicos,860.34,,0.0,False,True,cartao,,
3602,784.0,2023-08-27 00:00:00,Brinquedos,145.67,3.0,0.3,False,True,dinheiro,oZna Sul,
5034,,2024-07-20 00:00:00,Alimentos,42.54,2.0,0.0,False,True,cartao,CTBA,ok
5090,362.0,2022-08-03 00:00:00,Eletrônicos,556.68,1.0,0.0,False,True,boleto,INTERIOR,cliente reclamou
3176,118.0,2023-09-30 00:00:00,Eletrônicos,825.47,1.0,0.0,False,True,boleto,  fortaleza,cliente reclamou
110,,2023-10-01 00:00:00,Escritório,442.95,3.0,0.0,False,False,pix,CTBA,
6456,40.0,2022-11-22 00:00:00,Escritório,274.24,1.0,0.0,False,True,cartao,poa,ok
2485,252.0,2023-02-17 00:00:00,Escritório,206.08,1.0,0.0,False,True,pix,São Paulo,ok
6484,449.0,2025-06-11 00:00:00,Informática,608.78,1.0,0.0,False,True,dinheiro,POA,cliente reclamou
868,872.0,2023-08-19 00:00:00,Eletrônicos,653.69,1.0,0.0,False,True,pix,Porto Alegre,
1012,1244.0,2022-11-12 00:00:00,Alimentos,93.19,3.0,0.1,False,True,dinheiro,Sao Paulo Centro,ok
1132,987.0,2023-01-15 00:00:00,Móveis,767.51,1.0,0.0,False,True,Cartão ,sjc,ok
4703,645.0,2022-07-23 00:00:00,Informática,83.91,1.0,0.15,False,True,cartao,niterói,
4512,932.0,2022-11-03 00:00:00,Escritório,205.68,1.0,0.0,False,True,,RIO,cliente reclamou
6838,854.0,2023-07-04 00:00:00,Móveis,2638.92,2.0,0.1,False,True,pix,Fortaleza,Entrega atrasada
5511,1050.0,2022-01-22 00:00:00,Acessórios,16.26,1.0,0.1,False,True,dinheiro,BH,telefone inválido
1321,164.0,2022-10-11 00:00:00,Eletrônicos,1487.51,2.0,0.0,False,True,cartao,riod e janeiro,Entrega atrasada
2914,1169.0,2024-01-29 00:00:00,Informática,1065.05,1.0,0.0,False,True,boleto,BH,cliente reclamou
2119,519.0,2023-02-30,Alimentos,20.93,1.0,0.0,False,True,,SJC,
2623,191.0,2023-09-15 00:00:00,Móveis,4262.22,4.0,0.0,False,True,pix,SP,cliente reclamou
2722,608.0,2023-02-17 00:00:00,Escritório,138.43,1.0,0.0,False,True,dinheiro,niterói,telefone inválido
4034,993.0,2022-09-23 00:00:00,Escritório,146.1,1.0,0.0,False,True,pix,SP,cliente reclamou
2454,1134.0,2025-05-27 00:00:00,Eletrônicos,623.14,1.0,0.0,False,True,pix,POA,
416,,2025-05-01 00:00:00,Escritório,174.6,1.0,0.0,False,True,dinheiro,sao paulo centro,telefone inválido
5900,369.0,2024-10-05 00:00:00,Informática,899.75,1.0,0.0,False,True,dinheiro, Rio ,
679,969.0,2025-03-21 00:00:00,Eletrônicos,1072.38,1.0,0.0,False,True,,  Belo Horizonte ,
4368,931.0,2024-06-08 00:00:00,Escritório,1024.85,4.0,0.0,False,True,,Sao Paulo Centro,
3603,560.0,2024-03-15 00:00:00,Alimentos,32.87,,0.0,False,True,pix,INTERIOR,cliente reclamou
4689,692.0,2022-02-05 00:00:00,Móveis,1557.56,1.0,0.0,False,True,boleto,POA,cliente reclamou
1290,1275.0,2025-03-27 00:00:00,Eletrônicos,537.0,1.0,0.0,False,True,,sao paulo,
2902,798.0,2025-02-22 00:00:00,Informática,1246.53,1.0,0.0,False,True,Cartão , SãoPaulo ,telefone inválido
217,978.0,2022-06-03 00:00:00,Móveis,1731.14,1.0,0.0,False,True,,POA,cliente reclamou
5591,472.0,2025-06-08 00:00:00,Informática,537.5,1.0,0.0,False,True,dinheiro,rio,cliente reclamou
3548,633.0,2023-01-03 00:00:00,Móveis,1937.77,2.0,0.0,False,True,dinheiro,SJC ,telefone inválido
1217,125.0,2024-11-03 00:00:00,Acessórios,36.57,1.0,0.3,False,True,cartao,sjc,
6289,6.0,2023-05-24 00:00:00,,0.0,5.0,0.0,False,True,Cartão ,Goiania,Entrega atrasada
3631,930.0,2025-08-24 00:00:00,Eletrônicos,675.01,2.0,0.3,False,True,dinheiro,Rio,Entrega atrasada
3281,865.0,2029-12-25 00:00:00,Eletrônicos,2280.63,,0.0,False,True,cartao,,ok
862,1233.0,2023-08-24 00:00:00,Informática,652.11,1.0,0.0,False,True,,Niteroi,cliente reclamou
2955,97.0,2022-03-01 00:00:00,Eletrônicos,0.0,2.0,0.0,False,True,,Belo Horizonte,ok
3215,258.0,2022-07-06 00:00:00,Escritório,137.84,1.0,0.05,False,True,pix,CBTA,telefone inválido
2831,712.0,2024-03-29 00:00:00,,233.29,,0.0,False,True,pix,SP,Entrega atrasada
6524,1325.0,2025-07-10 00:00:00,Escritório,150.19,1.0,0.1,False,True,dinheiro,RIO DE JANEIRO,
2504,211.0,2024-01-23 00:00:00,Eletrônicos,654.22,1.0,0.0,False,True,cartao,Sao Paulo ,Entrega atrasada
1098,336.0,2025-04-13 00:00:00,Eletrônicos,538.17,1.0,0.0,False,True,Cartão ,são paulo,cliente reclamou
1907,90.0,2022-02-14 00:00:00,escritorio,93.37,1.0,0.0,False,True,Cartão ,belo horizonte,ok
6996,756.0,2023-01-11 00:00:00,Eletrônicos,376.42,1.0,0.0,False,True,boleto,fortlaeza,telefone inválido
5098,2.0,2024-10-01 00:00:00,Brinquedos,131.86,2.0,0.0,True,True,Cartão ,CTBA,cliente reclamou
463,1240.0,2024-12-30 00:00:00,Informática,1348.82,1.0,0.0,False,True,boleto,Niterio,
6947,1128.0,2023-06-28 00:00:00,Acessórios,56.93,2.0,0.0,False,True,boleto,Sao Jose dos Campos,telefone inválido
5596,1185.0,2025-02-25 00:00:00,Brinquedos,351.65,4.0,0.0,False,True,,Sao Paulo Centro,telefone inválido
32,1152.0,2023-12-22 00:00:00,Informática,1192.22,1.0,0.0,False,True,cartao,Campinsa,cliente reclamou
2025,230.0,2025-09-21 00:00:00,Acessórios,86.5,2.0,0.0,False,True,,,telefone inválido
5541,643.0,2022-03-07 00:00:00,Informática,1236.02,1.0,0.0,False,True,pix,rio de janeiro,ok
6751,1200.0,2024-07-11 00:00:00,Eletrônicos,866.08,2.0,0.3,True,True,boleto,Camipnas,
4004,1083.0,2022-07-22 00:00:00,Escritório,424.74,2.0,0.0,False,True,Cartão ,sãopaulo,telefone inválido
4472,1060.0,2024-12-01 00:00:00,Brinquedos,287.84,3.0,0.0,False,False,,Sao Paulo Centro,telefone inválido
5982,677.0,2025-04-30 00:00:00,Eletrônicos,471.3,1.0,0.0,False,True,Cartão ,  OFRTALEZA  ,Entrega atrasada
6948,102.0,2023-07-07 00:00:00,Móveis,3717.58,3.0,0.0,False,True,Cartão , INTERIOR ,telefone inválido
2103,557.0,2022-05-19 00:00:00,Informática,655.7,1.0,0.0,False,True,dinheiro,  ,
5112,1094.0,2023-02-30,Eletrônicos,748.68,1.0,0.0,False,True,cartao,PORTO ALEGRE,ok
953,1499.0,2023-01-25 00:00:00,,121.24,1.0,0.0,False,True,pix,oPrto Alegre,cliente reclamou
6768,718.0,2023-07-26 00:00:00,Brinquedos,249.69,3.0,0.0,False,True,dinheiro,Salvaodr,cliente reclamou
6178,729.0,2023-06-30 00:00:00,Alimentos,70.98,3.0,0.0,False,True,pix,POA,ok
3166,750.0,2025-02-20 00:00:00,Brinquedos,63.29,1.0,0.0,False,True,,rio de janeiro,
651,913.0,2022-12-28 00:00:00,Informática,1558.86,1.0,0.0,False,True,pix,interior,Entrega atrasada
4196,658.0,2024-03-23 00:00:00,Alimentos,34.5,2.0,0.0,False,True,dinheiro, Sao Paulo Centro,cliente reclamou
1407,327.0,2022-06-11 00:00:00,Eletrônicos,617.45,1.0,0.0,False,True,Cartão ,RJ,
3849,202.0,2023-02-05 00:00:00,Eletrônicos,995.23,2.0,0.0,False,True,dinheiro,rio de janeiro,Entrega atrasada
600,104.0,2024-02-03 00:00:00,Escritório,217.24,1.0,0.0,False,True,cartao,Brasilia,ok
4462,16.0,2022-09-19 00:00:00,Eletrônicos,568.19,1.0,0.0,False,True,boleto,POA,
1440,1005.0,2025-09-19 00:00:00,Alimentos,41.24,2.0,0.0,False,True,boleto,BH,telefone inválido
3263,832.0,2023-03-15 00:00:00,Informática,5222.44,4.0,0.0,False,True,,sao jose dos camops,telefone inválido
2476,875.0,2022-04-22 00:00:00,Alimentos,25.68,2.0,0.0,False,True,pix,Zona Sul,
3991,761.0,2024-11-01 00:00:00,Informática,1060.22,1.0,0.05,False,True,Cartão , poa  ,Entrega atrasada
6131,895.0,2023-07-17 00:00:00,Alimentos,63.69,4.0,0.0,False,True,,RIO,
1921,287.0,2035-01-01 00:00:00,Informática,1312.29,2.0,0.3,False,True,dinheiro,são paulo,
3011,1137.0,2024-09-09 00:00:00,Alimentos,93.57,4.0,0.0,False,False,,são paulo,
6313,1140.0,2023-08-29 00:00:00,Informática,1317.73,1.0,0.0,False,True,boleto,  RECIFE  ,telefone inválido
3074,1202.0,2025-01-01 00:00:00,Informática,986.06,1.0,0.0,False,True,Cartão ,goainia,
930,1489.0,2025-03-22 00:00:00,Informática,0.0,3.0,0.0,False,True,dinheiro,Campinas,
722,527.0,2024-02-21 00:00:00,Móveis,1134.05,1.0,0.0,False,True,dinheiro,RJ,
6845,169.0,2022-12-20 00:00:00,Acessórios,147.71,3.0,0.0,False,True,Cartão ,Zona Sul,Entrega atrasada
3863,144.0,2024-06-17 00:00:00,Informática,2159.06,4.0,0.0,False,False,cartao,Rio  ,Entrega atrasada
5767,300.0,2025-05-29 00:00:00,Brinquedos,151.51,3.0,0.0,True,True,cartao,POA,telefone inválido
4582,1228.0,2022-10-28 00:00:00,Escritório,147.22,1.0,0.1,False,True,dinheiro,BH,cliente reclamou
1742,802.0,2022-05-08 00:00:00,Informática,1395.96,2.0,0.05,False,True,Cartão ,Rceife,Entrega atrasada
501,487.0,2023-09-20 00:00:00,Informática,716.48,1.0,0.0,False,True,pix,  GOIANIA,Entrega atrasada
804,1241.0,2025-10-22 00:00:00,Escritório,372.44,2.0,0.0,False,True,Cartão ,BARSÍLIA,telefone inválido
5046,212.0,2022-03-27 00:00:00,Eletrônicos,274.43,1.0,0.3,False,True,Cartão ,Niteroi,
5272,964.0,2022-11-15 00:00:00,Brinquedos,161.7,3.0,0.0,False,True,Cartão ,Interior,
889,276.0,2024-10-24 00:00:00,Informática,1008.57,1.0,0.0,False,True,dinheiro,Manaus,
2942,659.0,2023-08-21 00:00:00,Alimentos,62.81,3.0,0.0,False,True,dinheiro,SAO PAULO,ok
5955,1204.0,2023-12-03 00:00:00,Escritório,263.99,1.0,0.0,False,True,dinheiro,,
2711,1117.0,2024-06-04 00:00:00,Móveis,652.28,1.0,0.3,False,True,dinheiro,RIO,Entrega atrasada
2769,451.0,2024-08-27 00:00:00,Acessórios,101.54,2.0,0.0,False,True,pix,CTBA,ok
4667,430.0,2023-12-17 00:00:00,Informática,1041.52,1.0,0.0,False,True,cartao,RECIFE,ok
6713,1420.0,2029-12-25 00:00:00,Informática,1341.53,1.0,0.0,False,True,Cartão ,Zona Sul,
606,1168.0,2023-04-03 00:00:00,Informática,1021.46,2.0,0.0,False,True,cartao,Sao Jose dos Campos,cliente reclamou
6380,852.0,2025-03-13 00:00:00,Acessórios,38.1,1.0,0.0,False,True,, Rio de Janeiro  ,
3366,839.0,2025-05-08 00:00:00,Eletrônicos,501.82,1.0,0.0,False,True,boleto,RJ,
6809,382.0,2025-02-23 00:00:00,Acessórios,43.96,1.0,0.1,False,True,boleto,BRSAÍLIA,
5417,837.0,2022-04-01 00:00:00,Acessórios,54.02,1.0,0.0,False,True,cartao, POA,ok
4263,1040.0,2022-05-19 00:00:00,Eletrônicos,477.36,1.0,0.0,False,True,boleto, são paulo ,telefone inválido
344,766.0,2022-05-19 00:00:00,Alimentos,63.51,3.0,0.0,False,True,dinheiro,  POA,
4929,94.0,2023-02-28 00:00:00,Informática,1288.29,1.0,0.0,False,True,cartao,porto alegre,
2086,710.0,2022-12-11 00:00:00,Eletrônicos,1023.19,1.0,0.0,False,True,cartao,Campinas,
5754,540.0,2022-12-05 00:00:00,Informática,2211.4,2.0,0.0,False,True,,Sao Paulo,telefone inválido
6668,147.0,2023-07-13 00:00:00,Eletrônicos,587.7,1.0,0.0,False,True,cartao,SP,
3871,1496.0,2022-04-27 00:00:00,Informática,824.94,1.0,0.0,False,True,dinheiro,,cliente reclamou
813,27.0,2023-08-16 00:00:00,Acessórios,46.08,1.0,0.0,False,True,,Sao Jose dos Campos,cliente reclamou
1373,231.0,2023-02-17 00:00:00,Informática,730.66,1.0,0.3,False,True,cartao,rio de janeiro,ok
3780,624.0,2022-10-01 00:00:00,Eletrônicos,893.67,2.0,0.05,False,True,dinheiro,RIO DE JANEIRO,cliente reclamou
3187,875.0,2022-11-20 00:00:00,Escritório,256.02,1.0,0.0,False,True,,Porto Alegre,
6334,,2022-10-07 00:00:00,Escritório,282.38,1.0,0.0,False,True,Cartão ,Campinas,
5934,17.0,2022-12-05 00:00:00,Eletrônicos,478.31,1.0,0.0,False,True,,Zona Sul,cliente reclamou
5452,306.0,2023-03-19 00:00:00,Eletrônicos,1017.86,2.0,0.0,False,True,,SÃOPAULO,telefone inválido
5104,433.0,2023-10-11 00:00:00,Escritório,370.43,2.0,0.0,False,True,dinheiro,salvador  ,
1111,1130.0,2024-03-03 00:00:00,Alimentos,96.75,4.0,0.0,False,True,boleto,BELO HORIZONTE,cliente reclamou
5959,1224.0,2023-07-25 00:00:00,,0.0,3.0,0.0,False,True,dinheiro,SAO PAULO CENTRO,cliente reclamou
4152,348.0,2024-06-29 00:00:00,Informática,302177.77,2.0,0.0,False,False,Cartão ,rio de janeiro,
3587,,2022-05-14 00:00:00,Alimentos,81.23,4.0,0.0,False,True,cartao,,
3089,49.0,2029-12-25 00:00:00,Acessórios,65.8,1.0,0.0,False,True,pix,Camipnas,
6559,1186.0,2023-04-03 00:00:00,Acessórios,122.56,2.0,0.0,False,True,dinheiro,BH,Entrega atrasada
105,,2024-05-11 00:00:00,Móveis,1425.29,1.0,0.05,False,True,pix,rio de janeiro,telefone inválido
1884,1223.0,2024-01-08 00:00:00,Alimentos,18.67,1.0,0.0,False,True,pix,SP,
1304,399.0,2024-03-06 00:00:00,Escritório,185.11,1.0,0.0,False,True,dinheiro,BH,
6896,1188.0,2024-06-01 00:00:00,Acessórios,64.59,1.0,0.0,False,True,Cartão ,salvador,
6680,1152.0,2023-01-27 00:00:00,Informática,899.97,1.0,0.0,False,True,Cartão ,sao paulo,ok
5039,314.0,2023-09-28 00:00:00,Alimentos,113.57,6.0,0.3,False,True,dinheiro,  Sao Jose dos Campos ,Entrega atrasada
4050,213.0,2022-01-27 00:00:00,Acessórios,72.6,2.0,0.0,False,True,Cartão ,vila velha,
6613,543.0,2023-01-15 00:00:00,Escritório,130.59,1.0,0.0,False,True,boleto, SãoPaulo,
4957,302.0,2022-09-16 00:00:00,Escritório,141.73,1.0,0.0,False,False,boleto,Porto Aleger,telefone inválido
5291,437.0,2022-10-11 00:00:00,Alimentos,28.79,2.0,0.0,False,True,boleto,  GOIANIA,
5967,717.0,2025-04-17 00:00:00,Informática,2635.46,2.0,0.0,False,True,boleto,RIO DE JANEIRO,telefone inválido
3475,235.0,2025-09-28 00:00:00,Informática,3268.18,5.0,0.0,False,True,cartao,CAMPINAS,Entrega atrasada
3364,612.0,2023-04-02 00:00:00,,72.04,2.0,0.0,False,True,Cartão ,Vila Velha,Entrega atrasada
6491,1235.0,2023-11-04 00:00:00,Escritório,210.67,1.0,0.0,False,True,dinheiro,curitiba,ok
5180,210.0,2024-05-18 00:00:00,Brinquedos,62.11,1.0,0.1,False,True,boleto,RECIFE,telefone inválido
5396,145.0,2025-06-02 00:00:00,Escritório,0.0,1.0,0.0,False,False,pix,são pauol,
5462,1399.0,2023-09-16 00:00:00,Informática,1075.71,1.0,0.0,False,True,pix,Interior,cliente reclamou
3383,964.0,2022-11-17 00:00:00,Acessórios,159.14,3.0,0.0,False,True,cartao,SAO JOSE DOS CAMPOS,
6344,90.0,2025-10-22 00:00:00,Móveis,2814.66,2.0,0.0,False,True,,  Interior ,
4868,777.0,2022-10-09 00:00:00,Brinquedos,215.36,3.0,0.0,False,True,cartao,interior,
5530,303.0,2024-10-22 00:00:00,Informática,1567.5,1.0,0.0,False,True,Cartão ,SÃOPAULO,
4398,895.0,2022-07-03 00:00:00,Informática,1080.18,,0.0,False,True,dinheiro,goiania,cliente reclamou
4840,12.0,2024-10-07 00:00:00,Alimentos,170.49,6.0,0.0,False,False,boleto,SALVDAOR  ,cliente reclamou
64,784.0,2022-12-18 00:00:00,Escritório,650.59,3.0,0.0,False,True,boleto,Porto Alegre,telefone inválido
6783,618.0,2024-12-20 00:00:00,Escritório,626.58,2.0,0.0,False,True,cartao,  rio de janeiro,ok
620,347.0,2024-05-06 00:00:00,Acessórios,53.97,1.0,0.0,False,True,dinheiro,RIO,telefone inválido
3707,,2024-04-04 00:00:00,Brinquedos,231.99,2.0,0.0,False,True,cartao,MANAUS,
1977,487.0,2024-04-25 00:00:00,Eletrônicos,633.93,1.0,0.0,False,True,pix,SP,ok
3340,,2024-09-13 00:00:00,Eletrônicos,862.82,1.0,0.0,False,True,cartao,CTBA  ,
6584,884.0,2022-11-19 00:00:00,Móveis,1811.9,1.0,0.0,False,True,cartao,RIO DE JANEIRO,Entrega atrasada
5581,,2024-02-03 00:00:00,Eletrônicos,0.0,1.0,0.0,False,True,dinheiro,sao paulo centro,ok
5543,285.0,2029-12-25 00:00:00,Escritório,1143.74,3.0,0.0,False,False,cartao,BH,cliente reclamou
3572,35.0,2025-01-02 00:00:00,Alimentos,74.69,4.0,0.0,False,True,pix,Zona Sul  ,telefone inválido
4173,49.0,2025-03-27 00:00:00,Informática,638.22,1.0,0.0,False,False,boleto,,
1043,1076.0,2025-09-08 00:00:00,Escritório,264.56,1.0,0.0,False,True,cartao,poa,cliente reclamou
3179,205.0,2023-08-29 00:00:00,Escritório,173.76,0.0,1.0,False,True,cartao, SP,cliente reclamou
4915,376.0,2022-09-28 00:00:00,Informática,933.64,1.0,0.0,False,True,Cartão ,sp,ok
932,255.0,2022-01-15 00:00:00,Informática,1392.19,1.0,0.0,False,True,cartao,sao paulo centro,cliente reclamou
4633,678.0,2022-11-11 00:00:00,Móveis,2240.48,1.0,0.0,False,True,,Rceife  ,ok
6749,1084.0,2022-02-20 00:00:00,Escritório,302.84,2.0,0.0,False,True,cartao,SP,
1311,207.0,2022-01-01 00:00:00,Móveis,2685.13,2.0,0.0,False,True,dinheiro,RIO DE JANEIRO,
4622,63.0,2024-12-14 00:00:00,Escritório,202.39,1.0,0.15,False,True,,Manaus,telefone inválido
1293,1380.0,2024-08-21 00:00:00,Informática,1826.92,2.0,0.0,False,True,Cartão ,SJC,
2390,94.0,2022-08-23 00:00:00,Escritório,65.02,1.0,0.0,False,True,dinheiro,SÃOPAULO,cliente reclamou
3895,1050.0,2024-11-17 00:00:00,Móveis,1380.91,1.0,0.0,False,True,dinheiro,Fortaleza ,Entrega atrasada
1159,153.0,2022-08-23 00:00:00,Móveis,882.54,1.0,0.0,False,True,cartao,Rio,
2658,521.0,2022-03-15 00:00:00,Escritório,229.72,1.0,0.0,False,True,cartao,Interior,cliente reclamou
6892,912.0,2023-08-26 00:00:00,Alimentos,40.11,2.0,0.0,False,True,dinheiro,cliente reclamou,vila velha
6023,968.0,2022-06-01 00:00:00,Escritório,191.8,1.0,0.0,False,True,pix, brasília ,cliente reclamou
5704,599.0,2024-06-21 00:00:00,Eletrônicos,522.27,1.0,0.0,False,True,pix,bh,
2727,1317.0,2022-11-07 00:00:00,Eletrônicos,727.49,1.0,0.0,False,True,boleto,  sp ,cliente reclamou
1529,556.0,2023-04-04 00:00:00,Informática,934.16,1.0,0.0,False,True,Cartão ,Niterói,Entrega atrasada
409,,2023-03-24 00:00:00,,3323.41,4.0,0.0,False,True,cartao,goiaina,telefone inválido
948,46.0,2024-10-04 00:00:00,Eletrônicos,432.07,1.0,0.0,False,True,,BELO HORIZONTE,
2945,155.0,2022-10-30 00:00:00,Escritório,398.26,2.0,0.0,False,True,dinheiro,BH,Entrega atrasada
6396,1070.0,2024-09-24 00:00:00,Alimentos,75.48,3.0,0.0,False,True,Cartão ,sjc,
5977,1021.0,2025-08-05 00:00:00,Acessórios,37.36,1.0,0.0,False,True,dinheiro,sãopaulo,telefone inválido
497,92.0,2024-04-04 00:00:00,Móveis,1087.31,1.0,0.0,False,True,dinheiro,Manaus,
3576,107.0,2022-10-07 00:00:00,Alimentos,99.98,6.0,0.0,False,True,cartao,POA,
6911,507.0,2023-07-31 00:00:00,Acessórios,140.64,3.0,0.0,False,True,Cartão ,Brasíila,
1922,1196.0,2024-12-15 00:00:00,Móveis,1384.31,1.0,0.0,False,True,Cartão ,Brasília,Entrega atrasada
3902,453.0,2024-03-31 00:00:00,Escritório,156.77,1.0,0.3,False,True,cartao,São Paulo,telefone inválido
6848,5.0,2024-02-26 00:00:00,Brinquedos,52.37,1.0,0.0,False,True,cartao,  BELO HORIZONTE  ,ok
789,756.0,2022-09-22 00:00:00,Brinquedos,194.13,3.0,0.0,False,True,cartao,Vila Velha,cliente reclamou
6511,343.0,2023-03-23 00:00:00,Eletrônicos,700.45,1.0,0.0,False,True,dinheiro,  SP,
3315,482.0,2023-11-02 00:00:00,Acessórios,60.47,1.0,0.0,False,True,dinheiro,RJ,
1523,1063.0,2024-11-14 00:00:00,Brinquedos,123.55,2.0,0.0,False,True,pix, ,ok
487,706.0,2025-07-12 00:00:00,Móveis,994.6,1.0,0.0,False,True,,  Sao Paulo  ,cliente reclamou
3049,389.0,2023-07-24 00:00:00,Brinquedos,44.66,1.0,0.3,True,True,boleto,  POA,telefone inválido
2890,1190.0,2024-01-02 00:00:00,Escritório,122.2,1.0,0.0,False,True,pix,sao paulo centro,
6587,339.0,2025-02-16 00:00:00,Escritório,184.07,1.0,0.0,False,True,,BH,
2610,31.0,2022-12-10 00:00:00,Eletrônicos,697.44,1.0,0.0,False,True,dinheiro,RIO DE JANEIRO,telefone inválido
5779,1024.0,2023-03-12 00:00:00,Informática,1643.51,2.0,0.0,False,True,boleto,SJC,ok
6195,1285.0,2023-02-06 00:00:00,Eletrônicos,672.34,1.0,0.0,False,True,dinheiro,,Entrega atrasada
4978,1380.0,2035-01-01 00:00:00,Escritório,93.72,1.0,0.3,False,True,dinheiro,sp,ok
4237,436.0,2025-03-24 00:00:00,Acessórios,51.03,1.0,0.0,False,True,,niterói,cliente reclamou
1509,188.0,2024-08-29 00:00:00,Eletrônicos,2068.69,3.0,0.0,False,True,boleto,RIO DE JANEIRO,telefone inválido
5149,144.0,2025-03-15 00:00:00,Eletrônicos,405.64,1.0,0.0,False,False,cartao, bh,
2417,681.0,2023-01-29 00:00:00,Escritório,660.79,3.0,0.0,False,True,,goiania,telefone inválido
583,1157.0,2022-10-13 00:00:00,Informática,9999999.99,-3.0,0.0,False,True,boleto,SÃOPAULO,telefone inválido
2409,657.0,2024-06-14 00:00:00,Brinquedos,422.15,6.0,0.1,False,True,cartao,CTBA,cliente reclamou
5687,991.0,2025-08-11 00:00:00,Acessórios,113.38,2.0,0.1,False,True,,RIO ,
493,1061.0,2023-09-03 00:00:00,Escritório,155.28,1.0,0.0,False,True,,bh,
5580,1348.0,2022-02-23 00:00:00,Eletrônicos,707.8,1.0,0.0,False,False,pix,Belo Horizonte,cliente reclamou
3020,679.0,2022-04-07 00:00:00,Escritório,156.94,1.0,0.0,False,True,pix,VILA VEHLA,
1412,971.0,2025-07-31 00:00:00,Informática,2722.66,4.0,0.0,False,True,,BRASÍLIA,
4221,709.0,2023-03-05 00:00:00,Acessórios,52.84,1.0,0.0,False,True,cartao,rio de jnaeiro,
1989,106.0,2023-05-21 00:00:00,Eletrônicos,625.46,1.0,0.0,False,True,,Rio,telefone inválido
4662,406.0,2023-05-07 00:00:00,Alimentos,61.33,2.0,0.05,False,True,,CURITIBA,ok
4891,429.0,2023-06-03 00:00:00,Escritório,325.09,2.0,0.1,False,True,,SALVADOR,
3651,225.0,2023-12-18 00:00:00,Móveis,1437.86,1.0,0.0,False,True,pix,MANAUS,cliente reclamou
5620,779.0,2024-09-27 00:00:00,Eletrônicos,742.61,1.0,0.0,False,True,cartao,brasilia,
6155,114.0,2022-08-27 00:00:00,Informática,866.15,1.0,0.0,False,True,pix,Interior,telefone inválido
2326,1153.0,2025-02-08 00:00:00,Acessórios,95.47,,0.0,False,True,boleto,FORTALEZA,Entrega atrasada
5908,850.0,2024-08-31 00:00:00,Escritório,188.36,1.0,0.0,False,True,,Fortaleza,
295,823.0,2023-03-13 00:00:00,Escritório,164.2,,0.05,False,True,pix,Sao Paulo,
3271,289.0,2022-04-13 00:00:00,Escritório,1073.81,5.0,0.1,False,True,dinheiro,Sao Paulo Centro,
6861,1172.0,2029-12-25 00:00:00,Escritório,237.55,1.0,0.0,False,True,Cartão ,BH,Entrega atrasada
6422,1155.0,2022-05-03 00:00:00,Informática,1745.83,2.0,0.0,False,True,,BH,Entrega atrasada
60,1072.0,2023-03-09 00:00:00,Eletrônicos,944.68,1.0,0.0,False,True,boleto,Sao Jose dos Campos,
4625,1015.0,2023-09-21 00:00:00,Informática,480.73,1.0,0.0,False,True,,RIO DE JANEIRO,
1730,69.0,2025-05-11 00:00:00,Escritório,122.74,1.0,0.0,False,True,boleto,Niteori,cliente reclamou
3158,421.0,2023-12-12 00:00:00,Escritório,496.18,2.0,0.0,False,True,boleto,NITERÓI,
5992,442.0,2024-08-03 00:00:00,Informática,3459.48,3.0,0.0,False,True,cartao,Curitiba,cliente reclamou
1340,48.0,2023-12-02 00:00:00,Informática,816.84,1.0,0.0,False,True,cartao,Goiania,telefone inválido
1295,438.0,2024-06-07 00:00:00,Escritório,165.88,1.0,0.0,False,True,cartao,Goiania,cliente reclamou
2164,1150.0,2023-04-15 00:00:00,Acessórios,49.12,1.0,0.0,False,True,,NITEROI,ok
1940,1301.0,2024-06-14 00:00:00,Alimentos,32.53,2.0,0.0,False,True,cartao,Brasília  ,ok
6623,120.0,2025-07-16 00:00:00,Acessórios,71.97,2.0,0.0,False,True,,BH,ok
3862,889.0,2023-01-13 00:00:00,Eletrônicos,2647.31,4.0,0.0,False,True,Cartão ,POA,
486,127.0,2025-10-22 00:00:00,Informática,1106.0,1.0,0.05,False,True,boleto,eRcife,Entrega atrasada
4592,932.0,2024-05-13 00:00:00,Acessórios,26.31,1.0,0.0,False,True,pix,Sao Paulo,telefone inválido
3742,1217.0,2023-02-19 00:00:00,Acessórios,37.91,1.0,0.0,False,True,Cartão , sp,Entrega atrasada
2493,305.0,2024-09-03 00:00:00,Eletrônicos,628.86,1.0,0.0,False,True,cartao,poa,ok
5344,336.0,2022-02-20 00:00:00,Escritório,0.0,3.0,0.0,False,True,Cartão , salvador ,
1793,130.0,2022-10-12 00:00:00,Brinquedos,207.4,3.0,0.0,False,True,cartao,sao jose dos campos,
3956,212.0,2023-08-05 00:00:00,Eletrônicos,961.32,1.0,0.0,False,True,dinheiro,São Paulo,
3280,1494.0,2024-09-04 00:00:00,Eletrônicos,65791.35,1.0,0.0,False,True,dinheiro,Salvador  ,ok
3735,55.0,2022-09-14 00:00:00,Escritório,382.73,2.0,0.0,False,True,Cartão ,SJC,ok
2882,,2023-01-02 00:00:00,Acessórios,53.93,1.0,0.0,False,True,boleto,SJC,Entrega atrasada
5365,220.0,2025-09-04 00:00:00,Informática,1699.22,2.0,0.0,False,True,pix,goiania,telefone inválido
5731,1234.0,2029-12-25 00:00:00,Eletrônicos,774.16,1.0,0.1,False,True,Cartão ,Porto Alegre,
6691,1447.0,2023-11-28 00:00:00,Alimentos,46.84,2.0,0.1,False,True,pix,brasília,
2247,756.0,2022-07-22 00:00:00,Informática,750.18,1.0,0.0,True,True,boleto,Interior,
5739,97.0,2023-08-08 00:00:00,Alimentos,70.62,3.0,0.0,False,True,boleto,Sao Paulo,Entrega atrasada
4039,738.0,2023-12-08 00:00:00,Eletrônicos,2847.26,3.0,0.0,False,True,dinheiro,Salvador,
2243,355.0,2025-06-03 00:00:00,Informática,1241.84,1.0,0.0,False,True,,São Paulo,
1953,498.0,2024-05-07 00:00:00,Escritório,179.53,1.0,0.0,False,True,boleto,INTERIOR,cliente reclamou
2577,1031.0,2025-06-13 00:00:00,Alimentos,164.96,8.0,0.0,False,True,pix,SALVADOR,Entrega atrasada
3818,1142.0,2023-12-24 00:00:00,Brinquedos,181.17,3.0,0.15,False,True,Cartão ,  Fortaleza,ok
5921,295.0,2024-07-31 00:00:00,Escritório,215.28,1.0,0.0,False,True,cartao,RIO,
6359,309.0,2022-01-01 00:00:00,Móveis,1268.97,1.0,0.0,False,True,pix,  SAO PAULO CENTRO  ,
1889,123.0,2023-11-05 00:00:00,Informática,1410.61,1.0,0.0,False,True,,porto alegre,
2037,428.0,2024-02-04 00:00:00,Eletrônicos,587.4,1.0,0.0,False,True,, rio de janeiro ,
3790,782.0,2022-02-10 00:00:00,Brinquedos,159.15,3.0,0.0,False,True,boleto,aSo Paulo Centro,
3914,378.0,2024-08-08 00:00:00,Móveis,4046.02,7.0,0.0,False,True,boleto,  NITEROI  ,
2884,46.0,2023-08-04 00:00:00,Móveis,1284.94,1.0,0.0,False,True,,SP,telefone inválido
1786,350.0,2024-12-07 00:00:00,Móveis,1539.98,1.0,0.0,True,True,dinheiro,BH,cliente reclamou
4707,384.0,2023-03-08 00:00:00,Acessórios,40.47,1.0,0.0,False,True,dinheiro, rio de janeiro,
4822,980.0,2023-01-09 00:00:00,Informática,999.11,1.0,0.0,False,True,,FORTALEZA,telefone inválido
341,,2024-07-21 00:00:00,Escritório,0.0,1.0,0.0,False,True,cartao,Manaus,
1439,83.0,2023-01-10 00:00:00,Brinquedos,203.61,4.0,0.0,False,True,,fortaleza,ok
3262,1076.0,2023-11-25 00:00:00,Escritório,332.31,1.0,0.0,False,True,pix,Rio,ok
867,389.0,2024-08-12 00:00:00,,138.24,1.0,0.0,False,True,Cartão ,ok,sp
6699,724.0,2023-08-02 00:00:00,Escritório,201.17,1.0,0.0,False,True,dinheiro,curitiba,telefone inválido
5105,1257.0,2025-01-13 00:00:00,Informática,771.74,1.0,0.0,False,True,boleto,sãopaulo,
2617,659.0,2022-05-22 00:00:00,Escritório,231.93,1.0,0.0,True,True,,Sao Paulo,
15,1170.0,2023-09-14 00:00:00,Acessórios,82.53,1.0,0.0,False,True,dinheiro,SAO PAULO CENTRO,telefone inválido
2267,1100.0,2025-02-26 00:00:00,Eletrônicos,674.7,0.0,1.0,False,True,Cartão , rj,
3868,575.0,2022-05-13 00:00:00,Acessórios,313.22,6.0,0.0,False,True,boleto,SALVADOR,ok
6624,1020.0,2023-02-14 00:00:00,Acessórios,32.24,1.0,0.0,False,True,pix,CTBA ,
6101,1297.0,2023-09-29 00:00:00,Acessórios,46.04,1.0,0.0,False,True,pix,CTBA,telefone inválido
2641,796.0,2023-11-06 00:00:00,Escritório,296.07,1.0,0.0,False,True,dinheiro,BRASILIA,
3884,488.0,2023-11-24 00:00:00,Informática,1615.38,1.0,0.0,False,True,,RJ,
3043,736.0,2022-06-25 00:00:00,Escritório,187.96,1.0,0.0,False,True,dinheiro,,telefone inválido
4541,893.0,2024-07-20 00:00:00,Móveis,5322.96,4.0,0.0,False,True,,Brasília,telefone inválido
4180,591.0,2022-05-04 00:00:00,Móveis,2791.83,2.0,0.0,False,True,cartao,sp,
2589,,2024-10-15 00:00:00,Acessórios,63.55,1.0,0.0,False,True,,SãoPaulo,ok
978,747.0,2025-08-19 00:00:00,Eletrônicos,500.11,1.0,0.0,False,True,cartao,são paulo,
5575,1435.0,2024-06-26 00:00:00,Informática,0.0,3.0,0.0,False,True,,SP,
4466,22.0,2025-06-24 00:00:00,Acessórios,135.18,3.0,0.0,False,True,dinheiro,Goiania,
4068,662.0,2023-04-19 00:00:00,Móveis,0.0,2.0,0.0,False,True,dinheiro,GOIANIA,Entrega atrasada
1393,624.0,2022-06-12 00:00:00,Escritório,172.73,1.0,0.0,False,True,dinheiro,,cliente reclamou
3702,376.0,2024-12-28 00:00:00,Informática,1349.6,1.0,0.0,False,True,Cartão ,SP,
6142,546.0,2025-09-13 00:00:00,Alimentos,69.32,3.0,0.0,False,True,dinheiro,SAO PAULO CENTRO,
597,1264.0,2024-03-05 00:00:00,Alimentos,79.37,4.0,0.0,False,False,cartao,curitiba,Entrega atrasada
837,194.0,2023-03-18 00:00:00,Escritório,134.1,1.0,0.0,False,True,Cartão ,Salvador,
6298,1109.0,2025-09-23 00:00:00,Brinquedos,199.63,3.0,0.0,False,True,Cartão ,são paulo,
1855,963.0,2022-03-23 00:00:00,Escritório,144.67,1.0,0.0,False,True,cartao,Manaus,Entrega atrasada
1318,932.0,2022-03-31 00:00:00,Eletrônicos,582.87,1.0,0.0,False,True,cartao,sp,ok
4722,394.0,2023-05-23 00:00:00,Móveis,3385.42,3.0,0.0,False,True,cartao,Belo Horizonte,Entrega atrasada
3408,1341.0,2023-07-09 00:00:00,Informática,1522.79,3.0,0.0,False,True,,brasília,
6485,8.0,2023-03-11 00:00:00,Eletrônicos,666.59,1.0,0.0,False,True,pix, Barsília ,
6636,1019.0,2023-02-15 00:00:00,Acessórios,48.65,1.0,0.0,False,True,pix,Manasu,
4236,316.0,2024-02-25 00:00:00,Eletrônicos,913.1,2.0,0.0,False,True,Cartão ,SJC ,telefone inválido
1146,904.0,2025-07-15 00:00:00,Alimentos,53.26,3.0,0.0,False,True,dinheiro,RIO,
626,49.0,2025-01-15 00:00:00,,252.11,3.0,0.0,False,True,pix,bh,
2258,1238.0,2022-02-02 00:00:00,Escritório,169.2,1.0,0.05,False,True,cartao,Fortaleza,telefone inválido
1009,993.0,2023-11-17 00:00:00,Escritório,1008.36,3.0,0.0,False,True,boleto,Goiania,telefone inválido
2651,55.0,2025-08-23 00:00:00,Alimentos,84.4,4.0,0.0,True,True,cartao,Rio de Janeiro,
63,158.0,2025-05-27 00:00:00,Móveis,1689.39,1.0,0.0,False,False,,sao paulo centro,
366,604.0,2025-08-10 00:00:00,Móveis,1358.76,1.0,0.0,False,True,dinheiro,FORTALEZA,cliente reclamou
2135,103.0,2024-08-11 00:00:00,Eletrônicos,925.3,2.0,0.0,False,True,boleto,são paulo,
1296,1161.0,2025-10-28 00:00:00,Informática,0.0,2.0,0.0,False,True,pix,  CTBA ,ok
2334,904.0,2024-07-26 00:00:00,,530.01,2.0,0.0,False,True,dinheiro,,ok
2974,,2022-01-23 00:00:00,Alimentos,67.57,4.0,0.0,False,True,dinheiro,NITEROI,telefone inválido
2264,80.0,2022-04-24 00:00:00,Informática,1052.32,1.0,0.0,False,True,,são pualo,ok
3847,88.0,2024-10-24 00:00:00,Acessórios,34.13,1.0,0.0,False,True,dinheiro,Niteroi,ok
4532,56.0,2022-04-25 00:00:00,Informática,1047.75,1.0,0.0,False,True,cartao,Reicfe,ok
639,1054.0,2022-06-24 00:00:00,Alimentos,82.26,5.0,0.0,False,True,pix, curitiba  ,cliente reclamou
653,539.0,2025-04-06 00:00:00,Escritório,102.05,1.0,0.0,False,True,dinheiro,bh,telefone inválido
4629,1083.0,2024-11-30 00:00:00,Brinquedos,320.45,3.0,0.0,False,True,dinheiro, SãoPaulo ,cliente reclamou
4928,1123.0,2024-03-19 00:00:00,Acessórios,63.25,1.0,0.0,False,True,Cartão ,ZONA SUL,Entrega atrasada
3958,407.0,2022-01-26 00:00:00,Móveis,796.36,1.0,0.0,False,True,boleto,SJC,Entrega atrasada
5762,608.0,2024-04-30 00:00:00,Eletrônicos,722.97,1.0,0.0,False,True,,SãoPaulo,
715,441.0,2022-10-27 00:00:00,Brinquedos,139.53,2.0,0.0,False,True,pix,recife,telefone inválido
5741,720.0,2023-08-27 00:00:00,Acessórios,37.09,1.0,0.3,False,True,boleto,BH,telefone inválido
485,1167.0,2025-08-03 00:00:00,Eletrônicos,827.07,1.0,0.0,False,True,cartao,BeloH orizonte,telefone inválido
591,593.0,2022-07-24 00:00:00,Brinquedos,37371.57,3.0,0.0,False,True,Cartão ,Sao Jose dos Campos,
3065,1029.0,2023-10-07 00:00:00,Móveis,2867.62,2.0,0.0,False,True,pix,FORTALEZA,cliente reclamou
1493,619.0,2024-12-06 00:00:00,Eletrônicos,992.16,1.0,0.0,False,True,pix,rio de janeiro,
4763,768.0,2025-10-31 00:00:00,Informática,958.44,1.0,0.0,False,True,Cartão , rio,Entrega atrasada
5818,258.0,2024-01-17 00:00:00,Acessórios,35.83,1.0,0.0,False,True,,Goiania,ok
2240,237.0,2023-05-11 00:00:00,Acessórios,0.0,3.0,0.0,False,True,boleto,Belo Horizonte,cliente reclamou
4519,1067.0,2024-08-04 00:00:00,Brinquedos,113.1,2.0,0.0,False,True,cartao,BH,telefone inválido
1739,972.0,2022-01-24 00:00:00,Eletrônicos,471.61,1.0,0.0,False,True,, SAO JOSE DOS CAMPOS,Entrega atrasada
2356,344.0,2024-12-31 00:00:00,Acessórios,100.64,2.0,0.0,False,True,pix,,ok
823,608.0,2025-05-19 00:00:00,Informática,1409.31,2.0,0.0,False,True,Cartão ,Curitiba,cliente reclamou
271,734.0,2022-11-19 00:00:00,Escritório,316.54,1.0,0.0,False,True,boleto,SAO PAULO,cliente reclamou
5194,202.0,2022-07-11 00:00:00,Brinquedos,171.25,3.0,0.0,False,True,boleto,Sao Paulo,ok
4558,197.0,2024-02-21 00:00:00,Acessórios,158.58,3.0,0.0,False,True,pix,Sao Paulo Centro,
3585,369.0,2024-04-16 00:00:00,Móveis,2518.24,2.0,0.0,False,True,boleto,SP,
5488,124.0,2023-11-22 00:00:00,Informática,651.84,1.0,0.05,False,True,boleto, POA  ,telefone inválido
5141,347.0,2022-03-27 00:00:00,Brinquedos,175.28,3.0,0.0,False,True,dinheiro,  São Paulo,
6201,951.0,2022-08-20 00:00:00,Brinquedos,354.74,4.0,0.0,False,True,,  RIO DE JANEIRO,cliente reclamou
339,241.0,2022-04-25 00:00:00,Informática,726.0,1.0,0.0,False,True,Cartão ,  ctba ,telefone inválido
4162,590.0,2022-01-09 00:00:00,Escritório,367.8,2.0,0.15,False,True,pix,rio de janeiro,
3751,53.0,2024-04-14 00:00:00,Acessórios,36.48,1.0,0.0,False,True,dinheiro,iNterói,cliente reclamou
6538,1410.0,2025-07-09 00:00:00,Eletrônicos,1915.22,4.0,0.0,False,True,,  Rio,telefone inválido
5725,599.0,2025-02-12 00:00:00,Eletrônicos,364.32,1.0,0.15,False,True,Cartão ,Goiania,telefone inválido
2654,218.0,2023-05-26 00:00:00,Eletrônicos,453.27,1.0,0.3,False,True,boleto,RIO DE JANEIRO,Entrega atrasada
5947,,2024-08-03 00:00:00,Móveis,188216.95,2.0,0.0,False,True,dinheiro,brasília,
1833,1113.0,2022-08-16 00:00:00,Informática,970.26,1.0,0.0,False,True,cartao,Sao Paulo,
6836,403.0,2023-06-17 00:00:00,Eletrônicos,412.01,1.0,0.0,False,True,dinheiro,SAO PAULO CETNRO,telefone inválido
3388,362.0,2022-06-15 00:00:00,Brinquedos,173.48,3.0,0.0,False,True,boleto,SÃO PAULO,telefone inválido
2699,1166.0,2022-10-15 00:00:00,Eletrônicos,2749.34,3.0,0.0,False,True,Cartão ,bh ,telefone inválido
3717,801.0,2022-07-10 00:00:00,Eletrônicos,1818.36,2.0,0.0,False,True,Cartão ,RIO DE JANEIRO,
1785,21.0,2023-10-16 00:00:00,Eletrônicos,765.92,1.0,0.0,False,True,dinheiro,  Manaus,telefone inválido
5583,208.0,2024-01-26 00:00:00,Escritório,311.5,2.0,0.0,False,True,pix,rio de janeiro,telefone inválido
3196,664.0,2023-01-07 00:00:00,Escritório,145.4,1.0,0.3,False,True,,Interiro,Entrega atrasada
5057,83.0,2022-11-28 00:00:00,Eletrônicos,1160.34,1.0,0.0,False,True,dinheiro,rio de janeiro,
4516,661.0,2022-09-09 00:00:00,Alimentos,87.66,4.0,0.0,False,False,Cartão ,bh,Entrega atrasada
6512,515.0,2024-03-24 00:00:00,Alimentos,74.69,3.0,0.0,False,True,Cartão ,CURITIBA,cliente reclamou
5162,816.0,2022-11-16 00:00:00,Eletrônicos,625.98,,0.0,False,True,boleto,Vila Velha,cliente reclamou
4738,872.0,2024-01-12 00:00:00,Eletrônicos,-923.59,2.0,0.0,False,True,pix,GOIAINA,Entrega atrasada
1360,578.0,2025-07-22 00:00:00,Brinquedos,116.72,2.0,0.0,False,True,pix,São Paulo,cliente reclamou
1502,1415.0,2025-06-13 00:00:00,Eletrônicos,609.68,1.0,0.3,False,True,pix,BH,cliente reclamou
5076,627.0,2024-05-24 00:00:00,Eletrônicos,468.67,1.0,0.0,False,True,dinheiro,BRASÍLIA,Entrega atrasada
6080,560.0,2024-10-07 00:00:00,Móveis,1223.5,2.0,0.0,False,True,boleto,Rio de Jaeniro,Entrega atrasada
5525,1027.0,2022-06-12 00:00:00,Móveis,1122.99,1.0,0.0,False,True,dinheiro,Campinas,Entrega atrasada
5007,1142.0,2025-10-13 00:00:00,Eletrônicos,806.8,1.0,0.0,False,True,cartao,curitiba,ok
361,662.0,2023-09-25 00:00:00,Eletrônicos,662.39,1.0,0.0,False,True,boleto,Interior  ,telefone inválido
4224,791.0,2022-04-13 00:00:00,Escritório,350.61,2.0,0.0,False,True,pix,Campinas,ok
2813,293.0,2025-01-23 00:00:00,Acessórios,50.96,1.0,0.0,False,True,boleto,BELO HORIZONTE,ok
4774,777.0,2023-07-26 00:00:00,Acessórios,96.65,2.0,0.0,False,True,cartao,SAO PAULO,telefone inválido
5872,1084.0,2024-12-16 00:00:00,Eletrônicos,-706.11,1.0,0.0,False,True,cartao,Salvador ,ok
6808,,2024-10-24 00:00:00,Informática,891.31,1.0,0.0,False,True,boleto,FORTAELZA,telefone inválido
5084,920.0,2022-08-20 00:00:00,Alimentos,178.14,6.0,0.0,False,True,dinheiro,Sao Jose dos Campos,
922,1045.0,2024-05-03 00:00:00,Alimentos,61.67,4.0,0.3,False,True,cartao,SP,telefone inválido
3552,1098.0,2025-08-02 00:00:00,Escritório,202.19,,0.0,False,True,,SAO PUALO,
2943,923.0,2023-11-12 00:00:00,Eletrônicos,955.67,1.0,0.0,False,True,Cartão ,bh,
5608,476.0,2023-10-13 00:00:00,Informática,965.03,1.0,0.15,False,True,,poa,Entrega atrasada
6303,33.0,2024-01-06 00:00:00,Informática,774.58,1.0,0.0,False,True,boleto,SP,cliente reclamou
4264,1028.0,2023-01-01 00:00:00,Acessórios,77.61,2.0,0.0,False,True,Cartão ,salvador,
3404,1023.0,2022-03-30 00:00:00,Brinquedos,94.68,2.0,0.0,False,True,pix,Recife,ok
3310,1062.0,2023-12-16 00:00:00,Brinquedos,194.4,3.0,0.15,False,True,pix,Vila Velha,ok
4435,10.0,2025-09-20 00:00:00,Eletrônicos,739.42,1.0,0.0,False,True,,são paulo,Entrega atrasada
5976,886.0,2024-06-18 00:00:00,Escritório,224.63,1.0,0.15,False,False,pix,Niteroi,cliente reclamou
6816,825.0,2022-05-18 00:00:00,Alimentos,70.5,3.0,0.0,False,True,dinheiro,RIO DE JANEIRO,
3025,441.0,2022-04-25 00:00:00,Brinquedos,112.42,2.0,0.0,False,True,,rio de janeiro,
881,1419.0,2025-05-31 00:00:00,Brinquedos,163.65,2.0,0.0,False,True,Cartão ,  poa ,
1948,494.0,2022-06-24 00:00:00,,42.83,1.0,0.0,False,True,pix,  Sao Jose dos Campos  ,cliente reclamou
5444,942.0,2022-02-25 00:00:00,Informática,1255.59,2.0,0.0,False,True,,,Entrega atrasada
4696,732.0,2025-08-31 00:00:00,Informática,993.0,1.0,0.0,False,True,pix,Sao Paulo Centro,ok
3210,29.0,2025-08-18 00:00:00,Eletrônicos,855.65,1.0,0.0,False,True,,  porto alegre ,cliente reclamou
96,10.0,2025-03-09 00:00:00,Eletrônicos,414.59,1.0,0.0,False,True,cartao,rio de janeiro,Entrega atrasada
1166,679.0,2029-12-25 00:00:00,Escritório,194.33,1.0,0.0,False,True,pix,Porto Alegre,cliente reclamou
5238,787.0,2024-12-04 00:00:00,Eletrônicos,2082.77,3.0,0.0,False,True,pix,Sao Paulo ,
4954,268.0,2023-10-05 00:00:00,Informática,971.05,1.0,0.0,False,True,cartao,,cliente reclamou
6798,1166.0,2023-01-02 00:00:00,Móveis,2671.46,2.0,0.0,False,True,,,
1230,904.0,2023-06-08 00:00:00,Acessórios,51.22,1.0,0.0,False,True,pix,curitiba,telefone inválido
1897,1034.0,2024-04-19 00:00:00,Escritório,427.8,3.0,0.0,False,True,,Campinas,
4862,109.0,2025-07-30 00:00:00,Brinquedos,263.21,5.0,0.0,False,True,dinheiro, BH ,ok
4690,375.0,2023-12-07 00:00:00,Escritório,508.05,2.0,0.0,False,True,dinheiro,Zona Sul,
6010,298.0,2023-12-28 00:00:00,Eletrônicos,573.28,1.0,0.0,False,True,boleto, RIO DE JANEIRO,
3257,957.0,2024-05-07 00:00:00,Informática,624.17,1.0,0.05,False,True,Cartão ,vila velha,telefone inválido
2542,277.0,2025-09-06 00:00:00,Escritório,639.54,3.0,0.0,False,True,pix,interior,
1528,839.0,2022-04-14 00:00:00,Informática,1882.13,2.0,0.0,False,True,Cartão ,  ,
5016,187.0,2024-12-26 00:00:00,Escritório,484.34,2.0,0.15,False,False,cartao,,
1504,275.0,2023-11-28 00:00:00,Acessórios,0.0,3.0,0.1,False,True,boleto,Zona Sul,cliente reclamou
6276,1065.0,2025-07-18 00:00:00,Eletrônicos,1152.24,3.0,0.0,True,True,cartao,INTERIOR,Entrega atrasada
6009,906.0,2023-04-09 00:00:00,Escritório,177.24,1.0,0.05,False,True,pix,Sao Paulo,Entrega atrasada
4186,1387.0,2023-04-04 00:00:00,Móveis,1779.7,1.0,0.0,False,True,dinheiro,POA,
2075,1103.0,2022-07-20 00:00:00,Eletrônicos,650.21,1.0,0.0,False,True,dinheiro,Porto Alegre,Entrega atrasada
1467,738.0,2025-06-01 00:00:00,Brinquedos,173.41,6.0,0.0,False,True,cartao,VILA VELHA,
1095,568.0,2022-05-18 00:00:00,Móveis,0.0,3.0,0.0,False,True,Cartão ,sao paulo centro,Entrega atrasada
3852,701.0,2022-06-03 00:00:00,Eletrônicos,1538.65,2.0,0.05,False,True,cartao,Salvador,ok
4426,1095.0,2022-07-09 00:00:00,Informática,1062.93,1.0,0.0,False,True,,SJC  ,Entrega atrasada
1442,58.0,2025-07-28 00:00:00,Eletrônicos,1734.62,2.0,0.0,False,True,,Brasilia,
1439,83.0,2023-01-10 00:00:00,Brinquedos,203.61,4.0,0.0,False,True,,fortaleza,ok
2669,1448.0,2024-03-15 00:00:00,Informática,729.31,1.0,0.0,False,True,pix,CTBA,
2394,1041.0,2024-09-16 00:00:00,Eletrônicos,870.0,1.0,0.0,False,True,Cartão ,niteroi,ok
4042,1026.0,2024-03-03 00:00:00,Informática,1929.7,2.0,0.0,False,True,pix,sp,cliente reclamou
2280,784.0,2025-01-30 00:00:00,Brinquedos,176.51,4.0,0.0,False,True,pix,Niteroi,
5284,484.0,2024-06-07 00:00:00,Eletrônicos,691.65,1.0,0.0,False,True,cartao,BH,Entrega atrasada
5369,679.0,2022-10-27 00:00:00,Alimentos,73.13,3.0,0.0,False,True,boleto,Brasília,
1612,5.0,2022-02-17 00:00:00,Alimentos,0.0,4.0,0.0,False,True,,rio de janeiro,Entrega atrasada
2262,493.0,2023-07-26 00:00:00,Eletrônicos,809.26,1.0,0.0,True,True,pix,vila velha  ,telefone inválido
5513,818.0,2023-10-09 00:00:00,Alimentos,73.18,3.0,0.0,False,True,boleto,Interior,cliente reclamou
753,603.0,2022-10-16 00:00:00,Brinquedos,80.73,1.0,0.0,False,True,boleto,Brasília,cliente reclamou
6046,817.0,2023-10-06 00:00:00,Eletrônicos,1646.23,2.0,0.0,False,True,Cartão ,SAO PAULO,
4879,424.0,2025-04-13 00:00:00,Escritório,185.52,1.0,0.15,False,True,boleto,Sao Paulo,cliente reclamou
3937,61.0,2024-01-19 00:00:00,Eletrônicos,463.44,1.0,0.0,False,True,Cartão ,Niteroi,
5143,,2023-08-01 00:00:00,Eletrônicos,831.04,1.0,0.0,False,True,,Porto Alegre,telefone inválido
1997,1495.0,2023-05-28 00:00:00,Informática,3991.95,3.0,0.0,False,True,pix,  SÃO PAULO,
3087,219.0,2025-01-28 00:00:00,Eletrônicos,2198.02,3.0,0.0,False,True,,POA,ok
2505,747.0,2023-05-30 00:00:00,Escritório,167.98,1.0,0.0,False,True,boleto,Zona Sul,
5086,826.0,2023-01-22 00:00:00,Informática,1727.15,3.0,0.0,False,True,cartao,RJ,
4222,1397.0,2025-07-29 00:00:00,,163.87,1.0,0.0,False,True,pix,Ntierói,telefone inválido
6742,1041.0,2022-03-29 00:00:00,Informática,2446.6,2.0,0.0,False,True,,rio de janeiro,
4438,1003.0,2023-06-28 00:00:00,Eletrônicos,804.23,1.0,0.0,False,False,pix,Salvador,ok
5695,175.0,2024-08-13 00:00:00,Informática,2544.98,2.0,0.0,False,True,dinheiro, SJC,ok
1208,356.0,2025-10-14 00:00:00,Acessórios,50.2,1.0,0.0,False,True,pix,fortaleza,Entrega atrasada
5102,550.0,2023-08-11 00:00:00,Acessórios,44.67,1.0,0.0,True,True,cartao,CTBA,telefone inválido
130,795.0,2025-04-02 00:00:00,Escritório,174.72,1.0,0.0,False,True,,CTBA,
3399,867.0,2022-08-21 00:00:00,Eletrônicos,602.57,1.0,0.0,False,True,Cartão ,sãopaulo,Entrega atrasada
1561,525.0,2023-12-19 00:00:00,Eletrônicos,747.06,1.0,0.0,False,True,boleto,RECIFE,
1138,1032.0,2022-06-24 00:00:00,Eletrônicos,757.84,1.0,0.0,False,True,dinheiro,vila velha,telefone inválido
1059,1346.0,2023-01-10 00:00:00,Brinquedos,170.28,3.0,0.0,False,True,,CURITIBA,
6949,147.0,2022-07-16 00:00:00,Informática,1159.68,1.0,0.0,False,True,boleto,NITERIOR,cliente reclamou
2778,,2029-12-25 00:00:00,Eletrônicos,2195.17,3.0,0.0,False,True,pix,  niterói,cliente reclamou
2808,1020.0,2022-10-15 00:00:00,Brinquedos,145.17,0.0,3.0,False,True,boleto,BRASÍLIA,
5333,165.0,2022-05-13 00:00:00,Alimentos,53.82,2.0,0.0,False,True,Cartão ,niteroi,ok
2226,543.0,2024-01-04 00:00:00,Eletrônicos,1668.43,2.0,0.0,False,True,,Sao Paulo Centro,cliente reclamou
6297,763.0,2025-10-25 00:00:00,Alimentos,40.57,2.0,0.0,False,True,,RIO,telefone inválido
2645,864.0,2024-01-25 00:00:00,Eletrônicos,613.87,1.0,0.0,False,True,, Brasília,
1343,34.0,2023-10-23 00:00:00,Alimentos,6027.98,2.0,0.0,False,True,boleto,,cliente reclamou
6576,1007.0,2023-10-05 00:00:00,Móveis,2105.07,3.0,0.0,False,True,Cartão ,Goiania,
5805,1181.0,2022-10-28 00:00:00,Brinquedos,128.11,2.0,0.0,False,True,pix,FORTALEZA,cliente reclamou
2965,1311.0,2025-03-06 00:00:00,Alimentos,72.28,4.0,0.0,False,True,boleto,Rio de Janeiro,Entrega atrasada
6849,147.0,2023-08-13 00:00:00,Móveis,1973.01,2.0,0.0,False,True,pix,SJC,telefone inválido
5882,,2023-11-13 00:00:00,Escritório,329.09,1.0,0.15,False,True,Cartão ,  BELO HORIZONTE  ,
4415,796.0,2023-09-01 00:00:00,Eletrônicos,339.54,1.0,0.0,False,True,,Cuirtiba,
3718,455.0,2022-02-26 00:00:00,Brinquedos,235.16,3.0,0.0,False,True,pix,Porto Alegre,Entrega atrasada
1600,34.0,2024-06-12 00:00:00,Brinquedos,-99.0,2.0,0.0,False,True,Cartão ,SAO JOSE DOS CAMPOS,
6925,644.0,2022-05-16 00:00:00,Informática,898.43,1.0,0.0,False,True,boleto,Campinas,ok
2022,14.0,2025-09-14 00:00:00,Informática,1089.54,2.0,0.0,False,True,cartao,Campinas,telefone inválido
6306,845.0,2022-06-05 00:00:00,Eletrônicos,665.66,1.0,0.0,False,True,,manaus,
1041,618.0,2024-02-03 00:00:00,Eletrônicos,1113.02,2.0,0.0,False,True,,VILA VELHA,Entrega atrasada
4616,1162.0,2022-08-30 00:00:00,Brinquedos,134.27,2.0,0.0,False,True,pix,  Salvador ,Entrega atrasada
21,217.0,2022-03-06 00:00:00,Móveis,1397.29,1.0,0.0,False,True,cartao,BH,telefone inválido
3445,196.0,2025-05-07 00:00:00,Informática,2177.49,2.0,0.0,False,True,dinheiro,  Campinas,
6483,891.0,2024-01-04 00:00:00,Móveis,1024.05,1.0,0.1,False,True,dinheiro,,Entrega atrasada
2397,64.0,2023-03-05 00:00:00,Brinquedos,150.06,2.0,0.0,False,True,, Belo Horizonte ,Entrega atrasada
5683,,2025-03-23 00:00:00,Acessórios,101.63,2.0,0.0,False,True,,Campinas,
3360,734.0,2023-12-25 00:00:00,Móveis,2794.13,2.0,0.0,False,False,Cartão ,RJ,
4697,158.0,2025-10-27 00:00:00,Brinquedos,69.18,1.0,0.0,False,True,Cartão ,bh,
5486,125.0,2029-12-25 00:00:00,Acessórios,49.61,1.0,0.0,False,True,dinheiro,CAMPINAS,telefone inválido
4321,278.0,2025-03-01 00:00:00,Eletrônicos,531.55,1.0,0.0,False,True,dinheiro,são paulo,Entrega atrasada
3526,1177.0,2025-08-02 00:00:00,Brinquedos,227.31,3.0,0.0,False,True,pix,campinas,
5303,1157.0,2023-02-12 00:00:00,Escritório,95.58,1.0,0.3,False,True,pix,CTBA  ,
260,197.0,2029-12-25 00:00:00,Eletrônicos,941.25,1.0,0.0,False,True,,CAMPINAS,telefone inválido
3841,1004.0,2024-12-22 00:00:00,Eletrônicos,861.83,1.0,0.0,False,True,dinheiro,Sao Jose dos Campos,cliente reclamou
2428,733.0,2025-05-28 00:00:00,Escritório,417.33,2.0,0.0,False,True,boleto,  Porto Alegre ,cliente reclamou
5984,1423.0,2025-07-02 00:00:00,Escritório,223.13,1.0,0.0,False,True,cartao,bh,cliente reclamou
1253,272.0,2025-05-04 00:00:00,Brinquedos,146.82,4.0,0.3,False,True,pix,VILA VELHA,
1669,886.0,2022-01-15 00:00:00,,127.9,3.0,0.0,False,True,boleto,ctba,
5433,717.0,2022-04-08 00:00:00,Informática,910.18,1.0,0.0,False,True,dinheiro,GOIANIA,ok
3899,597.0,2025-10-30 00:00:00,Informática,2873.54,3.0,0.0,True,True,pix,  bh  ,
3617,206.0,2023-03-24 00:00:00,Acessórios,0.0,1.0,0.0,False,False,pix,BRASÍLIA,cliente reclamou
6832,610.0,2024-04-27 00:00:00,Escritório,203.07,1.0,0.0,False,True,Cartão ,Brasília,ok
4370,1003.0,2022-01-26 00:00:00,Escritório,174.1,1.0,0.0,False,True,dinheiro,SP,
6647,83.0,2024-12-22 00:00:00,Eletrônicos,761.66,1.0,0.0,False,True,dinheiro,sp ,telefone inválido
4306,1021.0,2023-12-30 00:00:00,,99.67,2.0,0.0,False,True,,SaoPaulo,
1703,532.0,2024-11-09 00:00:00,Eletrônicos,1026.73,1.0,0.0,False,True,pix,MANAUS,Entrega atrasada
5094,1237.0,2022-06-01 00:00:00,Acessórios,61.69,1.0,0.0,False,False,dinheiro,  bh ,ok
4775,752.0,2022-01-30 00:00:00,Brinquedos,181.4,3.0,0.3,False,True,dinheiro,  niterói ,cliente reclamou
3892,469.0,2022-09-02 00:00:00,Eletrônicos,1514.25,2.0,0.0,False,True,,CAMPINSA,cliente reclamou
4363,1126.0,2024-05-20 00:00:00,Escritório,115.51,1.0,0.3,False,True,pix,curitiba,cliente reclamou
1181,973.0,2023-02-04 00:00:00,Eletrônicos,665.0,1.0,0.0,False,True,dinheiro,RJ,cliente reclamou
3374,1018.0,2025-09-27 00:00:00,Acessórios,143.24,2.0,0.0,False,True,dinheiro,ctba,
4470,1382.0,2025-01-02 00:00:00,Brinquedos,113.7,2.0,0.0,False,True,boleto,  BH  ,telefone inválido
4729,383.0,2023-04-13 00:00:00,Escritório,394.45,2.0,0.0,False,True,,Rio de Janeiro,
117,1021.0,2024-12-12 00:00:00,Brinquedos,165.44,2.0,0.0,False,True,boleto,são paulo,cliente reclamou
588,620.0,2025-01-15 00:00:00,Brinquedos,495.88,6.0,0.05,False,True,cartao,Curitiba,Entrega atrasada
164,214.0,2029-12-25 00:00:00,Eletrônicos,709.2,1.0,0.0,False,True,cartao,VILA VELHA,
936,445.0,2025-04-07 00:00:00,Escritório,200.07,1.0,0.0,False,True,pix,bh,Entrega atrasada
5330,469.0,2024-12-23 00:00:00,Eletrônicos,1022.9,1.0,0.15,False,True,Cartão ,RIO,ok
916,1102.0,2023-04-21 00:00:00,Móveis,4991.25,3.0,0.0,False,True,dinheiro,POA,telefone inválido
1250,886.0,2025-07-22 00:00:00,Acessórios,106.4,2.0,0.0,False,True,pix,,
3283,1182.0,2023-05-19 00:00:00,Escritório,167.16,1.0,0.0,False,True,cartao,Sao Paulo,Entrega atrasada
4057,945.0,2023-04-29 00:00:00,Informática,760.01,1.0,0.0,False,True,pix,INTERIOR,ok
146,824.0,2025-03-18 00:00:00,Eletrônicos,892.75,1.0,0.0,False,True,,SP ,Entrega atrasada
5953,1263.0,2022-07-14 00:00:00,Informática,485.74,1.0,0.0,False,True,Cartão ,são paulo,
3734,723.0,2023-02-12 00:00:00,Acessórios,47.3,1.0,0.0,False,True,pix,SP,telefone inválido
869,504.0,2025-03-07 00:00:00,Escritório,255.26,1.0,0.05,False,True,boleto,,
198,46.0,2022-10-08 00:00:00,Escritório,102.26,1.0,0.0,False,True,boleto,rio de janeiro,
1646,1029.0,2023-07-11 00:00:00,Eletrônicos,1587.46,2.0,0.0,False,True,cartao,Manaus,cliente reclamou
4514,970.0,2023-02-25 00:00:00,Escritório,542.32,3.0,0.15,False,True,Cartão ,sp,ok
613,333.0,2023-10-31 00:00:00,Informática,799.23,1.0,0.0,False,True,boleto,Salvador,
2659,1029.0,2024-07-01 00:00:00,Eletrônicos,1291.07,2.0,0.0,False,True,boleto,Sao Paulo,
5393,1175.0,2022-10-23 00:00:00,Móveis,1594.59,1.0,0.0,False,True,dinheiro,SAO PAULO CENTRO,
3171,757.0,2023-05-30 00:00:00,Informática,936.76,1.0,0.05,False,True,dinheiro,RIO,telefone inválido
2314,1117.0,2024-08-29 00:00:00,Eletrônicos,533.13,1.0,0.15,False,True,cartao,  são paulo  ,ok
6154,856.0,2029-12-25 00:00:00,,1613.23,2.0,0.3,False,True,dinheiro,Campinas,telefone inválido
4815,474.0,2024-01-26 00:00:00,Acessórios,118.2,3.0,0.0,False,True,cartao,Sao Paulo,cliente reclamou
1500,378.0,2024-04-23 00:00:00,Alimentos,69.45,4.0,0.0,False,True,boleto,RIO DE JANEIRO,telefone inválido
2410,1385.0,2024-11-09 00:00:00,Acessórios,68.92,1.0,0.0,False,True,boleto,Sao Paulo Centro,ok
2114,1326.0,2023-11-08 00:00:00,Eletrônicos,847.23,1.0,0.0,False,True,cartao,,
6598,992.0,2025-05-19 00:00:00,Eletrônicos,888.3,2.0,0.0,False,True,cartao,sao paulo,ok
337,802.0,2024-06-16 00:00:00,Brinquedos,67.09,1.0,0.0,False,True,dinheiro,bh,cliente reclamou
865,185.0,2024-12-28 00:00:00,Eletrônicos,1086.68,1.0,0.0,False,True,boleto,bh,telefone inválido
1895,562.0,2024-10-08 00:00:00,Eletrônicos,683.52,1.0,0.0,False,True,,BH,
5082,996.0,2023-03-20 00:00:00,Acessórios,54.85,1.0,0.0,False,True,boleto,salvador,
6717,869.0,2022-02-10 00:00:00,Brinquedos,199.49,3.0,0.0,False,True,cartao,SP,telefone inválido
1443,584.0,2023-07-19 00:00:00,Acessórios,61.33,2.0,0.0,False,True,Cartão ,sjc,Entrega atrasada
637,780.0,2023-04-17 00:00:00,Móveis,3048.25,3.0,0.0,False,True,boleto,,cliente reclamou
6180,79.0,2023-10-24 00:00:00,Informática,683.3,1.0,0.0,False,True,pix,são paulo,ok
6447,712.0,2023-09-20 00:00:00,Informática,959.15,1.0,0.0,False,True,Cartão ,Brasília,cliente reclamou
2787,906.0,2022-03-10 00:00:00,Acessórios,22.95,1.0,0.3,False,True,cartao,sp,
2472,464.0,2025-06-15 00:00:00,Brinquedos,285.03,3.0,0.0,False,False,pix,INTERIRO,ok
3891,1156.0,2024-12-04 00:00:00,Escritório,215.46,1.0,0.0,False,True,pix,vila velha,ok
5699,1078.0,2023-12-21 00:00:00,Informática,4099.71,3.0,0.0,False,True,Cartão ,niteroi,cliente reclamou
2851,190.0,2029-12-25 00:00:00,Escritório,261.61,1.0,0.0,False,True,cartao,Fortaleza,ok
2330,1491.0,2024-09-26 00:00:00,Informática,1343.12,1.0,0.0,False,True,Cartão ,Recife,ok
3666,1264.0,2022-11-27 00:00:00,Acessórios,56.08,1.0,0.0,False,True,dinheiro,Brasília,cliente reclamou
5165,958.0,2025-07-31 00:00:00,Acessórios,84.25,2.0,0.15,False,True,boleto,SaoPaulo,
1484,1185.0,2023-03-15 00:00:00,Informática,1906.41,2.0,0.0,False,True,dinheiro,  SÃO PAULO,Entrega atrasada
6857,101.0,2022-11-08 00:00:00,Brinquedos,247.37,3.0,0.0,True,True,dinheiro,Niteroi,
1288,243.0,2025-01-22 00:00:00,Móveis,1764.26,2.0,0.0,False,True,,Campinas,cliente reclamou
5854,1352.0,2022-11-01 00:00:00,Acessórios,96.92,2.0,0.0,False,True,,Ntierói,Entrega atrasada
3639,1120.0,2022-02-16 00:00:00,Informática,1023.02,1.0,0.0,False,True,cartao,ZONA SUL,
6957,581.0,2023-10-14 00:00:00,Eletrônicos,617.36,1.0,0.0,False,True,Cartão ,Niteroi,
4992,502.0,2025-03-08 00:00:00,Eletrônicos,582.02,1.0,0.0,False,True,,  BH,Entrega atrasada
3758,472.0,2025-09-15 00:00:00,Brinquedos,186.63,3.0,0.0,False,True,Cartão ,FORATLEZA,cliente reclamou
2954,650.0,2023-02-21 00:00:00,Informática,593.34,1.0,0.0,False,True,pix,São Paulo,cliente reclamou
1310,473.0,2025-02-21 00:00:00,Acessórios,51.3,1.0,0.0,False,True,cartao,rj,telefone inválido
1821,306.0,2022-08-30 00:00:00,Eletrônicos,774.62,1.0,0.0,False,True,,POA,cliente reclamou
3802,378.0,2024-10-14 00:00:00,ACESSÓRIOS,109.96,2.0,0.0,True,True,boleto,SãoPaluo,Entrega atrasada
621,639.0,2024-08-27 00:00:00,Acessórios,64.14,4.0,0.0,False,True,pix,SÃO PAULO,
2721,59.0,2022-01-21 00:00:00,Eletrônicos,567.78,1.0,0.0,False,True,dinheiro,INTERIOR,cliente reclamou
504,1262.0,2024-08-27 00:00:00,Alimentos,48.89,2.0,0.0,False,True,cartao,BH,Entrega atrasada
2095,1224.0,2024-03-11 00:00:00,Eletrônicos,709.18,1.0,0.0,False,True,boleto,interior,
6267,427.0,2023-06-17 00:00:00,Eletrônicos,506.13,1.0,0.3,False,True,Cartão ,,Entrega atrasada
93,185.0,2022-11-19 00:00:00,Brinquedos,173.81,2.0,0.1,False,True,cartao,SÃO PAULO,Entrega atrasada
1782,687.0,2024-03-28 00:00:00,Acessórios,83.77,2.0,0.0,False,True,,manaus,ok
3806,1366.0,2022-09-14 00:00:00,Eletrônicos,735.27,1.0,0.0,False,True,,POA,Entrega atrasada
1784,1390.0,2023-02-14 00:00:00,Alimentos,53.63,3.0,0.0,False,True,Cartão , SP,Entrega atrasada
4364,368.0,2022-06-17 00:00:00,Escritório,145.26,1.0,0.0,False,True,pix,SãoPaulo,telefone inválido
5215,649.0,2022-11-06 00:00:00,Eletrônicos,1493.61,2.0,0.0,False,True,,SP,ok
5129,448.0,2025-07-04 00:00:00,Informática,746.33,1.0,0.0,False,True,cartao, CTBA ,Entrega atrasada
4156,295.0,2024-03-31 00:00:00,Acessórios,37.19,1.0,0.0,False,True,,Recife,
706,1170.0,2022-10-21 00:00:00,Eletrônicos,1325.66,2.0,0.0,False,True,Cartão ,ZONAS UL,
554,192.0,2022-09-01 00:00:00,Escritório,0.0,1.0,0.0,False,True,dinheiro,BH,Entrega atrasada
3406,749.0,2025-05-07 00:00:00,Eletrônicos,570.59,1.0,0.0,False,True,pix,PAO  ,
1245,1193.0,2023-01-10 00:00:00,Escritório,229.44,1.0,0.0,False,True,pix,fortaleza,telefone inválido
3811,72.0,2023-05-18 00:00:00,Eletrônicos,2054.53,3.0,0.0,False,True,pix,Niterói,ok
5079,721.0,2024-10-17 00:00:00,Escritório,189.18,1.0,0.0,False,True,boleto,Niterói,ok
923,44.0,2022-08-05 00:00:00,Escritório,142.17,1.0,0.0,False,True,, Niterói  ,telefone inválido
2912,740.0,2022-02-11 00:00:00,Eletrônicos,587.52,1.0,0.0,False,True,,são paulo,ok
2404,,2023-01-22 00:00:00,Eletrônicos,714.05,1.0,0.0,False,True,boleto,Zona Sul,
5991,663.0,2023-10-13 00:00:00,Alimentos,22.9,2.0,0.3,False,True,pix,SP,telefone inválido
454,801.0,2025-05-18 00:00:00,Escritório,193.58,1.0,0.0,False,True,Cartão , são paulo ,Entrega atrasada
234,260.0,2023-01-19 00:00:00,Brinquedos,195.13,4.0,0.0,False,True,dinheiro,MANAUS,ok
6771,934.0,2023-08-03 00:00:00,Alimentos,35.91,2.0,0.0,False,True,cartao,sp,telefone inválido
5113,478.0,2024-10-17 00:00:00,Informática,826.98,1.0,0.0,False,True,pix,Recife,Entrega atrasada
3881,1049.0,2024-01-08 00:00:00,Alimentos,53.85,5.0,0.0,False,True,Cartão , SALVADOR  ,ok
6468,595.0,2029-12-25 00:00:00,Móveis,1373.5,1.0,0.0,False,True,dinheiro,niterói,Entrega atrasada
4117,1013.0,2024-10-23 00:00:00,Informática,3494.8,2.0,0.0,False,True,cartao,CTBA,
2996,294.0,2024-02-22 00:00:00,Eletrônicos,561.71,1.0,0.15,False,True,boleto,bh,ok
389,961.0,2025-01-08 00:00:00,Informática,865.65,2.0,0.0,False,True,dinheiro,Sao Paulo,Entrega atrasada
4211,295.0,2024-11-03 00:00:00,Informática,2909.67,2.0,0.0,False,True,Cartão ,SJC,
2015,1074.0,2024-06-22 00:00:00,Escritório,200.59,1.0,0.0,False,True,Cartão ,SÃO PAULO,cliente reclamou
2676,661.0,2022-07-29 00:00:00,Acessórios,59.83,1.0,0.0,False,True,,Salvadro,
1449,412.0,2023-08-20 00:00:00,Alimentos,23.07,1.0,0.0,False,True,pix,,
1602,1288.0,2022-02-16 00:00:00,Escritório,173.52,1.0,0.0,False,True,Cartão , CTBA,Entrega atrasada
604,969.0,2025-06-08 00:00:00,Eletrônicos,3341.78,4.0,0.0,False,True,,Goiania,cliente reclamou
6466,368.0,2022-06-20 00:00:00,Informática,1118.78,2.0,0.3,False,True,dinheiro,Belo Horizonte,ok
6555,1095.0,2022-06-30 00:00:00,Escritório,232.06,1.0,0.0,False,True,pix,manaus,
2355,932.0,2023-12-02 00:00:00,Escritório,798.06,3.0,0.0,False,True,Cartão ,,
1289,1025.0,2022-03-16 00:00:00,Escritório,273.67,1.0,0.0,False,True,pix,VILA VELHA,ok
6481,1289.0,2025-10-23 00:00:00,Escritório,311.75,2.0,0.0,False,True,boleto,Porto Alegre,telefone inválido
1950,1242.0,2025-07-21 00:00:00,Eletrônicos,822.37,3.0,0.3,False,True,pix,rj,cliente reclamou
3553,163.0,2022-12-21 00:00:00,Móveis,1606.77,2.0,0.15,False,True,dinheiro,fortalzea,telefone inválido
3063,881.0,2024-12-26 00:00:00,Acessórios,127.86,2.0,0.0,True,True,dinheiro,  SJC  ,Entrega atrasada
6407,108.0,2025-02-07 00:00:00,Eletrônicos,773.01,1.0,0.0,False,True,pix,POA,ok
4666,1301.0,2029-12-25 00:00:00,Eletrônicos  ,3859.42,3.0,0.0,False,True,boleto,  BH,telefone inválido
3367,327.0,2022-11-04 00:00:00,Escritório,201.66,1.0,0.0,False,True,boleto,curitiba,
20,714.0,2023-11-21 00:00:00,Eletrônicos,556.79,1.0,0.0,False,True,,,
2227,30.0,2025-04-03 00:00:00,Eletrônicos,517.8,1.0,0.0,False,True,pix,sp,Entrega atrasada
4246,743.0,2024-08-31 00:00:00,,670.66,4.0,0.0,False,True,,CAMPIANS,cliente reclamou
2760,543.0,2025-10-06 00:00:00,Alimentos,99.19,4.0,0.0,False,False,boleto,Curitiba,cliente reclamou
6301,94.0,2022-03-14 00:00:00,ACESSÓRIOS,49.76,1.0,0.0,False,True,,Salvador,telefone inválido
863,197.0,2023-12-18 00:00:00,Informática,2903.13,2.0,0.0,False,True,boleto,SP,Entrega atrasada
5115,1085.0,2023-03-08 00:00:00,Acessórios,46.35,1.0,0.0,False,True,,Salvador,cliente reclamou
2656,1184.0,2023-02-09 00:00:00,Acessórios,51.91,1.0,0.0,False,True,Cartão ,Sao Paulo Centro,
1198,440.0,2022-07-04 00:00:00,Acessórios,0.0,1.0,0.0,False,True,dinheiro,curitiba,
5795,434.0,2024-10-02 00:00:00,Móveis,4488.8,3.0,0.0,False,True,,Campinas ,Entrega atrasada
5819,536.0,2022-06-06 00:00:00,Alimentos,0.0,2.0,0.0,False,True,cartao,SAO PAULO CENTRO,Entrega atrasada
4779,114.0,2024-10-24 00:00:00,Alimentos,32.37,2.0,0.1,False,False,pix,Brasília,
2523,43.0,2023-12-25 00:00:00,Acessórios,71.84,1.0,0.0,False,True,,RJ,ok
821,412.0,2024-04-26 00:00:00,Informática,935.31,1.0,0.0,False,True,pix,bh,ok
5442,1114.0,2025-09-27 00:00:00,Móveis,3185.04,3.0,0.3,False,True,boleto,  RIO DE JANEIRO  ,ok
5091,187.0,2023-07-24 00:00:00,Informática,2500.24,2.0,0.0,False,True,cartao,MANAUS,telefone inválido
3090,254.0,2023-02-01 00:00:00,Escritório,177.55,1.0,0.0,False,True,dinheiro,,Entrega atrasada
6214,127.0,2029-12-25 00:00:00,Alimentos,92.12,3.0,0.0,False,True,pix,RJ,Entrega atrasada
5006,132.0,2025-10-06 00:00:00,Eletrônicos,597.8,1.0,0.0,False,True,dinheiro,slavador  ,Entrega atrasada
4832,633.0,2022-09-24 00:00:00,Eletrônicos,476.77,1.0,0.0,False,True,boleto,niterói,telefone inválido
324,1162.0,2023-01-26 00:00:00,Informática,1085.98,1.0,0.0,True,True,Cartão ,NITERÓI,telefone inválido
169,467.0,2022-10-06 00:00:00,Brinquedos,138.21,2.0,0.15,False,True,Cartão ,interior,ok
3568,978.0,2023-05-16 00:00:00,Informática,759.07,1.0,0.0,False,True,pix,são paulo,telefone inválido
4394,604.0,2023-10-25 00:00:00,Escritório,161.53,1.0,0.0,False,True,Cartão ,  Porto Alegre ,
3420,1148.0,2022-11-13 00:00:00,Escritório,299.89,1.0,0.0,False,True,dinheiro,ctba,
5300,1082.0,2022-07-12 00:00:00,Alimentos,44.25,2.0,0.05,False,True,boleto,são paulo,cliente reclamou
4673,221.0,2024-05-24 00:00:00,Eletrônicos,466.86,1.0,0.1,False,True,cartao,INTERIOR,
402,551.0,2022-09-27 00:00:00,Eletrônicos,3064.61,4.0,0.0,False,True,cartao,niteroi,
6081,273.0,2023-01-13 00:00:00,Eletrônicos,574.68,1.0,0.0,False,True,,rio de janeiro,telefone inválido
2973,435.0,2025-08-19 00:00:00,Informática,2143.61,2.0,0.0,False,True,dinheiro,ok,  rio  
498,656.0,2024-05-09 00:00:00,Alimentos,56.02,2.0,0.0,False,True,,,
3564,264.0,2022-06-26 00:00:00,Escritório,133.39,1.0,0.0,False,True,Cartão ,Curitiba,telefone inválido
1205,542.0,2025-03-24 00:00:00,Eletrônicos,744.6,2.0,0.0,False,True,cartao, UCRITIBA,Entrega atrasada
970,744.0,2024-07-07 00:00:00,Escritório,467.45,2.0,0.0,False,True,boleto,,telefone inválido
2250,985.0,2029-12-25 00:00:00,Eletrônicos,1129.51,1.0,0.0,False,True,,Niterói,
3781,51.0,2025-07-12 00:00:00,Eletrônicos,431.66,1.0,0.1,False,False,pix,são paulo,
3238,,2023-06-07 00:00:00,Eletrônicos,783.82,3.0,0.0,False,True,cartao,PORTO ALEGRE,
4765,391.0,2022-11-08 00:00:00,Escritório,562.83,2.0,0.0,False,True,,  RBASÍLIA  ,telefone inválido
6116,3.0,2022-06-25 00:00:00,,1010.21,1.0,0.0,False,True,cartao, niterói,ok
5281,49.0,2029-12-25 00:00:00,Eletrônicos,882.95,1.0,0.0,False,True,, RJ ,
1545,425.0,2025-01-10 00:00:00,Eletrônicos,333.97,1.0,0.0,False,True,dinheiro,Belo Horizonte,ok
275,394.0,2029-12-25 00:00:00,Escritório,253.39,1.0,0.0,False,False,cartao,sao paulo,telefone inválido
3481,753.0,2024-04-16 00:00:00,Acessórios,115.26,2.0,0.0,False,True,dinheiro,SJC,ok
1903,606.0,2023-01-01 00:00:00,Escritório,98.36,,0.0,False,True,,sjc,cliente reclamou
5553,,2022-05-21 00:00:00,Eletrônicos,1226.34,2.0,0.0,False,True,pix,Sao Paulo,cliente reclamou
3675,631.0,2023-05-08 00:00:00,Eletrônicos,580.29,1.0,0.0,False,True,Cartão ,Niteroi,cliente reclamou
3670,393.0,2023-05-26 00:00:00,Brinquedos,446.29,5.0,0.0,False,True,,CTBA,cliente reclamou
1369,965.0,2024-11-02 00:00:00,Eletrônicos,1274.04,1.0,0.0,False,False,cartao,Sao Jose dos Campos,
5120,498.0,2024-02-09 00:00:00,Eletrônicos,830.44,,0.0,False,True,boleto,,ok
5920,424.0,2025-05-25 00:00:00,Acessórios,48.54,1.0,0.0,False,True,cartao,Niterói,telefone inválido
6487,1165.0,2025-10-05 00:00:00,Informática,1617.11,2.0,0.0,False,True,boleto,SJC ,
6591,585.0,2023-05-10 00:00:00,Acessórios,34.84,1.0,0.0,False,True,boleto,ntierói,Entrega atrasada
1706,191.0,2022-09-09 00:00:00,Escritório,377.14,2.0,0.0,False,True,pix,Sao Paulo,ok
330,572.0,2022-10-09 00:00:00,Acessórios,100.08,2.0,0.0,False,True,pix,SP,ok
4183,234.0,2025-05-23 00:00:00,Escritório,260.83,1.0,0.0,False,True,,salvaodr,
1702,1027.0,2022-11-25 00:00:00,Informática,634.89,1.0,0.0,False,True,dinheiro,SAO PAULO,cliente reclamou
4285,106.0,2025-03-17 00:00:00,Brinquedos,117.11,2.0,0.0,False,True,Cartão ,RIO DE JANEIRO,ok
2489,1005.0,2025-07-10 00:00:00,Escritório,275.94,1.0,0.0,False,True,Cartão ,,
3789,1042.0,2022-02-09 00:00:00,Informática,1137.98,1.0,0.0,False,True,boleto,sao jose dos campos,cliente reclamou
6452,1180.0,2024-01-29 00:00:00,Brinquedos,78.1,2.0,0.0,False,True,boleto,Zona Sul,
6321,957.0,2025-02-09 00:00:00,Informática,698.41,1.0,0.3,False,True,pix,SP,telefone inválido
4440,612.0,2023-10-06 00:00:00,Móveis,1459.53,1.0,0.0,False,True,cartao,  sp ,Entrega atrasada
4737,173.0,2025-03-09 00:00:00,Eletrônicos,328.61,1.0,0.0,False,True,,SÃO APULO,
1735,256.0,2024-05-16 00:00:00,Móveis,1061.99,1.0,0.0,False,True,dinheiro, POA  ,ok
381,836.0,2024-04-04 00:00:00,Acessórios,112.21,2.0,0.0,False,True,cartao,São Paulo,cliente reclamou
2838,795.0,2024-08-24 00:00:00,Alimentos,119.34,5.0,0.0,False,True,pix,Niterói,Entrega atrasada
5103,1049.0,2025-01-04 00:00:00,Eletrônicos,706.55,1.0,0.0,False,True,Cartão ,  rio de janeiro,telefone inválido
686,708.0,2023-03-20 00:00:00,Escritório,373.24,2.0,0.0,False,True,Cartão ,INTERIOR,
3807,484.0,2023-05-26 00:00:00,Acessórios,22.57,1.0,0.0,False,True,dinheiro,vila velha,ok
6829,1360.0,2025-03-31 00:00:00,Brinquedos,136.74,3.0,0.0,False,True,dinheiro,,
528,575.0,2024-11-29 00:00:00,Eletrônicos,2124.32,2.0,0.0,False,True,dinheiro,CAMPINAS,
878,83.0,2025-01-05 00:00:00,Escritório,163.97,1.0,0.0,False,True,Cartão ,sp,cliente reclamou
4700,911.0,2022-08-22 00:00:00,Eletrônicos,3964.62,4.0,0.0,False,True,cartao,Manaus,Entrega atrasada
418,1000.0,2024-02-11 00:00:00,Acessórios,25.09,1.0,0.0,False,True,,FORTALEZA,Entrega atrasada
2437,1139.0,2024-05-18 00:00:00,Informática,503.05,1.0,0.0,False,True,,Niteroi,
3150,1430.0,2025-01-15 00:00:00,Eletrônicos,1645.88,2.0,0.0,False,True,Cartão ,NITERÓI,cliente reclamou
6197,414.0,2023-10-19 00:00:00,Escritório,790.31,3.0,0.0,True,True,cartao,manaus,Entrega atrasada
6402,1265.0,2023-06-28 00:00:00,Acessórios,65.22,1.0,0.0,False,True,boleto,Vila Velha,
1450,233.0,2023-11-03 00:00:00,Informática,2189.78,2.0,0.0,False,True,pix,Niterói  ,ok
4139,70.0,2023-11-20 00:00:00,Informática,1236.28,1.0,0.0,False,True,boleto,PORTO ALEGRE,cliente reclamou
3319,51.0,2025-04-14 00:00:00,Informática,1852.0,2.0,0.0,False,True,cartao,Campinas,
4676,390.0,2022-05-23 00:00:00,Informática,977.91,1.0,0.0,False,True,boleto,RIO DE JANEIRO,Entrega atrasada
6098,232.0,2024-09-13 00:00:00,Informática,1129.68,1.0,0.0,False,True,Cartão ,NITEROI,telefone inválido
982,622.0,2023-09-01 00:00:00,Eletrônicos,593.19,1.0,0.0,False,True,dinheiro,Interior,ok
46,1147.0,2025-10-08 00:00:00,Acessórios,48.84,1.0,0.0,False,True,dinheiro,SP,cliente reclamou
31,519.0,2023-08-08 00:00:00,,826.36,1.0,0.0,False,True,dinheiro,    ,Entrega atrasada
3695,32.0,2025-02-20 00:00:00,Alimentos,95.19,6.0,0.0,False,True,boleto,BRASÍLIA,telefone inválido
1382,45.0,2024-04-15 00:00:00,Eletrônicos,404.21,1.0,0.0,False,True,,SÃOPAULO,telefone inválido
6025,609.0,2022-12-19 00:00:00,Escritório,257.77,1.0,0.0,False,True,pix,  sao jose dos campos ,Entrega atrasada
6730,956.0,2023-07-23 00:00:00,Acessórios,42.81,1.0,0.0,False,True,boleto,Zona Sul,cliente reclamou
1446,487.0,2024-03-21 00:00:00,Móveis,1309.6,1.0,0.0,True,True,cartao,VILA VELHA,
109,663.0,2025-09-13 00:00:00,Móveis,1061.34,1.0,0.0,False,True,pix,Zona Sul,
5642,301.0,2024-02-18 00:00:00,Brinquedos,121.8,2.0,0.0,False,True,pix,manaus,cliente reclamou
360,299.0,2024-09-12 00:00:00,Acessórios,66.81,2.0,0.0,False,True,dinheiro,são paulo,
4011,1448.0,2023-02-02 00:00:00,Alimentos,38.82,2.0,0.0,False,True,dinheiro,são paulo  ,Entrega atrasada
5712,28.0,2024-01-28 00:00:00,Eletrônicos,484.95,1.0,0.0,False,True,boleto,nietroi,ok
3615,742.0,2024-01-18 00:00:00,Eletrônicos,796.44,1.0,0.0,False,True,,campinas,
3472,187.0,2025-01-20 00:00:00,Escritório,247.06,1.0,0.0,False,True,boleto,Goiania,telefone inválido
6125,1083.0,2023-11-05 00:00:00,Escritório,332.69,1.0,0.0,False,True,Cartão , CAMPINAS ,ok
4668,1174.0,2024-08-20 00:00:00,Eletrônicos,1937.67,3.0,0.0,False,True,pix,Sao Jose dos Campos,telefone inválido
5886,1061.0,2022-12-04 00:00:00,Informática,1158.27,1.0,0.0,False,True,Cartão ,ZONA SUL  ,ok
1025,355.0,2022-07-04 00:00:00,Informática,517.36,1.0,0.0,False,True,dinheiro,FORTALEZA,Entrega atrasada
1133,1195.0,2025-06-08 00:00:00,Eletrônicos,724.84,1.0,0.0,False,True,,são paulo,
1547,,2025-10-27 00:00:00,Eletrônicos,1456.23,2.0,0.0,False,True,Cartão , Sao Paulo Centro  ,Entrega atrasada
3309,388.0,2022-08-12 00:00:00,Escritório,154.76,1.0,0.0,False,True,,rio de jaeniro,
1549,504.0,2025-01-20 00:00:00,Acessórios,104.05,3.0,0.0,False,True,Cartão ,sp,
2967,499.0,2023-04-19 00:00:00,Acessórios,83.74,2.0,0.0,False,True,dinheiro,Fotraleza,telefone inválido
1298,971.0,2024-11-19 00:00:00,Brinquedos,223.32,3.0,0.0,False,True,, ,
1876,661.0,2024-07-23 00:00:00,Alimentos,68.77,3.0,0.0,False,True,cartao,  SAO PAULO CENTRO ,
5668,183.0,2025-03-08 00:00:00,Informática,1930.94,2.0,0.0,False,True,cartao,SP,telefone inválido
6579,1128.0,2025-10-06 00:00:00,Informática,1566.48,2.0,0.0,False,True,pix,INTERIOR,Entrega atrasada
3970,141.0,2023-10-13 00:00:00,Eletrônicos,638.18,1.0,0.0,False,True,dinheiro,BH,telefone inválido
1435,55.0,2024-11-17 00:00:00,Eletrônicos,1000.71,1.0,0.15,False,True,boleto,BRASÍLIA,telefone inválido
2393,995.0,2024-03-14 00:00:00,Informática,2799.81,2.0,0.0,False,True,,ctba,Entrega atrasada
150,1263.0,2023-12-15 00:00:00,Eletrônicos,971.11,1.0,0.0,False,True,dinheiro,Niterói  ,telefone inválido
4024,190.0,2023-04-24 00:00:00,Eletrônicos,682.48,1.0,0.3,False,True,Cartão , SÃOPAULO  ,
2863,724.0,2023-06-15 00:00:00,Alimentos,82.23,3.0,0.0,False,True,pix,Zona Sul,ok
2720,1066.0,2023-03-11 00:00:00,Informática,915.27,1.0,0.0,True,True,Cartão ,SALVADOR,
6858,852.0,2023-05-14 00:00:00,Escritório,190.32,1.0,0.0,False,True,Cartão ,,Entrega atrasada
4994,1363.0,2022-01-13 00:00:00,Alimentos,20.66,2.0,0.0,False,True,pix,rio de janeiro,
3314,167.0,2024-04-01 00:00:00,Eletrônicos,472.22,1.0,0.1,False,True,,brasília,
6856,378.0,2023-04-24 00:00:00,Alimentos,73.44,3.0,0.0,False,True,dinheiro,,
5214,685.0,2023-09-23 00:00:00,Brinquedos,249.56,6.0,0.3,False,True,pix,Recife ,
6050,719.0,2024-09-07 00:00:00,Informática,1166.47,1.0,0.0,True,True,boleto,Fortaleza,telefone inválido
212,106.0,2022-06-28 00:00:00,Informática,1047.33,1.0,0.0,False,True,dinheiro,Goiania,ok
3479,94.0,2022-11-16 00:00:00,Acessórios,53.28,1.0,0.0,False,True,dinheiro,,ok
2969,1264.0,2024-11-10 00:00:00,Acessórios,117.31,2.0,0.0,False,False,cartao,rj,cliente reclamou
2686,798.0,2022-05-30 00:00:00,Escritório,347.49,2.0,0.0,False,True,,RIO DE JANEIRO,cliente reclamou
5264,1196.0,2024-08-19 00:00:00,Alimentos,14.36,1.0,0.0,False,True,,interior,
4393,518.0,2025-03-08 00:00:00,Acessórios,52.14,1.0,0.0,False,True,pix,Zona Sul,telefone inválido
2881,807.0,2022-09-14 00:00:00,Informática,818.77,1.0,0.0,False,True,pix,brasilia ,
1809,900.0,2023-06-30 00:00:00,Eletrônicos,2553.91,3.0,0.0,False,True,dinheiro,fotraleza,ok
6766,382.0,2025-08-10 00:00:00,Escritório,80.46,1.0,0.3,False,True,cartao,  Sao Paulo  ,cliente reclamou
5554,484.0,2023-08-29 00:00:00,Eletrônicos,690.74,1.0,0.0,False,True,cartao,POA ,
6151,1310.0,2023-09-30 00:00:00,Escritório,130.13,,0.0,False,True,Cartão ,  goiania,telefone inválido
5235,827.0,2024-05-22 00:00:00,Escritório,219.05,1.0,0.0,False,True,cartao,RJ,
4496,822.0,2022-05-27 00:00:00,Móveis,2682.8,2.0,0.0,False,True,pix,  Curitiba,ok
3135,73.0,2022-08-18 00:00:00,Brinquedos,169.57,3.0,0.0,False,True,cartao,  goiania,
4446,1093.0,2023-04-07 00:00:00,Escritório,203.75,1.0,0.0,False,True,cartao,sp,cliente reclamou
2341,677.0,2025-10-01 00:00:00,Informática,1044.4,1.0,0.0,False,True,dinheiro,Goiania,
276,932.0,2022-11-29 00:00:00,Alimentos,20.03,1.0,0.0,False,True,,MANUAS,ok
5905,1144.0,2025-01-10 00:00:00,Alimentos,87.26,4.0,0.1,False,True,pix,VILA VELHA,
6204,79.0,2022-11-27 00:00:00,Escritório,242.29,1.0,0.0,False,True,,NITEROI,telefone inválido
5733,486.0,2025-10-01 00:00:00,Informática,1110.1,1.0,0.0,False,True,cartao,Interior,cliente reclamou
3088,1032.0,2022-05-04 00:00:00,Acessórios,86.78,2.0,0.0,False,True,dinheiro,Goiania,ok
6934,608.0,2024-03-21 00:00:00,Informática,876.65,1.0,0.0,False,True,dinheiro,CTBA,ok
6581,1059.0,2024-10-23 00:00:00,Eletrônicos,892.67,1.0,0.0,False,True,dinheiro,NITERIO,Entrega atrasada
2840,306.0,2024-06-27 00:00:00,Escritório,306.13,2.0,0.0,False,True,Cartão ,rio de janeiro,cliente reclamou
3217,1027.0,2022-12-01 00:00:00,Acessórios,0.0,1.0,0.0,False,True,,Rio de Janeiro,cliente reclamou
4648,618.0,2025-03-06 00:00:00,Eletrônicos,582.58,1.0,0.0,False,True,cartao,BH,telefone inválido
4450,480.0,2025-08-10 00:00:00,Escritório,189.95,1.0,0.0,False,True,pix,,
431,705.0,2023-10-02 00:00:00,Escritório,234.44,1.0,0.0,False,True,boleto, Rio de Janeiro,telefone inválido
4432,194.0,2024-05-22 00:00:00,Eletrônicos,0.0,1.0,0.05,False,True,cartao,RIO DE JANEIRO,cliente reclamou
6114,1172.0,2022-12-13 00:00:00,Eletrônicos,1656.86,2.0,0.0,False,True,pix,BH,cliente reclamou
3938,1133.0,2024-03-24 00:00:00,,578.71,1.0,0.0,False,True,pix,Goiania,
4419,742.0,2024-06-29 00:00:00,Eletrônicos,2094.75,3.0,0.0,False,True,,POA,ok
5746,689.0,2023-01-01 00:00:00,Escritório,378.44,2.0,0.0,False,True,boleto,Zona Sul,cliente reclamou
3444,1114.0,2023-06-21 00:00:00,Informática,1089.96,1.0,0.0,False,True,pix,Niterói,Entrega atrasada
5616,936.0,2024-01-29 00:00:00,Acessórios,126.29,4.0,0.0,False,True,boleto,São Paulo,telefone inválido
1831,90.0,2024-08-08 00:00:00,Móveis,1410.13,1.0,0.0,False,True,,Goainia,Entrega atrasada
4665,1392.0,2024-11-24 00:00:00,Brinquedos,223.02,4.0,0.3,False,True,,campinas,Entrega atrasada
1155,87.0,2024-10-25 00:00:00,Eletrônicos,1142.67,,0.0,False,True,Cartão ,CTBA ,ok
3620,345.0,2024-03-13 00:00:00,Eletrônicos,797.7,1.0,0.0,False,True,pix,PORTO ALEGRE,
6852,490.0,2024-02-04 00:00:00,Acessórios,40.67,1.0,0.0,False,True,dinheiro,Belo Horizonte,ok
309,919.0,2024-06-10 00:00:00,,0.0,1.0,0.0,False,True,cartao,Campinas,telefone inválido
6707,52.0,2025-01-04 00:00:00,Eletrônicos,648.18,1.0,0.0,False,True,pix,rj,
4037,1004.0,2024-01-29 00:00:00,Alimentos,86.09,3.0,0.0,False,True,dinheiro,RJ,cliente reclamou
2348,91.0,2022-01-26 00:00:00,Informática,793.24,1.0,0.0,False,True,boleto,SãoPaulo,telefone inválido
3536,1200.0,2024-09-15 00:00:00,Escritório,153.5,1.0,0.0,False,True,pix,sjc,telefone inválido
973,607.0,2022-08-11 00:00:00,Alimentos,28.53,2.0,0.0,False,True,boleto,Belo Horizonte,
3540,1329.0,2022-03-02 00:00:00,Informática,2093.02,,0.0,False,True,pix,BH,telefone inválido
2011,218.0,2023-05-03 00:00:00,Alimentos,31.99,2.0,0.0,False,True,,Sao Jose dos Campos,Entrega atrasada
3437,129.0,2024-11-10 00:00:00,Eletrônicos,1634.49,2.0,0.0,False,True,Cartão ,ãSo Paulo,
3551,1328.0,2025-07-06 00:00:00,Móveis,0.0,1.0,0.0,False,True,, Goiania  ,cliente reclamou
6927,912.0,2025-02-15 00:00:00,Acessórios,68.23,1.0,0.0,False,True,Cartão ,INTERIOR,cliente reclamou
1477,71.0,2023-08-21 00:00:00,Alimentos,40.16,3.0,0.0,False,True,boleto,SÃO PAULO,
4760,,2024-04-30 00:00:00,Eletrônicos,650.95,1.0,0.0,False,True,dinheiro,RJ,
4271,99.0,2023-01-07 00:00:00,Móveis,941.87,1.0,0.0,False,True,pix,NITERÓI,
4392,164.0,2024-05-07 00:00:00,Eletrônicos,590.36,1.0,0.0,False,True,Cartão ,porto alegre,telefone inválido
6986,533.0,2029-12-25 00:00:00,Móveis,2931.58,2.0,0.0,False,True,,bh,telefone inválido
3689,810.0,2024-08-04 00:00:00,Acessórios,47.33,1.0,0.0,False,True,pix, SP ,
4109,1161.0,2022-10-25 00:00:00,Escritório,188.08,1.0,0.0,False,True,pix,RJ,
2827,376.0,2024-08-28 00:00:00,Eletrônicos,850.47,1.0,0.0,False,True,boleto,Interior,telefone inválido
6702,782.0,2023-11-03 00:00:00,Escritório,423.62,2.0,0.0,False,True,Cartão ,SJC,
3774,101.0,2022-11-05 00:00:00,Alimentos,80.58,4.0,0.3,False,True,Cartão ,Campians,telefone inválido
5023,992.0,2023-05-24 00:00:00,Brinquedos,243.16,4.0,0.0,False,True,,Niterói,Entrega atrasada
128,959.0,2022-08-13 00:00:00,Alimentos,89.13,5.0,0.0,False,True,cartao,SJC,telefone inválido
264,336.0,2022-08-21 00:00:00,Eletrônicos,523.87,1.0,0.0,False,True,boleto,bh ,telefone inválido
2941,240.0,2024-01-18 00:00:00,Informática,1026.45,1.0,0.0,False,True,pix,Sao Paulo  ,ok
6055,235.0,2024-11-18 00:00:00,Brinquedos,603.05,6.0,0.0,False,True,,Rio de Janeiro,
2674,469.0,2023-10-12 00:00:00,Eletrônicos,511.65,1.0,0.0,False,True,cartao,POA,Entrega atrasada
5463,1049.0,2025-06-04 00:00:00,Eletrônicos,1108.48,2.0,0.0,False,True,Cartão ,sao paulo centro,cliente reclamou
5864,930.0,2023-12-01 00:00:00,Eletrônicos,0.0,3.0,0.0,False,True,,  rio de janeiro,
178,422.0,2024-04-02 00:00:00,Informática,491.96,1.0,0.0,False,True,Cartão ,  Manaus,telefone inválido
4091,1335.0,2023-07-24 00:00:00,Escritório,286.08,1.0,0.0,False,True,boleto,sp,Entrega atrasada
685,237.0,2022-12-03 00:00:00,Eletrônicos,0.0,1.0,0.0,False,True,boleto,RJ,
3625,163.0,2023-09-05 00:00:00,Eletrônicos,625.09,1.0,0.0,False,True,Cartão ,recife,
2009,347.0,2024-10-20 00:00:00,Acessórios,52.95,1.0,0.0,False,True,boleto,NITERÓI,telefone inválido
4900,950.0,2022-09-28 00:00:00,Alimentos,141.01,6.0,0.0,False,True,,sao jose dos campos ,ok
2509,949.0,2025-08-01 00:00:00,Brinquedos,51.68,1.0,0.0,False,True,,porto alegre,cliente reclamou
854,,2025-03-22 00:00:00,Eletrônicos,732.59,2.0,0.15,False,True,cartao,SAO PAULO,ok
6536,247.0,2024-01-14 00:00:00,Escritório,284.94,1.0,0.0,False,True,pix,Sao Paulo,cliente reclamou
558,817.0,2022-06-03 00:00:00,Acessórios,37.48,1.0,0.0,False,True,cartao,  são paulo ,cliente reclamou
1603,1200.0,2023-01-15 00:00:00,Escritório,200.77,1.0,0.0,False,True,Cartão ,Vila Velha,cliente reclamou
5647,899.0,2024-04-12 00:00:00,Informática,861.78,1.0,0.0,False,True,Cartão ,são paulo,
672,824.0,2022-07-09 00:00:00,Informática,3855.11,4.0,0.0,False,True,,Manaus,cliente reclamou
3557,417.0,2022-04-03 00:00:00,Eletrônicos,493.74,1.0,0.3,False,True,dinheiro,fortaleza,
521,315.0,2022-12-12 00:00:00,Alimentos,171.02,6.0,0.0,False,True,cartao,CTBA,ok
6675,1140.0,2025-10-30 00:00:00,Alimentos,62.74,2.0,0.0,False,True,boleto,SÃO PAULO,telefone inválido
1227,271.0,2029-12-25 00:00:00,Alimentos,42.42,2.0,0.0,False,True,Cartão ,Recife,
5913,1157.0,2024-12-28 00:00:00,Alimentos,107.88,6.0,0.3,False,True,dinheiro,  SAO PAULO CETNRO  ,cliente reclamou
3681,133.0,2025-07-03 00:00:00,Informática,1252.7,1.0,0.0,False,True,Cartão ,,Entrega atrasada
6513,494.0,2023-03-04 00:00:00,Móveis,1268.96,1.0,0.0,False,True,,são paulo,telefone inválido
4453,266.0,2025-04-03 00:00:00,Escritório,227.47,2.0,0.1,False,True,,,
1576,,2024-03-01 00:00:00,Eletrônicos,839.17,1.0,0.0,False,True,dinheiro, Zona Sul  ,telefone inválido
2055,789.0,2022-09-16 00:00:00,Acessórios,16.73,1.0,0.3,False,True,,MANAUS,
4982,1322.0,2025-05-25 00:00:00,Escritório,219.76,1.0,0.0,False,True,,Goiania,cliente reclamou
48,530.0,2023-05-21 00:00:00,Móveis,0.0,1.0,0.3,False,True,,Campinas,
272,669.0,2024-05-17 00:00:00,Escritório,214.03,2.0,0.0,False,True,,zona sul,ok
5341,929.0,2023-04-19 00:00:00,Eletrônicos,645.63,1.0,0.0,False,True,, BH,Entrega atrasada
5027,928.0,2024-03-26 00:00:00,Brinquedos,116.69,2.0,0.0,False,True,boleto,sp,
2606,257.0,2023-09-02 00:00:00,Escritório,603.97,3.0,0.0,False,True,boleto,CTBA,Entrega atrasada
4511,650.0,2023-07-14 00:00:00,Acessórios,56.3,1.0,0.0,False,True,pix,Interior,ok
4792,1193.0,2024-12-27 00:00:00,Eletrônicos,3314.75,4.0,0.0,False,True,,CTBA,telefone inválido
5063,1198.0,2023-05-25 00:00:00,Alimentos,142.51,8.0,0.0,False,True,Cartão ,belo horizonte,
1204,227.0,2025-04-12 00:00:00,Informática,992.16,1.0,0.1,False,True,Cartão ,BH,
6020,162.0,2023-08-05 00:00:00,Eletrônicos,842.16,1.0,0.15,False,True,Cartão ,RECIFE,telefone inválido
4232,1399.0,2022-12-14 00:00:00,Eletrônicos,516.03,1.0,0.0,False,True,,Campinas,telefone inválido
3766,208.0,2024-09-10 00:00:00,Eletrônicos,734.54,1.0,0.0,False,True,boleto,SãoPaulo,Entrega atrasada
6323,525.0,2023-10-18 00:00:00,Móveis,1302.14,1.0,0.0,False,True,,SAO PAULO,ok
1750,1291.0,2022-01-31 00:00:00,Acessórios,93.73,2.0,0.0,False,True,,SJC,Entrega atrasada
3524,452.0,2024-12-05 00:00:00,Escritório,232.31,1.0,0.0,False,True,Cartão ,Manaus,ok
4621,345.0,2022-04-28 00:00:00,Escritório,265.7,1.0,0.0,False,True,Cartão ,RJ,
2577,1031.0,2025-06-13 00:00:00,Alimentos,164.96,8.0,0.0,False,True,pix,SALVADOR,Entrega atrasada
5134,1464.0,2024-12-30 00:00:00,Móveis,1749.48,1.0,0.0,False,False,,  SJC,telefone inválido
3584,571.0,2029-12-25 00:00:00,Informática,1168.68,1.0,0.0,False,True,boleto,SP,cliente reclamou
960,1130.0,2023-10-27 00:00:00,Eletrônicos,1450.68,3.0,0.3,True,True,boleto,,Entrega atrasada
3181,1373.0,2022-11-23 00:00:00,Eletrônicos,1061.83,1.0,0.0,False,True,boleto,GOIANIA,
612,1359.0,2025-07-16 00:00:00,Escritório,248.99,1.0,0.0,False,True,boleto,  GOIANIA  ,cliente reclamou
3485,495.0,2024-12-07 00:00:00,Acessórios,91.74,2.0,0.0,False,True,cartao,Manaus,
6770,61.0,2024-09-08 00:00:00,Acessórios,44.15,1.0,0.0,False,True,,sp,cliente reclamou
2761,757.0,2025-10-09 00:00:00,Alimentos,32.72,2.0,0.0,False,True,Cartão ,SÃO PAULO,ok
5966,1225.0,2022-09-26 00:00:00,Escritório,396.02,2.0,0.0,False,True,boleto,,
856,1150.0,2023-03-11 00:00:00,Eletrônicos,0.0,2.0,0.0,False,True,cartao,sao paulo centro,ok
5757,,2023-11-11 00:00:00,Eletrônicos,1289.5,2.0,0.0,False,True,Cartão ,POA,ok
684,1143.0,2023-08-25 00:00:00,Acessórios,93.8,2.0,0.0,False,True,,Curitiba,telefone inválido
2244,,2024-11-22 00:00:00,Eletrônicos,1560.49,2.0,0.0,False,True,boleto,SP,Entrega atrasada
5212,169.0,2025-07-06 00:00:00,Escritório,126.68,1.0,0.0,False,True,pix,SÃO PAULO,
6600,860.0,2022-02-26 00:00:00,Eletrônicos,544.64,1.0,0.0,False,True,,  ,
1408,1077.0,2023-05-11 00:00:00,Informática,3065.38,3.0,0.0,False,True,boleto,Sao Paulo,Entrega atrasada
2141,754.0,2023-04-11 00:00:00,Escritório,529.59,2.0,0.0,False,True,,Porto Alegre,ok
4973,711.0,2022-02-20 00:00:00,Escritório,186.25,1.0,0.0,False,True,Cartão ,niteroi,
1325,404.0,2025-01-23 00:00:00,Acessórios,81.18,3.0,0.0,False,True,boleto,Belo Horizonte,
3580,886.0,2023-12-16 00:00:00,Acessórios,64.76,1.0,0.0,False,True,,ERCIFE,cliente reclamou
3948,448.0,2024-12-23 00:00:00,Eletrônicos,853.54,1.0,0.0,False,True,cartao,SP,ok
2899,395.0,2022-11-08 00:00:00,Eletrônicos,932.71,1.0,0.0,False,True,Cartão ,POROT ALEGRE,
3915,601.0,2022-08-30 00:00:00,Informática,531.44,1.0,0.15,False,True,,POA,
778,976.0,2025-03-19 00:00:00,Escritório,145.88,1.0,0.15,False,True,Cartão ,rio de janeiro,
4445,733.0,2024-06-28 00:00:00,Eletrônicos,569.97,1.0,0.0,False,True,dinheiro,Manaus,cliente reclamou
302,1097.0,2024-06-21 00:00:00,Escritório,169.41,1.0,0.1,False,True,boleto,zona sul,
5915,457.0,2023-08-08 00:00:00,Acessórios,99.04,2.0,0.0,False,True,pix, RJ  ,telefone inválido
3046,872.0,2022-01-02 00:00:00,Escritório,213.23,1.0,0.0,False,True,cartao,são paulo ,Entrega atrasada
2091,190.0,2024-03-30 00:00:00,Informática,390.74,1.0,0.0,False,True,pix,  Sao Paulo Centro  ,
1099,928.0,2024-05-25 00:00:00,Eletrônicos,483.9,1.0,0.0,True,True,pix,  poa,ok
4430,1026.0,2022-08-30 00:00:00,Escritório,162.86,,0.0,False,True,pix,RJ,ok
3969,503.0,2024-04-21 00:00:00,Brinquedos,128.78,2.0,0.0,False,True,dinheiro,goiania,
5852,700.0,2025-01-30 00:00:00,Eletrônicos,402.77,1.0,0.0,False,True,dinheiro,Niteroi  ,Entrega atrasada
4542,,2024-05-04 00:00:00,Alimentos,62.85,4.0,0.0,False,True,pix,sjc,
4067,579.0,2025-01-31 00:00:00,Escritório,127.98,1.0,0.15,False,True,Cartão ,recife,telefone inválido
2271,304.0,2023-01-20 00:00:00,Escritório,299.17,1.0,0.0,False,True,dinheiro,  Vila Velha  ,cliente reclamou
86,163.0,2024-08-06 00:00:00,Informática,677.75,1.0,0.0,False,True,pix,   ,cliente reclamou
4818,1080.0,2024-03-17 00:00:00,Informática,1202.41,1.0,0.0,False,True,Cartão ,  POA,telefone inválido
5123,155.0,2022-06-26 00:00:00,Escritório,217.26,1.0,0.0,False,True,pix,saopaluo ,
1474,849.0,2022-10-20 00:00:00,Escritório,176.86,,0.0,False,True,cartao,INTERIOR,
120,734.0,2022-08-16 00:00:00,Eletrônicos,1250.17,3.0,0.0,False,True,Cartão ,BH,
1329,377.0,2023-07-29 00:00:00,Acessórios,65.48,1.0,0.0,False,True,pix,SJC,Entrega atrasada
2946,149.0,2025-03-27 00:00:00,Eletrônicos,521.83,1.0,0.0,False,True,dinheiro,POA,ok
5732,80.0,2024-06-09 00:00:00,Brinquedos,78.88,1.0,0.0,False,True,pix,rio,Entrega atrasada
5122,230.0,2022-05-02 00:00:00,Eletrônicos,652.91,2.0,0.0,False,True,dinheiro,CTBA,
2388,672.0,2024-08-29 00:00:00,Acessórios,84.56,2.0,0.05,False,True,boleto,Sao Paulo,ok
408,,2022-04-28 00:00:00,Acessórios,92.55,2.0,0.0,True,True,boleto,Interior,ok
5532,291.0,2023-08-18 00:00:00,Acessórios,85.02,2.0,0.0,False,True,dinheiro,Porto Alegre,telefone inválido
6693,144.0,2024-04-27 00:00:00,Escritório,259.96,2.0,0.1,False,True,,Niterói,ok
6308,1500.0,2022-11-09 00:00:00,,52.46,3.0,0.0,False,True,dinheiro,RJ,cliente reclamou
5031,935.0,2029-12-25 00:00:00,Alimentos,176.31,6.0,0.0,False,True,pix,RECFIE,
4481,252.0,2022-06-08 00:00:00,Eletrônicos,807.66,1.0,0.0,False,True,dinheiro,Sao Paulo,
805,178.0,2022-03-13 00:00:00,Acessórios,164.67,3.0,0.0,False,True,pix,Sao Paulo Centro,telefone inválido
5842,379.0,2024-11-21 00:00:00,Eletrônicos,3625.86,3.0,0.0,False,True,pix,SJC,cliente reclamou
4878,780.0,2022-05-03 00:00:00,Escritório,0.0,2.0,0.0,False,True,pix,  Salvador  ,
4537,1221.0,2024-10-06 00:00:00,Acessórios,41.09,1.0,0.0,False,True,pix,  bh,telefone inválido
2401,59.0,2025-04-21 00:00:00,Informática,857.96,1.0,0.15,False,True,cartao,BH,ok
787,1119.0,2023-11-30 00:00:00,Escritório,277.3,1.0,0.0,False,True,Cartão ,Interior,
1869,334.0,2023-08-10 00:00:00,Eletrônicos,1716.2,3.0,0.05,False,True,boleto,Niterói,ok
3882,1383.0,2024-05-07 00:00:00,,55.8,1.0,0.0,False,True,boleto,Sao Paulo Centro,
6631,459.0,2024-09-29 00:00:00,Eletrônicos,3465.81,5.0,0.0,False,True,pix,GOIANIA,telefone inválido
1222,1101.0,2024-03-27 00:00:00,Brinquedos,0.0,4.0,0.0,False,True,Cartão ,Interior,Entrega atrasada
799,1286.0,2022-09-19 00:00:00,Eletrônicos,1181.32,2.0,0.0,False,True,Cartão ,BH,Entrega atrasada
1968,685.0,2025-08-09 00:00:00,Alimentos,35.85,2.0,0.0,False,True,boleto,sp,Entrega atrasada
2862,1476.0,2025-04-25 00:00:00,Escritório,666.37,3.0,0.0,False,True,dinheiro,  SJC ,Entrega atrasada
4377,,2025-06-08 00:00:00,Alimentos,115.12,5.0,0.0,False,True,Cartão ,,telefone inválido
3801,78.0,2025-05-13 00:00:00,Eletrônicos,1285.08,2.0,0.0,False,True,boleto,SP,
423,729.0,2024-02-23 00:00:00,Informática,1298.02,2.0,0.0,False,True,pix,rio de janeiro,cliente reclamou
5897,383.0,2025-09-05 00:00:00,Brinquedos,182.45,3.0,0.0,False,True,cartao,curitiba,telefone inválido
3934,236.0,2022-10-01 00:00:00,Eletrônicos,333.19,1.0,0.0,False,True,dinheiro,bh,Entrega atrasada
4212,1025.0,2024-05-25 00:00:00,Alimentos,17.86,1.0,0.0,False,True,Cartão ,Rio,cliente reclamou
6039,839.0,2022-09-15 00:00:00,Escritório,390.54,2.0,0.05,False,True,boleto,BH,cliente reclamou
1482,531.0,2022-10-23 00:00:00,Alimentos,67.15,3.0,0.0,False,True,Cartão ,SAO PAULO,
2276,844.0,2022-08-10 00:00:00,Eletrônicos,832.25,1.0,0.0,False,True,pix,Porto Alegre,
6796,656.0,2022-04-17 00:00:00,,1422.46,1.0,0.0,False,True,boleto, rio de janeiro ,Entrega atrasada
2957,218.0,2024-11-19 00:00:00,Eletrônicos,1538.03,2.0,0.0,False,True,dinheiro,SÃO PAULO,Entrega atrasada
5758,471.0,2022-02-22 00:00:00,Escritório,0.0,1.0,0.0,False,True,Cartão ,RJ,
5074,461.0,2023-06-06 00:00:00,Eletrônicos,2044.88,3.0,0.15,False,True,dinheiro, Porto Alegre ,
5710,589.0,2029-12-25 00:00:00,Escritório,266.41,1.0,0.0,False,True,Cartão ,  RJ  ,telefone inválido
1268,1189.0,2023-03-26 00:00:00,,2176.32,2.0,0.0,False,True,Cartão ,  POA ,ok
1935,851.0,2024-07-09 00:00:00,Eletrônicos,626.17,1.0,0.0,False,True,cartao,ZON ASUL ,ok
359,518.0,2024-05-16 00:00:00,Escritório,206.09,1.0,0.0,False,True,dinheiro,SP,telefone inválido
4531,949.0,2022-05-12 00:00:00,Escritório,197.08,1.0,0.0,False,True,,SP,cliente reclamou
3836,1143.0,2022-06-07 00:00:00,Eletrônicos,1045.56,2.0,0.0,False,True,cartao,sp,ok
716,62.0,2022-02-27 00:00:00,Acessórios,46.45,1.0,0.0,False,True,boleto,BH,Entrega atrasada
2933,841.0,2023-12-01 00:00:00,Informática,917.3,1.0,0.0,False,True,pix,BH,Entrega atrasada
5761,1136.0,2022-10-26 00:00:00,Eletrônicos,778.23,1.0,0.0,False,True,pix,Goiania,
5363,819.0,2024-02-01 00:00:00,Eletrônicos,874.0,1.0,0.0,False,True,,RJ,Entrega atrasada
6465,147.0,2025-04-22 00:00:00,Informática,1464.68,1.0,0.0,False,True,Cartão ,salavdor,telefone inválido
3705,545.0,2022-03-08 00:00:00,Brinquedos,439.66,6.0,0.05,False,True,,bh,
614,,2023-08-23 00:00:00,Acessórios,42.52,1.0,0.0,False,True,Cartão ,Sao Pauol Centro ,
2272,1014.0,2023-02-07 00:00:00,Informática,591.85,1.0,0.15,False,True,cartao,SÃOPAULO,telefone inválido
3234,575.0,2023-11-07 00:00:00,Móveis,1535.58,1.0,0.0,False,True,cartao,SP,
4434,969.0,2023-05-22 00:00:00,Informática,828.14,1.0,0.0,False,True,Cartão ,POA,telefone inválido
5055,1151.0,2025-01-19 00:00:00,Brinquedos,151.19,3.0,0.0,False,True,boleto,Savlador,telefone inválido
2901,1189.0,2023-04-15 00:00:00,Brinquedos,350.07,5.0,0.0,False,True,pix,Sao Paulo Centro,
4709,1460.0,2024-09-14 00:00:00,Alimentos,85.76,3.0,0.0,False,True,boleto,Salvador,
2462,132.0,2023-04-26 00:00:00,Informática,1167.69,1.0,0.0,False,True,Cartão , São Paulo ,ok
2772,91.0,2024-11-02 00:00:00,Eletrônicos,0.0,4.0,0.0,False,True,pix,Interior,cliente reclamou
186,722.0,2022-10-30 00:00:00,Escritório,160.15,1.0,0.0,False,True,cartao,Curitiba,telefone inválido
1691,1486.0,2024-10-28 00:00:00,Acessórios,134.44,3.0,0.0,False,True,,  MANAUS ,cliente reclamou
6687,241.0,2022-07-26 00:00:00,Eletrônicos,347.69,1.0,0.1,False,True,dinheiro,  Belo Horizonte,ok
3384,998.0,2022-08-14 00:00:00,Informática,1908.66,2.0,0.0,False,True,pix,SAO PAULO CENTRO,
1232,118.0,2023-10-23 00:00:00,Acessórios,40.39,1.0,0.0,False,True,pix,CURITIBA,
3102,44.0,2025-07-20 00:00:00,Eletrônicos,717.55,1.0,0.0,False,True,cartao,rio de janeiro,telefone inválido
99,711.0,2022-09-26 00:00:00,Acessórios,46.37,1.0,0.0,False,True,boleto,CTBA,
925,963.0,2023-01-03 00:00:00,Brinquedos,187.55,3.0,0.0,False,True,dinheiro,Rio,
3649,43.0,2024-10-20 00:00:00,Informática,1222.07,1.0,0.0,False,True,dinheiro,RECIFE,telefone inválido
222,1027.0,2022-08-10 00:00:00,Brinquedos,244.08,4.0,0.0,False,True,Cartão ,porto alegre,ok
4056,516.0,2024-12-05 00:00:00,Móveis,1555.29,1.0,0.0,False,True,,,São Paulo
4855,1023.0,2022-04-09 00:00:00,Brinquedos,90.53,2.0,0.0,False,True,,sp,ok
4577,1049.0,2025-04-22 00:00:00,Eletrônicos,2078.8,3.0,0.0,False,True,Cartão , ,cliente reclamou
5589,1164.0,2023-02-15 00:00:00,Escritório,209.63,1.0,0.0,False,True,,CTBA,telefone inválido
2120,1106.0,2024-07-14 00:00:00,Escritório,549.33,3.0,0.0,False,True,cartao,Sao Jose dos Campos,
1838,888.0,2024-06-27 00:00:00,Alimentos,53.54,2.0,0.0,False,True,Cartão ,sp,telefone inválido
6459,61.0,2024-05-07 00:00:00,Informática,1134.66,2.0,0.3,False,True,dinheiro,Sao Jose dos Campos,ok
5210,1163.0,2023-12-09 00:00:00,Acessórios,305.34,4.0,0.15,False,False,dinheiro,Vila Velha,telefone inválido
6827,707.0,2023-08-12 00:00:00,Móveis,1473.03,1.0,0.0,False,True,pix,SAO JOSE DOS CAMOPS,
3567,558.0,2025-05-17 00:00:00,Informática,1146.47,1.0,0.0,False,True,pix,fortaleza,
677,1040.0,2022-10-18 00:00:00,Eletrônicos,409.35,1.0,0.0,False,True,,RIO DE JANEIOR,
755,1040.0,2024-06-11 00:00:00,Alimentos,56.4,2.0,0.0,False,True,dinheiro,sp,ok
6615,200.0,2022-05-22 00:00:00,Eletrônicos,568.15,1.0,0.0,False,True,cartao,Goiania,
3433,1094.0,2024-07-28 00:00:00,Eletrônicos,677.05,1.0,0.1,False,True,dinheiro,sjc,telefone inválido
5251,191.0,2023-08-05 00:00:00,Informática,805.77,1.0,0.1,False,True,Cartão ,BELO HORIZONTE,ok
4683,370.0,2023-02-30,Acessórios,108.64,3.0,0.0,False,True,boleto,SAO JOSE DOS CAMPOS,cliente reclamou
1063,655.0,2025-01-02 00:00:00,Brinquedos,32.44,1.0,0.3,False,True,,Porto Alegre,Entrega atrasada
5207,742.0,2024-12-19 00:00:00,Eletrônicos,1714.22,2.0,0.0,False,True,Cartão ,CAMPINAS,cliente reclamou
331,842.0,2024-11-10 00:00:00,Móveis,3418.0,2.0,0.0,False,True,cartao,São Paluo,ok
1688,1304.0,2024-04-21 00:00:00,Alimentos,28.38,1.0,0.0,False,True,dinheiro,NITEROI,ok
4128,459.0,2022-11-24 00:00:00,Alimentos,84.11,4.0,0.0,False,True,,são paulo,telefone inválido
2916,1303.0,2023-10-21 00:00:00,,1386.44,1.0,0.0,False,True,boleto,bh,
4405,115.0,2025-09-16 00:00:00,Eletrônicos,714.39,1.0,0.0,False,True,,Rio de Janeiro  ,cliente reclamou
3756,1240.0,2022-05-13 00:00:00,Acessórios,279.85,4.0,0.0,False,True,dinheiro,salvador,
91,6.0,2024-12-16 00:00:00,Eletrônicos,659.67,1.0,0.0,False,True,dinheiro,INTERIOR,
2019,170.0,2024-12-27 00:00:00,Móveis,5012.27,3.0,0.0,False,True,dinheiro,BH,ok
4041,50.0,2023-10-24 00:00:00,Móveis,1294.09,1.0,0.0,False,False,Cartão ,sao jose dos campos,Entrega atrasada
1983,1456.0,2022-02-27 00:00:00,Eletrônicos,883.05,1.0,0.0,False,True,boleto,RIO DE JANEIRO,telefone inválido
2112,1052.0,2025-09-22 00:00:00,Informática,1054.57,2.0,0.0,False,True,cartao,SAO PAULO CENTRO,ok
5531,1421.0,2025-08-17 00:00:00,Informática,1283.07,2.0,0.0,False,True,boleto,SãoPaulo ,telefone inválido
6935,77.0,2024-04-05 00:00:00,Eletrônicos,635.86,1.0,0.0,False,True,cartao,  bh  ,ok
2732,799.0,2023-09-26 00:00:00,Escritório,445.15,2.0,0.0,False,True,pix,SAO PAULO CNETRO,telefone inválido
2039,1145.0,2023-11-14 00:00:00,Eletrônicos,1952.86,2.0,0.0,False,True,cartao, SAO PAULO  ,
4709,1460.0,2024-09-14 00:00:00,Alimentos,85.76,3.0,0.0,False,True,boleto,Salvador,
4006,938.0,2025-02-22 00:00:00,Acessórios,53.69,1.0,0.0,False,True,boleto,SÃOPAULO,
6237,661.0,2023-02-13 00:00:00,Eletrônicos,488.11,1.0,0.15,False,False,Cartão ,fortaleza,ok
5250,156.0,2024-02-04 00:00:00,Eletrônicos,936.6,1.0,0.0,False,True,pix,SJC  ,Entrega atrasada
134,498.0,2029-12-25 00:00:00,Eletrônicos,1173.34,1.0,0.0,False,True,boleto,Brasília,
2111,1054.0,2022-03-29 00:00:00,Móveis,1259.66,1.0,0.0,False,True,Cartão ,recife,
6535,357.0,2022-04-08 00:00:00,Informática,3102.8,2.0,0.0,True,True,,,
2363,748.0,2022-01-30 00:00:00,Escritório,106.32,1.0,0.0,False,True,boleto,  POA ,Entrega atrasada
3872,34.0,2025-08-11 00:00:00,Eletrônicos,609.07,1.0,0.0,False,True,pix,Curitiba,
924,664.0,2024-09-20 00:00:00,Informática,659.05,1.0,0.0,False,True,cartao,SP,
3449,188.0,2022-11-29 00:00:00,Acessórios,53.59,1.0,0.0,False,True,Cartão ,SP,cliente reclamou
6216,1103.0,2024-11-10 00:00:00,Escritório,167.43,1.0,0.0,False,True,boleto,sp,cliente reclamou
3127,588.0,2024-11-30 00:00:00,Escritório,325.08,1.0,0.0,False,True,cartao,Salvador,cliente reclamou
5304,634.0,2023-07-07 00:00:00,Eletrônicos,787.69,2.0,0.0,False,True,boleto,poa,Entrega atrasada
700,722.0,2024-10-26 00:00:00,ACESSÓRIOS,65.77,1.0,0.0,False,True,,  zona sul  ,telefone inválido
3426,103.0,2023-12-13 00:00:00,Eletrônicos,1737.07,2.0,0.0,False,True,pix,Campinas,
5713,809.0,2022-12-25 00:00:00,Alimentos,62.88,2.0,0.0,False,True,boleto,INTERIOR,Entrega atrasada
136,570.0,2022-03-05 00:00:00,Eletrônicos,823.56,1.0,0.0,False,True,pix,RJ,
2544,,2025-09-30 00:00:00,Eletrônicos,299.98,1.0,0.0,False,True,boleto,  sp,ok
6360,927.0,2024-07-01 00:00:00,Eletrônicos,502.21,1.0,0.0,False,True,,CURITIBA,telefone inválido
1660,748.0,2022-01-30 00:00:00,Eletrônicos,688.88,1.0,0.0,False,True,boleto,POA,Entrega atrasada
4344,417.0,2029-12-25 00:00:00,Móveis,1686.81,1.0,0.0,False,True,boleto,Brasília,cliente reclamou
520,467.0,2023-12-20 00:00:00,Eletrônicos,1134.63,1.0,0.0,False,True,Cartão ,CAMPINAS,telefone inválido
3081,906.0,2022-07-01 00:00:00,Móveis,1191.2,1.0,0.0,False,True,Cartão ,Salvador  ,cliente reclamou
6903,714.0,2024-07-23 00:00:00,Acessórios,33.57,1.0,0.0,False,True,,interior,
2063,784.0,2024-05-21 00:00:00,,1407.77,2.0,0.0,False,True,Cartão ,SALVADOR  ,Entrega atrasada
2460,1132.0,2024-11-24 00:00:00,Eletrônicos,1557.42,2.0,0.0,False,True,dinheiro,Niteroi,cliente reclamou
1046,75.0,2023-12-02 00:00:00,Móveis,6410.48,3.0,0.0,False,True,, CTBA ,cliente reclamou
4166,639.0,2025-05-28 00:00:00,Acessórios,45.68,1.0,0.0,False,True,cartao,ZONA SUL,
934,,2023-06-05 00:00:00,Informática,3650.82,3.0,0.0,False,True,pix,Goiania,
2185,676.0,2022-09-19 00:00:00,Eletrônicos,541.67,1.0,0.05,False,True,,  Rio de Janeiro ,telefone inválido
2124,32.0,2025-03-22 00:00:00,Eletrônicos,1944.01,2.0,0.0,False,True,,,
2621,273.0,2024-04-22 00:00:00,Informática,973.56,1.0,0.0,False,True,boleto, POA  ,cliente reclamou
72,946.0,2024-11-07 00:00:00,Acessórios,71.65,1.0,0.0,False,True,boleto,CAMPINAS,telefone inválido
6602,,2024-11-17 00:00:00,Móveis,2041.08,1.0,0.0,False,True,cartao,RJ,
3627,635.0,2022-07-04 00:00:00,Brinquedos,172.0,3.0,0.0,False,True,, ctba ,ok
1857,1249.0,2024-09-20 00:00:00,Eletrônicos,654.9,1.0,0.0,False,True,cartao,ucritiba,telefone inválido
5747,1034.0,2023-07-13 00:00:00,Brinquedos,142.62,2.0,0.0,False,True,dinheiro,SP,Entrega atrasada
1564,226.0,2024-02-18 00:00:00,Alimentos,32.33,2.0,0.0,False,True,pix,Manaus,
6840,681.0,2023-08-20 00:00:00,Acessórios,51.8,1.0,0.0,False,True,dinheiro,SAO PAULO,
2672,600.0,2022-06-07 00:00:00,Eletrônicos,752.65,1.0,0.0,False,False,boleto,Porto Alegre,Entrega atrasada
3278,531.0,2029-12-25 00:00:00,Eletrônicos,532.75,1.0,0.0,False,True,pix,CTBA,
1800,306.0,2022-04-09 00:00:00,Brinquedos,0.0,4.0,0.05,False,True,dinheiro,niteroi,
3402,742.0,2023-03-08 00:00:00,Brinquedos,241.58,3.0,0.05,False,True,dinheiro,mnaaus,
2911,28.0,2024-03-16 00:00:00,Eletrônicos,660.69,1.0,0.0,False,True,,Goiania,telefone inválido
4959,171.0,2024-07-05 00:00:00,Eletrônicos,594.35,1.0,0.0,False,True,boleto,bh,ok
5478,957.0,2024-06-01 00:00:00,Escritório,245.67,1.0,0.0,False,True,cartao,Niterói,ok
1586,345.0,2023-04-20 00:00:00,Alimentos,48.0,2.0,0.0,False,True,cartao,Goiania,Entrega atrasada
1551,318.0,2024-01-01 00:00:00,Escritório,307.09,2.0,0.0,False,True,Cartão ,rio,cliente reclamou
5539,211.0,2024-04-17 00:00:00,Informática,772.3,1.0,0.0,False,True,dinheiro,aCmpinas,Entrega atrasada
3218,104.0,2024-04-08 00:00:00,Acessórios,61.08,1.0,0.0,False,True,,oFrtaleza,cliente reclamou
814,1123.0,2025-08-19 00:00:00,Escritório,185.94,1.0,0.0,False,True,,INTERIOR,telefone inválido
492,148.0,2024-08-02 00:00:00,,178.17,1.0,0.0,False,True,pix,sao paulo,
6233,949.0,2029-12-25 00:00:00,,1405.83,1.0,0.3,False,True,dinheiro, São Paulo,Entrega atrasada
5997,403.0,2022-07-20 00:00:00,Alimentos,51.95,3.0,0.0,False,True,,SÃO PAULO  ,Entrega atrasada
3376,780.0,2024-07-12 00:00:00,Escritório,168.55,1.0,0.0,False,True,, Intreior ,telefone inválido
4823,29.0,2024-07-14 00:00:00,Alimentos,97.27,6.0,0.0,False,True,dinheiro,Campinsa,cliente reclamou
957,128.0,2024-05-23 00:00:00,Eletrônicos,859.43,1.0,0.0,False,True,,eblo horizonte,ok
2910,396.0,2024-03-29 00:00:00,Informática,859.8,1.0,0.0,False,True,,  rio de janeiro,
566,1358.0,2023-04-01 00:00:00,Acessórios,66.79,2.0,0.0,False,True,,niterói,Entrega atrasada
6391,974.0,2023-01-25 00:00:00,Móveis,0.0,3.0,0.0,False,True,boleto,ZONA SUL,cliente reclamou
3270,148.0,2022-01-10 00:00:00,Informática,3466.56,3.0,0.0,False,True,dinheiro,SP,ok
4713,50.0,2029-12-25 00:00:00,Eletrônicos,805.69,1.0,0.0,False,True,,Belo Horizotne,
4682,1256.0,2022-09-13 00:00:00,Informática,630.13,1.0,0.0,False,True,Cartão ,  Goiania  ,cliente reclamou
2822,218.0,2022-08-24 00:00:00,Brinquedos,125.44,2.0,0.0,False,True,pix,Manaus,
5933,578.0,2022-02-12 00:00:00,Alimentos,53.85,3.0,0.0,False,True,dinheiro,Campinas,
5434,1078.0,2024-07-29 00:00:00,Eletrônicos,750.8,1.0,0.0,False,True,,Campinas  ,cliente reclamou
5133,1175.0,2023-10-29 00:00:00,Informática,915.41,1.0,0.0,False,True,,SAO PAULO CENTRO,ok
6784,812.0,2024-08-07 00:00:00,Informática,986.82,1.0,0.0,False,True,pix,Curitiba,
4681,855.0,2022-08-10 00:00:00,Eletrônicos,780.61,1.0,0.0,False,True,cartao,  INTERÓI  ,
10,1029.0,2024-08-12 00:00:00,Eletrônicos,1813.85,2.0,0.0,False,True,cartao,SãoPaulo,ok
170,476.0,2024-09-13 00:00:00,,25.1,1.0,0.0,False,True,,CTBA,cliente reclamou
2017,287.0,2025-04-27 00:00:00,Acessórios,74.83,2.0,0.0,False,True,cartao,fortaleza,ok
3173,738.0,2022-01-19 00:00:00,Brinquedos,209.34,6.0,0.0,False,True,cartao,Recife,Entrega atrasada
4527,278.0,2025-07-06 00:00:00,Móveis,883.36,1.0,0.0,False,True,pix,vila velha,ok
4814,572.0,2024-03-29 00:00:00,Escritório,196.06,1.0,0.0,False,True,,CTBA,
619,426.0,2024-12-20 00:00:00,Eletrônicos,2366.14,3.0,0.0,False,True,cartao,PORTO ALEGRE,ok
6938,112.0,2023-03-02 00:00:00,Acessórios,30.72,1.0,0.0,False,False,pix,CTBA,ok
1651,1000.0,2022-04-18 00:00:00,Informática,874.92,1.0,0.0,False,True,dinheiro,Campinas,Entrega atrasada
5824,513.0,2023-12-13 00:00:00,Brinquedos,74.83,1.0,0.0,False,True,boleto,Brasília,cliente reclamou
5318,567.0,2024-01-06 00:00:00,Escritório,107.58,1.0,0.0,False,True,dinheiro, OPA,telefone inválido
1896,1233.0,2025-08-14 00:00:00,Acessórios,37.56,1.0,0.0,False,True,boleto,CAMPINAS ,
6506,760.0,2025-04-12 00:00:00,Escritório,233.49,1.0,0.0,False,True,cartao,SP,
3814,495.0,2023-03-31 00:00:00,Escritório,425.29,3.0,0.0,False,True,Cartão ,,telefone inválido
5243,1010.0,2024-05-20 00:00:00,Escritório,236.37,1.0,0.0,False,True,cartao,Fortaleza,ok
4169,790.0,2022-03-21 00:00:00,Informática,1981.49,2.0,0.0,False,True,,Interior,Entrega atrasada
6582,30.0,2025-05-22 00:00:00,Acessórios,60.15,2.0,0.0,False,True,Cartão ,Recife,
358,90.0,2024-06-06 00:00:00,Alimentos,38.91,2.0,0.0,False,True,,Curitiba,ok
6369,1491.0,2023-04-09 00:00:00,Acessórios,55.19,1.0,0.0,False,True,,Goiania  ,
2757,484.0,2022-10-18 00:00:00,Escritório,170.77,1.0,0.0,False,True,Cartão ,recife,ok
4310,288.0,2024-06-21 00:00:00,Acessórios,41.24,1.0,0.0,False,True,dinheiro,,telefone inválido
6360,927.0,2023-02-30,Eletrônicos,502.21,1.0,0.0,False,True,,CURITIBA,telefone inválido
1807,13.0,2024-05-03 00:00:00,Eletrônicos,817.01,1.0,0.0,False,True,pix,são paulo,cliente reclamou
2863,724.0,2023-06-15 00:00:00,Alimentos,82.23,3.0,0.0,False,True,pix,Zona Sul,ok
4427,853.0,2022-04-08 00:00:00,Escritório,153.92,,0.0,False,True,cartao,Sao Paulo Centro,Entrega atrasada
4693,916.0,2025-09-19 00:00:00,Brinquedos,107.4,2.0,0.0,False,True,pix,BH,ok
1746,172.0,2022-06-17 00:00:00,Móveis,2291.39,2.0,0.0,False,True,cartao,zona sul,ok
2995,1268.0,2024-05-11 00:00:00,Eletrônicos,1068.8,2.0,0.0,False,True,Cartão ,Niteroi,ok
4327,414.0,2023-12-08 00:00:00,Informática,1363.26,1.0,0.0,False,True,boleto,INTERIRO,ok
2567,1138.0,2025-05-24 00:00:00,Alimentos,49.93,2.0,0.0,False,False,dinheiro,Belo Horizonte,Entrega atrasada
1589,924.0,2024-12-08 00:00:00,Alimentos,58.22,2.0,0.0,False,True,dinheiro,Interior,telefone inválido
1539,25.0,2025-05-06 00:00:00,Informática,861.76,1.0,0.0,False,True,,BH,
5279,1257.0,2023-02-27 00:00:00,Brinquedos,215.99,4.0,0.0,False,True,pix, cruitiba,
6891,,2024-05-05 00:00:00,Eletrônicos,516.19,1.0,0.0,False,True,pix,ZONA SUL,ok
6413,11.0,2029-12-25 00:00:00,Escritório,574.84,2.0,0.0,False,True,cartao,riod e janeiro,ok
4155,1209.0,2024-04-25 00:00:00,Acessórios,31.27,1.0,0.0,False,True,dinheiro, Belo Horizonte  ,Entrega atrasada
2457,305.0,2023-06-12 00:00:00,Eletrônicos,1194.31,1.0,0.0,False,True,,Zona Sul,Entrega atrasada
1078,671.0,2022-09-26 00:00:00,Brinquedos,201.63,5.0,0.0,False,False,Cartão ,sao paulo,
6818,622.0,2023-12-29 00:00:00,Alimentos,127.71,5.0,0.0,False,True,cartao,manaus,telefone inválido
6118,1285.0,2022-04-09 00:00:00,Móveis,5442.47,4.0,0.0,False,True,boleto,são paulo,Entrega atrasada
1130,1364.0,2024-03-13 00:00:00,Informática,1375.65,1.0,0.0,False,True,pix, SJC,Entrega atrasada
6253,1050.0,2023-02-16 00:00:00,Informática,0.0,3.0,0.0,False,True,cartao,SãoP aulo,
559,187.0,2024-12-22 00:00:00,Acessórios,59.5,1.0,0.0,False,True,boleto,Niterói,
4301,521.0,2024-11-30 00:00:00,Eletrônicos,2159.87,,0.0,False,True,cartao,são paulo ,ok
5794,589.0,2024-04-12 00:00:00,Escritório,566.43,3.0,0.0,False,True,dinheiro,Niteroi ,Entrega atrasada
4559,1326.0,2025-07-20 00:00:00,Acessórios,102.68,3.0,0.1,False,True,boleto,Niterói,Entrega atrasada
2200,1111.0,2023-11-22 00:00:00,Móveis,2029.33,1.0,0.0,False,True,Cartão ,CTBA,
4525,567.0,2022-09-02 00:00:00,Eletrônicos,1684.38,3.0,0.0,False,True,, Campinas  ,
3130,447.0,2023-09-05 00:00:00,,1215.67,1.0,0.1,False,True,Cartão ,Sao Jose dos Campos,
4052,802.0,2022-07-14 00:00:00,Eletrônicos,2643.62,3.0,0.0,False,True,boleto,São Paulo,telefone inválido
2683,1207.0,2024-12-19 00:00:00,Informática,910.82,1.0,0.0,False,True,boleto,Cmapinas,telefone inválido
6714,73.0,2022-09-27 00:00:00,Brinquedos,67.52,1.0,0.0,False,True,boleto,Goiania,
2374,66.0,2022-07-28 00:00:00,Acessórios,30.02,1.0,0.0,False,True,cartao,  SãoPaul o,cliente reclamou
5340,972.0,2022-12-15 00:00:00,Escritório,281.32,1.0,0.0,False,True,pix,Fortaleza,
5504,448.0,2025-08-15 00:00:00,,50.92,1.0,0.0,False,True,boleto,zona sul,telefone inválido
1366,147.0,2025-10-17 00:00:00,Escritório,286.13,1.0,0.0,False,True,dinheiro,SãoPaulo,Entrega atrasada
5270,1095.0,2022-03-12 00:00:00,Brinquedos,183.02,4.0,0.0,False,True,Cartão ,fortaleza,
699,1363.0,2023-07-28 00:00:00,Móveis,957.42,0.05,1.0,False,True,cartao,SJC,
4065,691.0,2025-05-04 00:00:00,,422.06,2.0,0.0,False,False,dinheiro,SAOP AULO,Entrega atrasada
5562,206.0,2029-12-25 00:00:00,Acessórios,40.09,1.0,0.3,False,True,Cartão ,Niteroi,cliente reclamou
3019,425.0,2022-01-07 00:00:00,Acessórios,73.38,1.0,0.0,False,True,boleto,  recife ,Entrega atrasada
1999,311.0,2024-09-28 00:00:00,Informática,694.3,1.0,0.0,False,True,cartao,Goiania,
1844,257.0,2024-06-18 00:00:00,Escritório,188.74,1.0,0.0,False,True,,ZONA USL,telefone inválido
3599,715.0,2025-04-19 00:00:00,Móveis,1327.49,1.0,0.0,False,True,dinheiro,BH,
2552,854.0,2023-04-30 00:00:00,Eletrônicos,1423.24,2.0,0.0,False,True,boleto,São Paulo,
6726,817.0,2022-06-18 00:00:00,Eletrônicos,1774.43,2.0,0.0,False,True,,são paulo,ok
1644,930.0,2022-09-13 00:00:00,Acessórios,41.08,1.0,0.0,False,True,boleto,SP,cliente reclamou
5185,448.0,2023-11-04 00:00:00,Informática,488.9,1.0,0.0,False,True,dinheiro,BELO HORIZONTE  ,
2004,1325.0,2025-10-02 00:00:00,Eletrônicos,2853.04,3.0,0.0,False,True,Cartão ,BELOH ORIZONTE,
2510,120.0,2024-08-03 00:00:00,Eletrônicos,1582.96,2.0,0.0,False,True,dinheiro,,Entrega atrasada
1175,880.0,2022-05-24 00:00:00,Escritório,480.99,3.0,0.0,False,True,Cartão , SP  ,ok
4560,838.0,2024-04-27 00:00:00,Escritório,447.92,4.0,0.0,False,True,Cartão ,  Sao Paulo  ,Entrega atrasada
283,67.0,2025-05-11 00:00:00,Acessórios,211.08,3.0,0.0,False,True,dinheiro, B H,telefone inválido
2058,29.0,2024-03-26 00:00:00,Móveis,1625.96,2.0,0.0,False,True,cartao,poa,ok
291,229.0,2024-05-18 00:00:00,Móveis,1060.03,1.0,0.0,False,True,dinheiro,RIO DE JANEIRO,Entrega atrasada
4554,361.0,2023-01-07 00:00:00,Escritório,137.37,1.0,0.0,False,True,,zona sul,
5899,1006.0,2025-07-14 00:00:00,Alimentos,59.06,3.0,0.0,False,True,Cartão , sãopaulo  ,Entrega atrasada
2443,111.0,2024-01-20 00:00:00,Escritório,105.27,,0.0,False,True,cartao,Niteroi,Entrega atrasada
173,830.0,2024-02-12 00:00:00,Informática,824.95,1.0,0.0,False,True,cartao,RIO DE JANEIRO,telefone inválido
3966,933.0,2023-03-15 00:00:00,Escritório,239.53,1.0,0.0,False,True,pix,  niteroi,
6420,519.0,2022-11-12 00:00:00,Acessórios,0.0,2.0,0.1,False,True,Cartão ,Salvador,ok
6548,45.0,2025-07-10 00:00:00,Eletrônicos,545.08,1.0,0.0,False,True,boleto,São Paulo,
4338,385.0,2023-12-30 00:00:00,Escritório,1106.97,4.0,0.0,False,True,cartao,Recife,telefone inválido
1432,211.0,2022-03-09 00:00:00,Brinquedos,152.3,3.0,0.0,False,True,boleto, vila velha  ,telefone inválido
3788,1002.0,2022-06-06 00:00:00,Eletrônicos,459.15,1.0,0.0,False,True,cartao,curitiba,cliente reclamou
2,496.0,2025-01-04 00:00:00,Eletrônicos,773.12,1.0,0.0,False,True,Cartão ,Interior,
3239,975.0,2023-08-23 00:00:00,Escritório,765.38,3.0,0.0,False,True,cartao,BH ,cliente reclamou
6988,740.0,2023-07-14 00:00:00,Escritório,126.29,1.0,0.0,False,True,cartao,VILA VELHA,
3968,54.0,2024-10-21 00:00:00,Acessórios,45.76,1.0,0.0,False,True,dinheiro,INTREIOR  ,telefone inválido
2312,335.0,2024-06-06 00:00:00,Acessórios,54.76,,0.0,False,True,boleto,sao paulo centro,
1874,744.0,2024-07-13 00:00:00,Acessórios,46.17,1.0,0.0,False,True,,sp,telefone inválido
2570,869.0,2022-09-17 00:00:00,,1550.21,2.0,0.0,False,True,Cartão ,NITEROI,
2909,448.0,2022-04-16 00:00:00,Eletrônicos,0.0,1.0,0.0,False,True,dinheiro,CAMPINAS,cliente reclamou
274,639.0,2024-01-17 00:00:00,Informática,703.85,1.0,0.0,False,True,Cartão ,São Paulo,
1072,758.0,2024-08-27 00:00:00,Escritório,208.43,1.0,0.0,False,True,pix,rio de janeiro,
6664,186.0,2022-04-30 00:00:00,Escritório,172.01,1.0,0.0,False,True,boleto, SALVADOR  ,
5066,969.0,2023-06-23 00:00:00,,1710.8,3.0,0.0,False,True,pix, Recife  ,telefone inválido
2461,431.0,2025-06-11 00:00:00,Informática,754.13,1.0,0.3,False,True,, Fortaleza  ,telefone inválido
1514,1111.0,2024-07-08 00:00:00,Informática,1250.46,2.0,0.15,False,True,dinheiro, FORTALEZA  ,telefone inválido
2697,1053.0,2022-06-24 00:00:00,Escritório,186.23,1.0,0.0,False,True,boleto,interior,Entrega atrasada
5178,983.0,2022-02-02 00:00:00,Escritório,185.85,1.0,0.0,False,True,Cartão ,Belo Horizonte,
6273,1453.0,2023-02-28 00:00:00,Acessórios,55.32,2.0,0.3,False,True,cartao, BELO HORIZONTE ,telefone inválido
3173,738.0,2022-01-19 00:00:00,Brinquedos,209.34,6.0,0.0,False,True,cartao,Recife,Entrega atrasada
243,818.0,2024-08-30 00:00:00,Acessórios,59.75,1.0,0.0,False,True,cartao,Manaus,
1135,859.0,2023-10-12 00:00:00,Brinquedos,87.55,2.0,0.0,False,True,pix,Zona Sul,telefone inválido
5224,930.0,2024-10-20 00:00:00,Acessórios,51.77,1.0,0.0,False,True,Cartão ,NITEROI,ok
3313,633.0,2024-03-30 00:00:00,Eletrônicos,726.82,1.0,0.15,False,True,Cartão ,são paulo,
5312,472.0,2023-04-29 00:00:00,Acessórios,105.13,2.0,0.05,False,True,Cartão ,Campinas,Entrega atrasada
5874,69.0,2023-04-23 00:00:00,Escritório,136.19,,0.0,False,True,boleto,,
301,1170.0,2022-05-28 00:00:00,Informática,1039.04,1.0,0.0,False,False,pix,FORTALEZA,cliente reclamou
2071,1042.0,2024-09-07 00:00:00,Escritório,428.67,3.0,0.0,False,True,pix,sp,
208,372.0,2024-07-22 00:00:00,Acessórios,57.58,1.0,0.0,False,True,boleto,fortaleza,
6027,193.0,2023-10-31 00:00:00,Escritório,671.28,4.0,0.3,False,True,pix,SJC,
386,1051.0,2025-10-03 00:00:00,Móveis,789.92,1.0,0.0,False,True,boleto,Sao Jose dos Campos,Entrega atrasada
3482,540.0,2025-08-03 00:00:00,,0.0,4.0,0.0,False,True,Cartão ,  goiania,cliente reclamou
3772,303.0,2025-03-24 00:00:00,Escritório,183.51,1.0,0.0,False,True,boleto,goiania,ok
2903,933.0,2024-10-11 00:00:00,Eletrônicos,418.55,1.0,0.15,False,True,cartao,CAMPINAS,
3253,1318.0,2022-09-08 00:00:00,Móveis,974.93,1.0,0.0,False,True,,RJ,ok
3542,282.0,2024-04-30 00:00:00,Informática,1686.05,2.0,0.1,False,True,boleto,Recife,ok
4270,21.0,2024-10-29 00:00:00,Acessórios,49.22,1.0,0.0,False,True,pix,niterói,
3593,19.0,2023-10-07 00:00:00,Eletrônicos,2075.64,2.0,0.0,False,True,Cartão ,BH,cliente reclamou
3079,1440.0,2024-01-13 00:00:00,Alimentos,90.65,5.0,0.0,False,True,Cartão ,Brasília,
1437,58.0,2025-01-13 00:00:00,Escritório,212.35,1.0,0.0,False,False,Cartão ,SJC,
5132,240.0,2023-07-07 00:00:00,Brinquedos,93.61,1.0,0.0,False,False,boleto,SJC,telefone inválido
4524,44.0,2025-01-01 00:00:00,,1247.23,2.0,0.0,False,True,pix,RIO,cliente reclamou
2361,639.0,2024-08-16 00:00:00,Escritório,182.88,1.0,0.0,False,True,pix,sao paulo,
5655,1196.0,2023-08-10 00:00:00,Acessórios,107.02,2.0,0.0,False,True,pix,rj,ok
5671,86.0,2023-03-27 00:00:00,Eletrônicos,729.33,1.0,0.0,False,True,dinheiro,SÃO PAULO,cliente reclamou
3544,250.0,2025-01-04 00:00:00,Informática,714.76,1.0,0.0,False,True,pix,INTERIOR,telefone inválido
2994,,2023-05-31 00:00:00,Eletrônicos,376.35,1.0,0.0,False,True,Cartão , Zona Sul  ,
6905,103.0,2022-03-04 00:00:00,Alimentos,117.95,5.0,0.0,False,True,dinheiro,  RECIFE,
4500,1348.0,2025-04-26 00:00:00,Informática,2563.6,2.0,0.0,False,True,,RJ,ok
5324,256.0,2025-08-25 00:00:00,Acessórios,147.02,3.0,0.0,False,True,cartao,SALVADOR  ,telefone inválido
1018,1204.0,2022-03-11 00:00:00,Eletrônicos,664.68,1.0,0.0,False,True,pix,Goiania,
6005,375.0,2023-05-07 00:00:00,Informática,516.58,1.0,0.0,False,True,boleto,SÃOPAULO,Entrega atrasada
3750,350.0,2023-05-17 00:00:00,Alimentos,19.65,1.0,0.15,False,True,,Zon aSul,ok
4631,144.0,2024-11-24 00:00:00,Eletrônicos,696.03,1.0,0.0,False,True,pix,sp,telefone inválido
4604,684.0,2024-01-30 00:00:00,Informática,946.72,1.0,0.0,False,True,dinheiro,RIO DE JANEIRO,cliente reclamou
4448,21.0,2025-09-28 00:00:00,Eletrônicos,712.6,1.0,0.0,False,True,Cartão ,Recife,Entrega atrasada
550,288.0,2024-02-21 00:00:00,Móveis,2660.92,2.0,0.3,False,True,,porto alegre,cliente reclamou
2847,805.0,2024-04-11 00:00:00,,637.52,1.0,0.0,False,True,pix,RJ,
1085,715.0,2023-12-04 00:00:00,Brinquedos,334.9,4.0,0.0,False,True,,sp,cliente reclamou
3326,287.0,2024-07-29 00:00:00,Escritório,497.85,2.0,0.0,False,True,boleto,vila velha,cliente reclamou
3317,605.0,2024-09-15 00:00:00,Brinquedos,198.05,,0.0,False,True,dinheiro,POTRO ALEGRE,Entrega atrasada
3124,,2025-06-22 00:00:00,Escritório,281.31,1.0,0.0,False,True,dinheiro,CAMIPNAS,
4319,229.0,2022-09-25 00:00:00,Brinquedos,101.98,2.0,0.0,False,True,cartao,,ok
2378,726.0,2023-11-06 00:00:00,Eletrônicos,561.94,1.0,0.3,False,True,boleto,salvador,telefone inválido
2855,938.0,2024-03-24 00:00:00,Brinquedos,105.47,3.0,0.3,False,True,dinheiro,São Paulo,telefone inválido
474,371.0,2022-04-29 00:00:00,Móveis,1399.94,1.0,0.0,False,True,Cartão ,RJ,cliente reclamou
5696,671.0,2024-12-03 00:00:00,Móveis,3626.61,2.0,0.0,False,True,,  rio de janeiro ,cliente reclamou
1962,486.0,2023-04-05 00:00:00,Escritório,132.41,1.0,0.0,False,True,cartao,salvador,ok
5940,1178.0,2023-07-17 00:00:00,Informática,1038.12,1.0,0.0,False,True,Cartão ,São Paulo,ok
1617,1261.0,2025-08-25 00:00:00,Informática,765.14,1.0,0.0,False,True,cartao,BH,
3950,678.0,2024-02-07 00:00:00,Escritório,158.16,1.0,0.0,False,True,dinheiro,brasília,cliente reclamou
5026,1138.0,2024-07-30 00:00:00,Informática,858.28,1.0,0.0,False,True,pix,são paulo ,Entrega atrasada
6212,551.0,2025-06-15 00:00:00,Alimentos,20.97,1.0,0.0,False,True,,  Manaus ,
3153,702.0,2023-12-12 00:00:00,Escritório,515.93,2.0,0.0,False,True,cartao,curitiba,cliente reclamou
2691,187.0,2023-09-09 00:00:00,Escritório,218.88,2.0,0.0,False,True,pix,SaoPaulo,cliente reclamou
825,89.0,2024-05-17 00:00:00,Brinquedos,295.67,7.0,0.0,False,True,Cartão ,SP,
920,950.0,2025-03-17 00:00:00,Escritório,468.5,2.0,0.0,False,True,boleto,são paulo,cliente reclamou
952,354.0,2022-01-22 00:00:00,Escritório,492.07,3.0,0.0,False,True,cartao,curitiba,
1284,1322.0,2022-02-17 00:00:00,Acessórios,56.52,1.0,0.0,False,True,pix,POA,
2879,970.0,2022-12-22 00:00:00,Alimentos,66.71,2.0,0.0,False,True,cartao, Niteroi ,cliente reclamou
1039,690.0,2022-02-23 00:00:00,Eletrônicos,489.27,1.0,0.0,True,True,pix,rio,cliente reclamou
1828,1296.0,2025-06-09 00:00:00,Escritório,122.58,1.0,0.15,False,True,pix,  SÃOPAULO  ,telefone inválido
3846,940.0,2025-04-25 00:00:00,Alimentos,79.75,4.0,0.0,False,True,dinheiro,  SÃO PAULO ,ok
4017,783.0,2024-02-26 00:00:00,Alimentos,68.01,4.0,0.0,False,True,pix,RECIFE,telefone inválido
3190,898.0,2024-06-28 00:00:00,Móveis,1806.46,2.0,0.0,False,True,,bh ,
6099,283.0,2025-03-30 00:00:00,Informática,564.91,1.0,0.0,False,True,cartao,sjc ,ok
650,86.0,2023-07-11 00:00:00,Acessórios,52.81,1.0,0.0,False,True,cartao,CURITIBA,
4509,1136.0,2025-05-10 00:00:00,Móveis,1548.59,1.0,0.0,False,True,dinheiro,SJC,telefone inválido
155,106.0,2023-02-30,Eletrônicos,719.78,1.0,0.0,False,True,boleto,Campinas,Entrega atrasada
5691,761.0,2023-03-28 00:00:00,Móveis,3538.2,3.0,0.0,False,True,Cartão ,SÃO PAULO,cliente reclamou
3569,1054.0,2023-06-06 00:00:00,Escritório,184.25,1.0,0.0,False,True,,BRASÍLIA,cliente reclamou
3055,113.0,2023-05-04 00:00:00,Móveis,1172.47,1.0,0.0,False,True,Cartão ,Belo Horizonte,
310,569.0,2024-07-01 00:00:00,Informática,1392.05,2.0,0.0,False,True,cartao,Campinas,Entrega atrasada
5826,192.0,2024-11-28 00:00:00,Acessórios,48.96,1.0,0.0,False,True,, Rio de Janeiro  ,cliente reclamou
963,602.0,2022-01-10 00:00:00,Brinquedos,145.89,2.0,0.0,False,True,cartao,,ok
5332,11.0,2024-09-05 00:00:00,Eletrônicos,593.63,1.0,0.0,False,True,,CAMPIANS,
1158,176.0,2023-12-09 00:00:00,Eletrônicos,1261.72,2.0,0.0,False,True,,bh,telefone inválido
871,526.0,2024-12-25 00:00:00,Acessórios,298.29,5.0,0.0,False,True,boleto,GOIANIA,cliente reclamou
2132,897.0,2024-03-23 00:00:00,Escritório,389.31,2.0,0.0,False,True,pix,SãoPaulo,cliente reclamou
2277,448.0,2025-03-27 00:00:00,Eletrônicos,581.74,2.0,0.3,False,True,cartao,MANAUS,
3299,1315.0,2023-08-21 00:00:00,Informática,1043.57,1.0,0.0,False,True,boleto,RIO DE JANEIRO,
2181,250.0,2022-07-19 00:00:00,Escritório,307.95,2.0,0.0,False,True,boleto,sp,telefone inválido
4845,403.0,2024-04-25 00:00:00,Alimentos,81.87,5.0,0.0,False,True,pix, Zona Sul ,
3560,1191.0,2022-11-13 00:00:00,Alimentos,59.52,2.0,0.0,False,True,dinheiro,  Niterói,
1840,1495.0,2025-02-28 00:00:00,Acessórios,42.99,,0.0,False,True,dinheiro,rio de janeiro,
2972,234.0,2022-01-27 00:00:00,Informática,1760.67,2.0,0.0,False,True,,Salvador,
3464,1051.0,2025-01-08 00:00:00,Acessórios,37.14,1.0,0.0,False,True,cartao,Fortaleza,telefone inválido
3562,968.0,2024-08-23 00:00:00,Acessórios,178.25,3.0,0.0,False,True,dinheiro,Nietrói,Entrega atrasada
1826,1318.0,2025-04-23 00:00:00,Acessórios,95.42,2.0,0.0,False,True,cartao,RECIFE,ok
2289,713.0,2023-01-20 00:00:00,Informática,694.47,1.0,0.0,False,True,dinheiro,goiania,
2633,264.0,2024-02-21 00:00:00,Acessórios,64.64,2.0,0.0,False,True,boleto,Cmapinas,ok
2115,1110.0,2024-04-02 00:00:00,Móveis,1498.53,1.0,0.0,False,True,,Salvador,
4650,646.0,2029-12-25 00:00:00,Alimentos,0.0,4.0,0.0,False,True,cartao,sao paulo,ok
364,1005.0,2025-10-08 00:00:00,Brinquedos,0.0,1.0,0.0,False,True,,Interior,telefone inválido
2445,,2022-07-18 00:00:00,Eletrônicos,333.0,1.0,0.0,False,True,Cartão ,Interior,cliente reclamou
5498,134.0,2023-11-17 00:00:00,Eletrônicos,0.0,1.0,0.0,False,True,dinheiro,  interior,cliente reclamou
6562,409.0,2024-06-05 00:00:00,Escritório,301.52,2.0,0.0,False,True,boleto,sao paulo,cliente reclamou
6744,970.0,2022-10-26 00:00:00,Brinquedos,49.77,1.0,0.0,False,True,dinheiro,RJ  ,cliente reclamou
1805,1268.0,2023-04-21 00:00:00,Escritório,127.81,1.0,0.0,False,True,pix,SJC,ok
3583,,2022-12-24 00:00:00,Acessórios,54.63,1.0,0.0,False,True,,RIO DE JANEIRO,
481,870.0,2023-03-08 00:00:00,Escritório,165.48,1.0,0.1,False,True,boleto,BH,ok
4833,373.0,2025-08-13 00:00:00,Escritório,231.25,2.0,0.0,False,True,pix,Campians,ok
2867,458.0,2024-08-01 00:00:00,Eletrônicos,825.69,1.0,0.0,False,True,pix,rio de jaeniro,
3597,1160.0,2025-10-09 00:00:00,Móveis,1708.53,1.0,0.0,False,True,boleto,VILA VEHLA,telefone inválido
3831,,2025-04-07 00:00:00,Alimentos,25.78,1.0,0.0,False,True,boleto,  RIO,
6083,158.0,2025-01-09 00:00:00,Informática,1388.25,2.0,0.15,False,True,Cartão , BRASILAI ,ok
304,387.0,2022-07-27 00:00:00,Brinquedos,276.52,5.0,0.0,False,True,cartao,RECIFE,Entrega atrasada
5301,2.0,2025-10-07 00:00:00,Brinquedos,65.48,1.0,0.0,False,True,boleto, Curitiba  ,
1546,124.0,2023-01-24 00:00:00,Informática,756.11,1.0,0.0,False,True,Cartão ,POA,
1463,846.0,2025-02-03 00:00:00,Móveis,1351.78,2.0,0.3,False,True,cartao,Belo Horizonte,cliente reclamou
5125,165.0,2023-04-19 00:00:00,Acessórios,188.62,3.0,0.0,False,True,Cartão ,goiania,
4418,200.0,2023-03-15 00:00:00,Acessórios,46.39,1.0,0.0,False,True,Cartão ,RJ,
4411,151.0,2022-07-24 00:00:00,Acessórios,55.59,1.0,0.0,False,True,,bh,Entrega atrasada
6498,1021.0,2023-08-14 00:00:00,Móveis,2694.75,2.0,0.0,False,True,pix,CAMPINAS,Entrega atrasada
3091,223.0,2023-07-03 00:00:00,Eletrônicos,819.61,1.0,0.1,False,True,,Recife,
3354,358.0,2024-07-15 00:00:00,Escritório,167.07,1.0,0.0,False,True,, BH  ,
6228,1021.0,2024-07-15 00:00:00,Escritório,518.48,3.0,0.0,False,True,pix,GOIANIA,telefone inválido
5770,67.0,2022-10-22 00:00:00,Eletrônicos,482.44,1.0,0.0,False,True,, Fortaleza  ,telefone inválido
92,83.0,2023-11-27 00:00:00,Móveis,1931.31,1.0,0.0,False,True,,PORTO ALEGRE,ok
1118,1287.0,2023-03-12 00:00:00,Informática,834.74,1.0,0.0,False,True,pix,,Entrega atrasada
3842,416.0,2024-05-30 00:00:00,Escritório,213.45,,0.0,False,True,Cartão ,porto alegre,telefone inválido
2343,560.0,2024-02-23 00:00:00,Escritório,288.71,2.0,0.0,False,True,boleto,Campinas,telefone inválido
5615,818.0,2023-01-23 00:00:00,Acessórios,62.31,1.0,0.0,False,True,Cartão ,RJ,cliente reclamou
280,871.0,2023-05-11 00:00:00,Alimentos,54.09,3.0,0.3,False,True,Cartão ,NITERÓI,
2874,682.0,2024-12-30 00:00:00,Acessórios,54.61,1.0,0.0,False,True,pix,Salvador,ok
458,477.0,2023-04-09 00:00:00,Informática,3372.62,4.0,0.0,False,True,pix,SJC,Entrega atrasada
246,1342.0,2024-06-21 00:00:00,Eletrônicos,701.77,1.0,0.15,False,True,Cartão ,Sao Jose dos Campos,ok
1019,546.0,2023-08-04 00:00:00,Eletrônicos,186.09,1.0,0.3,False,True,Cartão ,SÃO PAULO,telefone inválido
593,393.0,2024-09-06 00:00:00,Móveis,3180.07,2.0,0.0,False,True,Cartão ,GOIANIA,ok
5432,417.0,2022-01-19 00:00:00,Escritório,121.38,1.0,0.0,False,True,boleto,BH,
1283,946.0,2024-01-23 00:00:00,Informática,980.55,1.0,0.0,False,True,pix,Zon aSul,cliente reclamou
2892,742.0,2024-04-02 00:00:00,Informática,2275.74,2.0,0.0,False,True,boleto,Goiania ,telefone inválido
2652,599.0,2024-04-20 00:00:00,Brinquedos,230.74,4.0,0.0,False,True,cartao,INTEIROR,
984,1390.0,2023-07-06 00:00:00,Escritório,201.74,0.0,1.0,False,True,cartao,Salvador,ok
2904,1226.0,2025-10-17 00:00:00,Eletrônicos,663.94,1.0,0.0,False,True,dinheiro,  Recife  ,
2738,291.0,2022-10-30 00:00:00,Alimentos,87.02,5.0,0.0,False,True,boleto,sp  ,
4767,306.0,2023-04-04 00:00:00,Eletrônicos,2416.05,4.0,0.0,False,True,Cartão ,fortaleza,cliente reclamou
810,170.0,2022-10-22 00:00:00,Eletrônicos,462.08,1.0,0.15,False,True,pix,BELO HORIZONTE,telefone inválido
6227,,2023-11-05 00:00:00,Móveis,1907.04,1.0,0.0,False,True,,BH,
1637,1425.0,2022-03-21 00:00:00,Informática,851.75,1.0,0.0,False,True,Cartão ,Sao Paulo,Entrega atrasada
1553,1135.0,2022-09-23 00:00:00,Acessórios,43.85,1.0,0.0,False,True,cartao,Rio  ,telefone inválido
833,243.0,2024-04-22 00:00:00,Acessórios,95.96,2.0,0.0,False,True,Cartão ,SP  ,Entrega atrasada
1648,539.0,2024-05-10 00:00:00,Brinquedos,151.14,3.0,0.0,False,True,boleto,Sao Paulo,
1226,1427.0,2023-07-31 00:00:00,Acessórios,49.04,1.0,0.0,False,True,boleto,  sp  ,
3203,369.0,2025-08-09 00:00:00,Alimentos,47.98,2.0,0.0,False,True,,aSo Paulo Centro,telefone inválido
5552,1450.0,2024-12-23 00:00:00,Escritório,217.99,1.0,0.0,False,True,,CAMPINAS,cliente reclamou
1768,402.0,2022-01-10 00:00:00,Escritório,0.0,2.0,0.0,False,True,,,Entrega atrasada
2349,1001.0,2024-01-14 00:00:00,Alimentos,90.32,5.0,0.0,False,True,dinheiro,  Rio de Janeiro,telefone inválido
4307,1440.0,2024-06-18 00:00:00,Eletrônicos,1469.12,2.0,0.0,False,True,cartao,recife,
2430,227.0,2025-07-20 00:00:00,Brinquedos,258.78,3.0,0.0,False,True,,sãopaulo,telefone inválido
6694,1268.0,2029-12-25 00:00:00,Acessórios,59.68,1.0,0.0,False,True,,poa,Entrega atrasada
5516,256.0,2022-05-14 00:00:00,Eletrônicos,758.07,1.0,0.0,False,True,cartao,Sao Jose dos Campos,cliente reclamou
407,536.0,2022-12-28 00:00:00,Acessórios,205.48,3.0,0.0,False,True,,CTBA,cliente reclamou
602,68.0,2023-10-02 00:00:00,Informática,2500.82,2.0,0.0,False,True,dinheiro,CAMPINAS,
4000,387.0,2025-01-30 00:00:00,Informática,461.88,1.0,0.3,False,True,Cartão ,SJC,Entrega atrasada
2929,193.0,2022-11-11 00:00:00,Informática,2652.49,2.0,0.0,False,True,cartao,São Paulo,cliente reclamou
165,217.0,2024-02-17 00:00:00,Acessórios,31.7,1.0,0.0,False,True,pix, CTBA,telefone inválido
4035,,2023-02-08 00:00:00,Acessórios,106.52,2.0,0.0,False,True,boleto, Porto Aelgre ,cliente reclamou
6542,26.0,2024-02-20 00:00:00,Informática,983.54,1.0,0.0,False,True,Cartão , SAO PAULO,ok
3947,872.0,2023-10-15 00:00:00,Alimentos,113.71,4.0,0.1,False,True,pix,CTBA,
4647,39.0,2025-06-17 00:00:00,Alimentos,101.34,6.0,0.0,False,True,pix,SP,cliente reclamou
6022,629.0,2023-10-02 00:00:00,Escritório,170.26,1.0,0.0,False,True,,Rio de Janeiro,ok
1587,202.0,2025-08-09 00:00:00,Eletrônicos,727.21,1.0,0.05,False,True,boleto,rio de janeiro,ok
3933,987.0,2024-07-24 00:00:00,Móveis,1502.32,1.0,0.0,False,True,Cartão ,rj,Entrega atrasada
3987,1102.0,2025-10-23 00:00:00,Acessórios,41.12,1.0,0.0,False,True,pix,  Goiania ,telefone inválido
4538,389.0,2022-06-07 00:00:00,Eletrônicos,2003.71,3.0,0.0,False,True,Cartão ,salvador,
1058,826.0,2022-08-27 00:00:00,Escritório,176.47,1.0,0.0,False,True,Cartão ,  Sao Jose dos Campos,
1891,428.0,2025-11-01 00:00:00,Escritório,303.73,2.0,0.1,False,True,Cartão ,RIO DE JANEIRO,
6226,1220.0,2025-06-01 00:00:00,Acessórios,59.81,1.0,0.0,False,True,dinheiro,SJC,
2554,811.0,2022-03-13 00:00:00,Acessórios,0.0,1.0,0.0,False,True,Cartão ,BH,
2743,198.0,2025-07-06 00:00:00,Eletrônicos,790.81,1.0,0.0,False,True,dinheiro,POA,Entrega atrasada
2242,124.0,2024-08-22 00:00:00,Eletrônicos,506.31,1.0,0.05,False,True,Cartão ,Rio,Entrega atrasada
1202,705.0,2022-01-07 00:00:00,Brinquedos,143.16,2.0,0.0,False,True,,Salvador,Entrega atrasada
5267,1287.0,2023-03-21 00:00:00,Informática,1069.27,1.0,0.0,False,True,pix,Zona Sul,Entrega atrasada
5244,916.0,2023-03-27 00:00:00,Acessórios,51.39,1.0,0.0,False,True,pix,iRo de Janeiro,Entrega atrasada
962,212.0,2023-06-06 00:00:00,Eletrônicos,1040.3,2.0,0.0,True,True,dinheiro,RJ,telefone inválido
5423,454.0,2023-09-05 00:00:00,Informática,785.33,1.0,0.0,False,True,pix,RJ,ok
76,668.0,2022-07-09 00:00:00,Eletrônicos,526.52,1.0,0.0,False,True,dinheiro,SÃO PAULO,
6096,632.0,2022-02-07 00:00:00,Informática,788.6,1.0,0.15,False,True,boleto,,cliente reclamou
3628,478.0,2023-03-28 00:00:00,Eletrônicos,719.36,1.0,0.0,False,True,boleto,Sao Paulo,
4209,113.0,2022-03-01 00:00:00,,47.73,1.0,0.0,False,True,cartao,RJ,ok
2434,441.0,2025-08-05 00:00:00,Alimentos,28.13,2.0,0.0,False,True,,POA,telefone inválido
6781,182.0,2025-08-17 00:00:00,Escritório,266.08,1.0,0.0,False,True,,São Paulo,ok
1683,260.0,2022-03-15 00:00:00,Eletrônicos,1615.81,3.0,0.0,False,True,Cartão ,BH,Entrega atrasada
2648,1023.0,2022-06-12 00:00:00,Acessórios,9999999.99,-3.0,0.1,False,True,, sjc ,
5038,394.0,2029-12-25 00:00:00,Informática,4796.18,4.0,0.0,False,True,,salvador,cliente reclamou
6044,485.0,2023-04-25 00:00:00,Acessórios,52.55,1.0,0.0,False,True,,Fortaleza,Entrega atrasada
2726,112.0,2023-09-03 00:00:00,Informática,758.13,1.0,0.0,False,True,,SA OPAULO CENTRO,telefone inválido
3451,22.0,2024-01-21 00:00:00,Informática,817.97,1.0,0.0,False,True,cartao,Sao Paulo,
3832,641.0,2023-09-09 00:00:00,Eletrônicos,1800.58,2.0,0.0,False,True,dinheiro,BH,
741,261.0,2023-11-07 00:00:00,Móveis,2024.41,1.0,0.0,False,True,cartao,Curitiba,Entrega atrasada
1764,1414.0,2024-05-09 00:00:00,Eletrônicos,726.46,1.0,0.05,False,True,,SP,ok
3986,958.0,2022-07-31 00:00:00,Escritório,189.08,1.0,0.0,False,True,,CURITIBA,ok
5919,581.0,2022-11-12 00:00:00,Escritório,198.39,1.0,0.0,False,True,,RIO DE JANEIRO,
6173,747.0,2024-12-12 00:00:00,Brinquedos,92.01,1.0,0.0,False,True,pix,  Interior  ,
1906,305.0,2025-03-02 00:00:00,ALIMENTOS,25.01,1.0,0.0,False,True,pix,RIO DE JANEIRO,
2479,542.0,2022-11-08 00:00:00,Acessórios,75.38,2.0,0.0,False,True,boleto,FORTALEZA,telefone inválido
950,619.0,2025-01-02 00:00:00,Escritório,181.44,1.0,0.0,False,True,Cartão ,Rio,Entrega atrasada
2590,309.0,2023-02-03 00:00:00,Eletrônicos,629.75,1.0,0.0,False,True,boleto, ,ok
6991,1094.0,2024-01-01 00:00:00,Alimentos,66.95,3.0,0.0,False,True,dinheiro,Rio,Entrega atrasada
4443,1369.0,2022-05-31 00:00:00,Alimentos,11049.41,3.0,0.0,False,True,,SAO PAULO,
2640,505.0,2024-12-02 00:00:00,Informática,1159.49,1.0,0.0,False,True,pix,Interior,Entrega atrasada
3672,994.0,2023-01-02 00:00:00,Informática,981.54,1.0,0.0,False,True,Cartão ,INTERIOR,ok
6946,797.0,2023-03-22 00:00:00,Alimentos,69.78,3.0,0.0,False,True,Cartão ,SCJ ,Entrega atrasada
2465,145.0,2025-04-07 00:00:00,Eletrônicos,800.37,1.0,0.0,False,True,, Zona Sul ,Entrega atrasada
5697,603.0,2024-08-02 00:00:00,Móveis,1312.96,1.0,0.0,False,True,,BH,Entrega atrasada
3076,658.0,2025-09-08 00:00:00,Eletrônicos,817.44,1.0,0.0,False,True,,  RECIFE,Entrega atrasada
2533,1396.0,2023-01-04 00:00:00,Alimentos,29.77,4.0,0.0,False,True,pix,SAO PAULO CENTRO  ,
3875,164.0,2025-05-04 00:00:00,Eletrônicos,542.74,1.0,0.0,False,True,Cartão ,NITERÓI,cliente reclamou
5644,646.0,2023-03-29 00:00:00,Escritório,154.68,1.0,0.0,False,True,pix,,
5713,809.0,2022-12-25 00:00:00,Alimentos,62.88,2.0,0.0,False,True,boleto,INTERIOR,Entrega atrasada
6509,254.0,2023-09-19 00:00:00,Acessórios,45.8,1.0,0.0,False,True,,fortaleza,telefone inválido
5005,1419.0,2025-06-10 00:00:00,Alimentos,79.09,3.0,0.0,False,True,,Interior ,
3824,,2029-12-25 00:00:00,Eletrônicos,1903.72,2.0,0.0,False,True,cartao,manaus,ok
6539,546.0,2023-12-17 00:00:00,Brinquedos,318.2,4.0,0.0,False,True,,Recife,telefone inválido
2784,119.0,2023-12-15 00:00:00,Eletrônicos,0.0,3.0,0.05,False,True,pix,SP,
5633,477.0,2024-10-13 00:00:00,Móveis,941.03,1.0,0.15,False,True,Cartão ,Niterói,Entrega atrasada
5352,948.0,2024-12-17 00:00:00,Alimentos,18.92,1.0,0.0,False,True,boleto,,telefone inválido
4596,1382.0,2022-01-04 00:00:00,,135.15,,0.0,False,True,,Porto Alegre,
34,1042.0,2024-12-23 00:00:00,Informática,4788.78,5.0,0.0,False,True,dinheiro,POA,ok
6082,35.0,2024-01-08 00:00:00,Brinquedos,208.45,3.0,0.0,False,True,cartao,,
1409,1064.0,2025-04-23 00:00:00,Eletrônicos,2613.09,4.0,0.0,False,True,boleto,Brasília,Entrega atrasada
3641,1037.0,2025-09-29 00:00:00,Informática,775.94,1.0,0.1,False,True,pix,são paulo,
884,441.0,2025-07-05 00:00:00,Acessórios,49.47,1.0,0.0,False,True,dinheiro,CTBA,
6972,805.0,2025-06-13 00:00:00,Móveis,3284.01,4.0,0.05,False,True,Cartão ,sp,cliente reclamou
3064,97.0,2024-04-10 00:00:00,,760.54,1.0,0.0,False,True,boleto,NITERIO,cliente reclamou
1987,869.0,2023-07-09 00:00:00,Eletrônicos,658.91,1.0,0.0,False,True,boleto,Rio de Jnaeiro,
4235,177.0,2022-12-01 00:00:00,Acessórios,56.44,1.0,0.0,False,True,cartao,Reicfe,Entrega atrasada
5476,360.0,2025-09-27 00:00:00,Alimentos,71.35,4.0,0.0,False,True,,  Interior ,cliente reclamou
5751,951.0,2024-02-21 00:00:00,Informática,1228.7,2.0,0.0,False,True,,Campinas,
1091,473.0,2024-10-11 00:00:00,Brinquedos,128.06,4.0,0.0,False,True,boleto,POA,
2008,270.0,2022-11-27 00:00:00,Alimentos,63.39,4.0,0.0,False,True,cartao,FORTALEZA,Entrega atrasada
6439,278.0,2025-04-30 00:00:00,Brinquedos,145.35,5.0,0.0,False,True,dinheiro,NITERÓI,ok
5392,996.0,2022-05-18 00:00:00,Eletrônicos,2919.47,4.0,0.0,False,True,,  Interior ,Entrega atrasada
788,214.0,2024-09-24 00:00:00,Móveis,1136.74,1.0,0.0,False,True,pix,Brasilia,ok
3516,84.0,2022-08-07 00:00:00,Escritório,206.91,1.0,0.0,False,True,pix,Brasília,ok
5793,491.0,2022-09-28 00:00:00,Alimentos,54.73,4.0,0.0,False,True,,CAMPINAS,Entrega atrasada
2599,,2029-12-25 00:00:00,Eletrônicos,1390.32,1.0,0.0,False,True,boleto,Recife,Entrega atrasada
5336,247.0,2022-11-07 00:00:00,Escritório,233.72,1.0,0.0,False,True,,SJC  ,telefone inválido
2767,321.0,2022-11-20 00:00:00,Eletrônicos,908.1,1.0,0.0,False,True,Cartão ,,cliente reclamou
6932,931.0,2025-10-27 00:00:00,,311.78,2.0,0.0,False,True,boleto, RJ  ,cliente reclamou
5736,203.0,2023-10-02 00:00:00,Eletrônicos,0.0,2.0,0.0,False,False,dinheiro,Niterói,cliente reclamou
5391,1034.0,2022-06-06 00:00:00,Informática,1059.47,1.0,0.1,False,True,Cartão ,Rio de Janeiro,
3007,1067.0,2022-05-26 00:00:00,Brinquedos,136.17,3.0,0.0,False,True,dinheiro,são paulo  ,cliente reclamou
847,96.0,2025-06-04 00:00:00,Informática,770.86,1.0,0.0,False,True,cartao,Entrega atrasada,RIO
2470,758.0,2025-01-28 00:00:00,Eletrônicos,614.81,1.0,0.0,False,True,cartao,Recife,Entrega atrasada
6037,32.0,2029-12-25 00:00:00,Informática,3251.65,3.0,0.0,True,True,boleto, RJ,Entrega atrasada
2673,410.0,2023-02-02 00:00:00,Acessórios,107.59,2.0,0.0,False,True,Cartão , manau s ,
6067,187.0,2023-04-13 00:00:00,Escritório,209.44,1.0,0.0,False,True,Cartão ,Vila Velha,
2020,1480.0,2023-02-09 00:00:00,Alimentos,-14.37,1.0,0.0,False,True,boleto,SALVADOR,ok
4974,589.0,2025-05-14 00:00:00,,64.92,4.0,0.0,False,True,dinheiro, INTERIOR ,cliente reclamou
5686,50.0,2024-06-29 00:00:00,Escritório,160.52,1.0,0.0,False,True,pix,SP,ok
748,,2023-04-14 00:00:00,Acessórios,18.95,1.0,0.0,False,True,cartao,Belo Horizonte,
5249,1489.0,2023-08-04 00:00:00,Eletrônicos,821.44,1.0,0.0,False,True,Cartão ,RECIFE,cliente reclamou
1628,157.0,2024-08-17 00:00:00,Móveis,796.76,1.0,0.0,False,True,,  São Paulo ,ok
3208,17.0,2024-09-09 00:00:00,Brinquedos,318.9,5.0,0.0,False,True,, Porto Alegre,Entrega atrasada
2681,1024.0,2023-02-08 00:00:00,Escritório,140.54,1.0,0.0,False,True,Cartão ,sp,cliente reclamou
3731,950.0,2029-12-25 00:00:00,,737.3,1.0,0.0,False,True,boleto,SALVADOR,
3905,135.0,2022-12-04 00:00:00,Móveis,1247.01,1.0,0.0,False,True,boleto,Sao Jose dos Campos,Entrega atrasada
4715,123.0,2025-04-23 00:00:00,Eletrônicos,600.22,1.0,0.0,False,True,dinheiro,sao paulo centro,telefone inválido
2746,943.0,2023-02-23 00:00:00,Eletrônicos,1616.47,2.0,0.0,False,True,cartao,FORTALEZA,
4896,433.0,2023-11-04 00:00:00,Escritório,648.57,2.0,0.0,False,False,Cartão ,Niteroi,
3188,766.0,2024-04-06 00:00:00,Acessórios,83.37,2.0,0.0,False,True,dinheiro,  Porto Alegre ,ok
406,1013.0,2024-10-12 00:00:00,Eletrônicos,1294.77,2.0,0.0,False,True,,  Recife ,cliente reclamou
1455,84.0,2023-12-11 00:00:00,Eletrônicos,1290.57,1.0,0.0,False,True,boleto,,cliente reclamou
1191,405.0,2023-09-27 00:00:00,Móveis,614.08,1.0,0.0,False,True,cartao,BRASÍLIA,
3343,464.0,2023-01-28 00:00:00,Eletrônicos,0.0,1.0,0.0,False,True,boleto,  RIO DE JANEIRO,telefone inválido
6224,183.0,2022-07-18 00:00:00,Escritório,160.7,1.0,0.0,False,True,pix,Zona Sul,
2546,1019.0,2022-05-25 00:00:00,Brinquedos,181.87,3.0,0.0,False,True,dinheiro,RECIFE,
4062,917.0,2023-08-07 00:00:00,Brinquedos,338.69,5.0,0.0,False,True,dinheiro,Interior,cliente reclamou
49,452.0,2025-09-30 00:00:00,Informática,1343.31,1.0,0.0,False,True,dinheiro, SP ,ok
6566,855.0,2023-05-20 00:00:00,Eletrônicos,487.23,1.0,0.0,False,True,boleto,ctba ,Entrega atrasada
3515,363.0,2024-04-08 00:00:00,Acessórios,-74.19,1.0,0.0,False,True,Cartão ,Niterói,
6105,756.0,2024-11-24 00:00:00,Alimentos,49.72,2.0,0.0,False,True,cartao,SJC,ok
1607,687.0,2025-02-21 00:00:00,Informática,5085.65,5.0,0.0,False,False,boleto, sp ,
1974,688.0,2029-12-25 00:00:00,Escritório,233.99,1.0,0.0,False,True,Cartão ,  Belo Horizonte ,Entrega atrasada
4609,1287.0,2024-06-17 00:00:00,Eletrônicos,1015.29,1.0,0.0,False,False,cartao,rio de janeiro,telefone inválido
822,982.0,2025-07-13 00:00:00,Alimentos,106.45,6.0,0.0,False,True,boleto,rj,cliente reclamou
3128,17.0,2022-07-26 00:00:00,Eletrônicos,736.28,1.0,0.0,False,True,,SJC,ok
2857,1153.0,2025-08-20 00:00:00,Eletrônicos,934.25,3.0,0.0,False,True,dinheiro,Brasília,
6338,298.0,2023-05-28 00:00:00,Acessórios,38.14,1.0,0.0,False,True,cartao,  RJ,
6122,997.0,2022-08-28 00:00:00,Escritório,295.04,2.0,0.0,False,True,dinheiro,,cliente reclamou
6775,466.0,2022-08-22 00:00:00,Brinquedos,54.22,,0.0,False,True,boleto,RIO,cliente reclamou
398,1069.0,2024-06-21 00:00:00,Escritório,427.75,2.0,0.0,False,True,pix,Sao Paulo Centro,telefone inválido
5784,1496.0,2025-02-11 00:00:00,Eletrônicos,592.4,1.0,0.0,False,True,cartao,Fortaelza,
499,1073.0,2024-09-08 00:00:00,Escritório,192.75,1.0,0.0,False,True,cartao,sp,
4597,851.0,2025-05-08 00:00:00,Eletrônicos,654.38,1.0,0.15,False,True,pix,CTBA,telefone inválido
2217,711.0,2023-04-05 00:00:00,Informática,930.61,1.0,0.0,False,True,dinheiro,  sp ,telefone inválido
4947,580.0,2025-03-20 00:00:00,Informática,981.12,1.0,0.1,False,True,Cartão ,Salvador,Entrega atrasada
2839,172.0,2023-08-09 00:00:00,Alimentos,41.9,2.0,0.0,False,True,boleto,Manaus,
5386,42.0,2024-01-08 00:00:00,Alimentos,43.16,2.0,0.0,False,True,Cartão ,  PORTO ALGERE,telefone inválido
3967,86.0,2025-02-21 00:00:00,,192.96,1.0,0.15,False,True,,SALVADOR,telefone inválido
4313,93.0,2024-09-10 00:00:00,Informática,849.84,1.0,0.0,False,False,dinheiro,Zona Sul,cliente reclamou
318,753.0,2025-05-19 00:00:00,Escritório,282.36,1.0,0.0,False,True,boleto,Curitiba,
3623,40.0,2025-03-30 00:00:00,Eletrônicos,765.95,2.0,0.3,False,True,cartao,Fortaleza,telefone inválido
2679,445.0,2025-08-17 00:00:00,Acessórios,67.93,1.0,0.0,False,True,Cartão ,SP,ok
4740,1330.0,2025-02-10 00:00:00,Móveis,1355.78,1.0,0.0,False,False,pix,rio de janeiro,
2134,632.0,2022-01-01 00:00:00,Informática,376.53,1.0,0.3,False,True,boleto,Sao Jose dos Campos,ok
5512,611.0,2023-03-28 00:00:00,Acessórios,276.91,5.0,0.0,False,True,pix,bh,Entrega atrasada
5988,994.0,2023-11-15 00:00:00,Acessórios,266.4,4.0,0.0,False,True,,brasília,Entrega atrasada
3586,1356.0,2025-02-10 00:00:00,Informática,759.19,1.0,0.0,False,True,pix, SãoPaulo,Entrega atrasada
39,1069.0,2024-02-29 00:00:00,Eletrônicos,731.79,1.0,0.0,False,True,pix,rio,
3773,362.0,2024-03-21 00:00:00,Eletrônicos,624.61,1.0,0.0,True,True,boleto,RJ,cliente reclamou
1572,836.0,2022-02-05 00:00:00,Móveis,1460.82,,0.0,False,True,boleto,Sao Jose dos Campos,cliente reclamou
4942,238.0,2025-03-10 00:00:00,Acessórios,36.43,1.0,0.0,False,True,boleto,Goianai,telefone inválido
2231,231.0,2022-01-07 00:00:00,Brinquedos,424.31,6.0,0.0,False,True,,BELO HORIZONTE,
3794,515.0,2022-01-06 00:00:00,Informática,1438.26,1.0,0.0,False,True,boleto,CURITIBA,Entrega atrasada
3844,670.0,2023-01-18 00:00:00,Escritório,416.18,2.0,0.0,False,True,,rio de janeiro,ok
4175,1110.0,2024-11-26 00:00:00,Eletrônicos,1042.94,1.0,0.0,False,True,cartao,BELO HORIZONTE,Entrega atrasada
939,438.0,2023-02-19 00:00:00,Eletrônicos,1175.29,2.0,0.0,False,True,pix,  Sao Jose dos Campos ,
5199,645.0,2022-07-24 00:00:00,Alimentos,15.31,1.0,0.0,False,True,Cartão ,porto alegre,telefone inválido
1901,1326.0,2024-04-27 00:00:00,Móveis,523.31,1.0,0.1,False,True,cartao,,telefone inválido
1355,1010.0,2025-01-16 00:00:00,Eletrônicos,695.74,1.0,0.0,False,True,cartao,RIO DE JANEIRO,Entrega atrasada
4732,1039.0,2024-04-12 00:00:00,Informática,1419.6,2.0,0.15,False,True,,sp,telefone inválido
5524,989.0,2024-01-06 00:00:00,Informática,905.2,1.0,0.0,False,True,pix,Recife,ok
5613,73.0,2023-07-26 00:00:00,Informática,3305.99,3.0,0.15,False,True,,POROT ALEGRE,
4911,810.0,2024-09-24 00:00:00,Acessórios,48.04,1.0,0.0,False,True,boleto,SÃO PAULO,
5254,1478.0,2025-08-26 00:00:00,Escritório,174.37,1.0,0.0,False,True,cartao,soa paulo centro,Entrega atrasada
6056,1422.0,2023-02-08 00:00:00,Eletrônicos,539.57,1.0,0.0,False,True,,recife,telefone inválido
2274,264.0,2023-11-10 00:00:00,Eletrônicos,717.23,1.0,0.0,False,True,,,
2985,91.0,2022-06-27 00:00:00,Brinquedos,308.97,4.0,0.0,False,True,Cartão ,recife,
2786,216.0,2022-09-08 00:00:00,Escritório,94.96,1.0,0.1,False,True,cartao,sp,
6017,877.0,2025-04-27 00:00:00,Acessórios,94.98,2.0,0.0,False,True,Cartão ,  Rio de Janeiro,cliente reclamou
5870,1094.0,2022-05-12 00:00:00,Escritório,225.96,2.0,0.0,False,True,cartao,BH,telefone inválido
5485,1124.0,2024-05-14 00:00:00,Acessórios,109.34,2.0,0.0,False,True,Cartão ,,telefone inválido
4003,863.0,2024-03-28 00:00:00,Acessórios,38.55,1.0,0.0,False,True,pix,POA,telefone inválido
1276,868.0,2024-03-12 00:00:00,Brinquedos,80.72,2.0,0.0,False,True,Cartão ,sao paulo,telefone inválido
4632,193.0,2024-12-25 00:00:00,Eletrônicos,462.89,1.0,0.3,False,True,dinheiro,FORTAELZA,
4907,190.0,2025-01-19 00:00:00,Acessórios,104.77,2.0,0.0,False,True,,curitiba,Entrega atrasada
3413,616.0,2024-09-15 00:00:00,Eletrônicos,986.53,1.0,0.0,True,True,dinheiro,Manaus ,
3949,1038.0,2024-05-28 00:00:00,Acessórios,43.26,1.0,0.0,False,True,boleto,Salvador,Entrega atrasada
3495,1094.0,2022-12-20 00:00:00,Escritório,186.01,1.0,0.15,False,True,cartao,ZONA SUL ,ok
4229,1001.0,2023-11-17 00:00:00,,1220.38,1.0,0.0,False,True,boleto,SãoPaulo,cliente reclamou
1338,,2023-02-16 00:00:00,Eletrônicos,803.21,1.0,0.0,False,True,pix,Sao Paulo,telefone inválido
4252,233.0,2024-06-19 00:00:00,Acessórios,53.72,1.0,0.0,True,True,cartao,  bh ,
3727,1166.0,2025-10-04 00:00:00,Brinquedos,183.25,4.0,0.0,False,True,,SP,ok
1829,532.0,2023-12-18 00:00:00,Eletrônicos,739.57,1.0,0.15,False,True,,fortaleza,
1519,424.0,2025-10-22 00:00:00,Eletrônicos,543.19,1.0,0.0,False,True,dinheiro,RIO DE JANEIRO,Entrega atrasada
3974,,2024-09-06 00:00:00,Móveis,1132.73,1.0,0.1,False,True,cartao,SAO PAULO,telefone inválido
1680,188.0,2029-12-25 00:00:00,Informática,5315.96,4.0,0.0,False,True,dinheiro,belo horizonte,telefone inválido
5932,490.0,2022-08-11 00:00:00,Alimentos,60.98,3.0,0.0,False,True,cartao,brasilia,
5625,1011.0,2024-07-30 00:00:00,Acessórios,59.32,1.0,0.0,False,True,cartao,PORTO ALEGRE,
2749,824.0,2024-10-10 00:00:00,Acessórios,2614.58,1.0,0.0,False,True,cartao,  recife  ,
374,1165.0,2022-11-11 00:00:00,Informática,1277.19,1.0,0.0,False,True,Cartão ,BELO HORIZONTE,telefone inválido
1767,1338.0,2025-07-11 00:00:00,Informática,801.04,1.0,0.0,False,True,Cartão ,  CTBA ,Entrega atrasada
1445,421.0,2023-11-29 00:00:00,Brinquedos,204.83,3.0,0.0,False,True,Cartão , curitiba,
4131,243.0,2023-06-23 00:00:00,Eletrônicos,1133.96,1.0,0.0,False,True,Cartão ,Sao Jose dos Campos,cliente reclamou
1246,540.0,2022-08-15 00:00:00,Acessórios,52.03,1.0,0.0,False,True,pix,SÃO PAULO,
4357,292.0,2029-12-25 00:00:00,Acessórios,80.27,1.0,0.0,False,False,dinheiro,manaus,telefone inválido
5835,497.0,2025-07-23 00:00:00,Escritório,154.17,1.0,0.0,False,True,cartao,POA,cliente reclamou
1633,554.0,2022-03-15 00:00:00,Brinquedos,55.49,1.0,0.0,False,True,,RJ,
3818,1142.0,2023-12-24 00:00:00,Brinquedos,181.17,3.0,0.15,False,True,Cartão ,  Fortaleza,ok
1399,1256.0,2023-10-15 00:00:00,Informática,2768.0,3.0,0.0,False,True,pix,Interior,cliente reclamou
1259,594.0,2022-02-27 00:00:00, ELETRÔNICOS,691.51,1.0,0.0,False,True,Cartão ,SAO PAULO CENTRO,
4218,182.0,2022-01-07 00:00:00,Eletrônicos,550.28,1.0,0.0,False,True,,sp,
1444,404.0,2024-09-15 00:00:00,Brinquedos,236.46,5.0,0.0,False,True,,SP,Entrega atrasada
6386,617.0,2023-08-29 00:00:00,Escritório,180.57,1.0,0.0,False,True,,rio de janeiro ,
3596,1481.0,2022-12-29 00:00:00,Brinquedos,179.24,2.0,0.0,False,True,Cartão ,Curitiba,ok
3998,337.0,2022-09-21 00:00:00,Acessórios,62.54,1.0,0.0,False,True,,Fortaleza,Entrega atrasada
6661,384.0,2022-05-12 00:00:00,Escritório,203.07,1.0,0.0,False,True,dinheiro,RJ,
4619,577.0,2025-06-16 00:00:00,Eletrônicos,616.9,1.0,0.0,False,True,boleto,SÃO PAULO,ok
1842,326.0,2023-10-11 00:00:00,Acessórios,66.75,1.0,0.0,False,True,pix,  Vila Velah,telefone inválido
2432,732.0,2023-06-26 00:00:00,Acessórios,113.22,,0.0,False,True,cartao,SAOJ OSE DOS CAMPOS,Entrega atrasada
4269,37.0,2024-11-26 00:00:00,Escritório,0.0,1.0,0.0,False,True,Cartão ,Goiania,cliente reclamou
3783,,2023-08-26 00:00:00,Acessórios,35.86,1.0,0.0,False,True,dinheiro,CTBA,
191,1143.0,2025-08-31 00:00:00,Eletrônicos,1588.0,3.0,0.0,False,False,Cartão ,CAMPINAS,Entrega atrasada
2204,1392.0,2023-04-06 00:00:00,Informática,953.77,1.0,0.05,False,True,boleto,  sãopaulo  ,telefone inválido
4663,769.0,2025-01-11 00:00:00,Acessórios,41.08,1.0,0.0,False,True,Cartão ,  Inteiror ,ok
2661,1069.0,2023-08-09 00:00:00,Acessórios,41.05,1.0,0.0,False,True,,BRASÍLIA,cliente reclamou
3228,628.0,2023-01-13 00:00:00,Eletrônicos,2772.87,3.0,0.0,False,True,pix,Porto Alegre,
6866,651.0,2022-08-13 00:00:00,Brinquedos,171.26,4.0,0.0,False,True,boleto,SaoP aulo  ,ok
3169,82.0,2022-12-14 00:00:00,Informática,761.58,1.0,0.05,False,True,cartao,  POA ,
2650,168.0,2023-01-20 00:00:00,Informática,486.22,1.0,0.0,False,True,dinheiro, Interior ,
5183,548.0,2024-01-16 00:00:00,Informática,1036.15,1.0,0.0,False,True,pix,  Rio de Janeiro ,ok
4614,134.0,2023-08-25 00:00:00,Eletrônicos,749.29,1.0,0.0,False,True,cartao,niteroi,telefone inválido
2064,196.0,2023-08-27 00:00:00,Móveis,1617.22,1.0,0.0,False,True,cartao,  SA OPAULO ,cliente reclamou
3715,1325.0,2022-06-25 00:00:00,Escritório,245.65,1.0,0.05,True,True,cartao,SP,
2949,808.0,2023-09-28 00:00:00,Escritório,182.05,1.0,0.0,False,True,dinheiro,Manasu,telefone inválido
5277,304.0,2022-07-23 00:00:00,Eletrônicos,733.04,1.0,0.0,False,True,,ZONA SUL,Entrega atrasada
3447,1196.0,2023-09-30 00:00:00,Informática,2505.38,2.0,0.0,False,True,Cartão ,SÃOPAULO,Entrega atrasada
3575,356.0,2023-08-04 00:00:00,Informática,607.7,1.0,0.0,False,True,,  SÃOPAULO  ,Entrega atrasada
6795,355.0,2023-11-03 00:00:00,Eletrônicos,6774.78,6.0,0.05,False,True,,Sao Jose dos Campos,
3035,823.0,2023-08-01 00:00:00,Brinquedos,240.0,4.0,0.0,False,True,,SJC  ,
3535,344.0,2022-08-21 00:00:00,Acessórios,43.81,1.0,0.15,False,True,Cartão ,POA,telefone inválido
1387,934.0,2023-11-10 00:00:00,Eletrônicos,4311.41,,0.0,False,True,dinheiro,Roi de Janeiro,
448,681.0,2024-01-12 00:00:00,Brinquedos,103.08,2.0,0.0,False,True,,Recife,ok
500,802.0,2022-12-09 00:00:00,Brinquedos,74.74,1.0,0.0,False,True,Cartão ,sao paulo centro,
5305,287.0,2025-09-11 00:00:00,Escritório,188.83,1.0,0.0,True,True,cartao,são paulo,
4759,782.0,2024-04-04 00:00:00,Informática,2246.18,3.0,0.0,False,True,Cartão ,Campinas,
5222,956.0,2025-03-23 00:00:00,Escritório,205.78,1.0,0.0,False,True,,SãoPaulo,telefone inválido
6502,1018.0,2024-10-29 00:00:00,Escritório,213.48,1.0,0.0,False,True,Cartão ,CTBA,telefone inválido
6854,568.0,2024-02-26 00:00:00,Acessórios,253.23,3.0,0.0,False,True,cartao,Interior,telefone inválido
6618,363.0,2022-05-22 00:00:00,Eletrônicos,779.88,2.0,0.0,False,True,pix,zona sul,ok
2900,867.0,2024-05-11 00:00:00,Informática,750.51,1.0,0.15,False,True,Cartão , Sao Paulo ,telefone inválido
33,456.0,2022-10-17 00:00:00,Eletrônicos,613.08,1.0,0.0,False,True,cartao, Fortaleza,
1425,1140.0,2025-08-09 00:00:00,Alimentos,0.0,1.0,0.0,False,True,dinheiro,,ok
3237,1036.0,2023-07-11 00:00:00,Móveis,2262.55,2.0,0.0,False,True,,bh,telefone inválido
4600,48.0,2024-12-27 00:00:00,Eletrônicos,0.0,1.0,0.0,False,True,boleto,curitiba,telefone inválido
4181,871.0,2025-04-05 00:00:00,,146.84,3.0,0.0,False,True,Cartão ,ctba,cliente reclamou
4750,1126.0,2024-02-17 00:00:00,Eletrônicos,714.26,1.0,0.0,False,True,cartao,ASO PAULO,
654,930.0,2022-08-16 00:00:00,Móveis,4920.68,3.0,0.0,False,True,dinheiro,BELO HORIZONTE,telefone inválido
4909,643.0,2022-05-06 00:00:00,Informática,967.7,1.0,0.0,False,True,pix,Salvador,
510,664.0,2024-02-26 00:00:00,Informática,1889.71,2.0,0.0,False,True,Cartão , ,Entrega atrasada
2413,181.0,2024-08-26 00:00:00,Eletrônicos,1328.53,2.0,0.0,False,True,Cartão ,  ctba  ,
5117,463.0,2022-11-04 00:00:00,Acessórios,112.84,2.0,0.0,False,True,dinheiro, bh ,
3636,1063.0,2022-07-07 00:00:00,,661.83,1.0,0.15,False,True,boleto, rio de janeiro ,telefone inválido
4598,947.0,2025-03-13 00:00:00,Escritório,178.38,1.0,0.0,False,True,cartao,Manaus,Entrega atrasada
3233,1457.0,2022-12-15 00:00:00,Acessórios ,57.37,1.0,0.0,False,True,boleto, Goiania  ,telefone inválido
3517,288.0,2025-10-02 00:00:00,Escritório,167.62,1.0,0.0,False,True,Cartão , recife  ,Entrega atrasada
3334,28.0,2022-11-03 00:00:00,Informática,1144.06,1.0,0.0,False,True,boleto,BH,ok
5296,126.0,2022-08-15 00:00:00,Eletrônicos,938.34,1.0,0.0,False,True,dinheiro,GOIANIA,Entrega atrasada
3825,283.0,2022-03-03 00:00:00,Eletrônicos,688.43,1.0,0.1,False,True,pix,  Interior,
4905,410.0,2022-09-16 00:00:00,Eletrônicos,896.79,1.0,0.0,False,True,dinheiro,Niterói,
6425,179.0,2025-09-03 00:00:00,Eletrônicos,0.0,2.0,0.0,False,True,dinheiro, Sao Paulo  ,
2142,913.0,2025-01-04 00:00:00,Informática,1633.22,2.0,0.0,False,True,Cartão ,rio de janeiro,Entrega atrasada
2917,729.0,2024-01-16 00:00:00,Alimentos,123.68,6.0,0.0,False,True,dinheiro,Salvador,Entrega atrasada
5735,87.0,2022-07-28 00:00:00,Escritório,620.29,3.0,0.0,False,True,cartao,bh,cliente reclamou
6772,857.0,2022-07-27 00:00:00,Eletrônicos,1138.49,2.0,0.0,True,True,dinheiro,rio de janeiro ,cliente reclamou
1319,193.0,2022-07-09 00:00:00,Informática,948.26,1.0,0.0,False,True,Cartão ,BRASÍILA ,telefone inválido
5292,273.0,2024-01-06 00:00:00,Acessórios,44.54,1.0,0.0,False,True,cartao,Interior,
3613,1160.0,2024-02-12 00:00:00,Escritório,387.23,2.0,0.0,False,True,pix,BH,Entrega atrasada
5572,127.0,2024-06-27 00:00:00,Eletrônicos,662.48,1.0,0.0,False,True,boleto,  SAO PAULO ,
6596,5.0,2023-02-28 00:00:00,Alimentos,60.45,3.0,0.0,False,True,,itnerior,
5730,781.0,2023-07-31 00:00:00,Acessórios,32.11,1.0,0.0,False,True,boleto,SãoPaulo  ,
4533,365.0,2024-07-08 00:00:00,Acessórios,0.0,1.0,0.0,False,True,Cartão ,  SALVAODR ,Entrega atrasada
1756,240.0,2025-04-10 00:00:00,Escritório,777.43,4.0,0.0,False,True,boleto,campinas ,
2952,157.0,2023-05-29 00:00:00,Escritório,161.6,1.0,0.0,False,True,,bh,ok
2556,519.0,2025-05-18 00:00:00,Informática,627.87,1.0,0.3,False,True,boleto,SALVADOR,
3797,656.0,2023-03-24 00:00:00,Eletrônicos,2197.27,4.0,0.0,False,True,boleto, fortaleza ,telefone inválido
5051,800.0,2023-10-21 00:00:00,Móveis,3699.84,3.0,0.0,False,True,boleto,rio de janeiro,ok
1256,6.0,2025-05-21 00:00:00,Informática,1363.04,2.0,0.0,False,True,Cartão ,MAANUS,telefone inválido
1964,1303.0,2023-08-15 00:00:00,Eletrônicos,0.0,1.0,0.0,False,True,pix,  SAO PAULO CENTRO ,Entrega atrasada
784,482.0,2025-07-22 00:00:00,Acessórios,48.84,1.0,0.0,False,True,cartao,  CTBA,
1991,220.0,2023-11-04 00:00:00,Eletrônicos,0.0,1.0,0.0,False,True,Cartão ,SP,
891,477.0,2023-08-18 00:00:00,Informática,2529.4,2.0,0.0,False,True,boleto,  NITERÓI  ,
3978,661.0,2024-06-23 00:00:00,Alimentos,86.34,4.0,0.0,False,True,dinheiro,Curitiba  ,Entrega atrasada
6171,820.0,2022-09-08 00:00:00,Alimentos,62.9,3.0,0.0,False,True,pix, bh ,telefone inválido
6221,885.0,2022-05-22 00:00:00,Alimentos,115.45,4.0,0.0,False,True,cartao,SãoPaulo,
5142,1144.0,2022-10-29 00:00:00,Eletrônicos,628.47,1.0,0.0,False,True,dinheiro, Belo Horizonte ,
6725,639.0,2024-04-12 00:00:00,Acessórios,134.14,2.0,0.0,False,True,cartao,sao paulo,
3161,295.0,2023-01-04 00:00:00,Escritório,135.71,1.0,0.05,False,True,cartao,Campinas,ok
5638,111.0,2024-01-29 00:00:00,Informática,1290.49,1.0,0.0,False,True,dinheiro,CTBA,ok
2870,1071.0,2022-03-25 00:00:00,Brinquedos,147.38,2.0,0.0,False,True,Cartão , iRo ,ok
6528,1034.0,2022-04-09 00:00:00,Eletrônicos,600.91,1.0,0.0,False,True,Cartão ,slavador,cliente reclamou
2664,788.0,2025-08-21 00:00:00,Móveis,0.0,1.0,0.1,False,True,cartao,Brasília  ,telefone inválido
1560,19.0,2023-05-26 00:00:00,,102.56,2.0,0.3,False,True,dinheiro,Recife,Entrega atrasada
3045,983.0,2023-03-22 00:00:00,Eletrônicos,810.13,1.0,0.0,False,True,pix,Sao Paulo Centro,
2993,1126.0,2023-09-04 00:00:00,Alimentos,78.11,4.0,0.0,False,False,boleto, BH  ,ok
4995,1281.0,2023-12-17 00:00:00,Móveis,3162.3,2.0,0.0,False,True,pix,Zona Sul,ok
1464,970.0,2022-08-25 00:00:00,Escritório,305.53,1.0,0.0,False,True,pix,Vila Velha,telefone inválido
4444,1044.0,2024-04-28 00:00:00,,308.51,2.0,0.0,False,True,cartao,Manuas,ok
6686,559.0,2023-04-25 00:00:00,Acessórios,39.65,1.0,0.0,False,True,boleto,POA,Entrega atrasada
5517,1200.0,2024-07-22 00:00:00,Eletrônicos,516.23,1.0,0.0,False,True,cartao,MANAUS,Entrega atrasada
4449,203.0,2029-12-25 00:00:00,Informática,1207.92,1.0,0.0,False,False,,sao paulo centro,
5012,1448.0,2022-06-08 00:00:00,Informática,779.54,1.0,0.3,False,True,cartao,sp,
1700,474.0,2025-08-13 00:00:00,Alimentos,31.18,3.0,0.0,False,True,Cartão ,  Sao Paulo,Entrega atrasada
5781,683.0,2025-07-11 00:00:00,Escritório,426.79,2.0,0.05,True,True,dinheiro,NITEROI,Entrega atrasada
4571,859.0,2022-05-13 00:00:00,Brinquedos,144.07,2.0,0.0,False,True,cartao, Campinas ,
3784,1343.0,2022-10-13 00:00:00,Eletrônicos,1738.73,2.0,0.1,False,True,,NITEROI,Entrega atrasada
6109,562.0,2024-11-03 00:00:00,Acessórios,149.27,2.0,0.0,False,False,dinheiro,Salvador,cliente reclamou
2703,324.0,2025-04-05 00:00:00,Móveis,1286.16,1.0,0.0,False,True,cartao,NITEROI,ok
5013,408.0,2024-07-04 00:00:00,Acessórios,139.87,2.0,0.0,True,True,cartao,  vila velha,Entrega atrasada
6815,971.0,2025-01-09 00:00:00,Alimentos,44.24,4.0,0.0,False,True,boleto,Rio de Janeiro,
4081,398.0,2024-10-08 00:00:00,Brinquedos,208.81,3.0,0.0,False,True,dinheiro,Recife,Entrega atrasada
4937,723.0,2023-09-01 00:00:00,Móveis,2750.46,2.0,0.0,False,True,dinheiro,brasília,
2926,685.0,2023-06-04 00:00:00,Brinquedos,138.39,2.0,0.0,False,True,cartao,Brasília,
6147,911.0,2024-12-13 00:00:00,Escritório,246.8,1.0,0.0,False,True,dinheiro,Recife,telefone inválido
6776,,2024-08-23 00:00:00,,143.46,1.0,0.0,False,True,cartao,BELO HOIRZONTE,ok
6574,1357.0,2023-11-21 00:00:00,Móveis,3780.76,3.0,0.0,False,True,pix, rio de janeiro,telefone inválido
1420,1009.0,2024-01-29 00:00:00,MÓVEIS,1210.35,1.0,0.0,False,True,,Sao Paulo,Entrega atrasada
2550,389.0,2024-11-07 00:00:00,Informática,2760.46,2.0,0.0,False,True,pix,POA,cliente reclamou
1278,1235.0,2024-06-14 00:00:00,Informática,2519.86,2.0,0.0,False,True,Cartão ,sjc ,
1498,1047.0,2022-02-13 00:00:00,Escritório,569.11,3.0,0.15,False,True,cartao,,
6906,627.0,2023-02-26 00:00:00,Informática,1358.36,1.0,0.0,False,True,boleto,BELO HORIZONTE,telefone inválido
2123,1357.0,2025-03-12 00:00:00,Eletrônicos,1691.69,3.0,0.0,False,True,boleto,BRASÍLIA,Entrega atrasada
131,370.0,2023-12-13 00:00:00,Acessórios,-68.84,1.0,0.0,False,True,Cartão ,  RIO,ok
6045,854.0,2023-05-20 00:00:00,Informática,775.14,1.0,0.1,False,True,cartao,Rio,cliente reclamou
4584,1116.0,2023-08-19 00:00:00,Móveis,1687.75,1.0,0.0,False,True,,sp,ok
1306,297.0,2025-08-12 00:00:00,Brinquedos,246.9,3.0,0.0,False,True,,São Paulo,
1721,1352.0,2022-10-25 00:00:00,Acessórios,45.96,1.0,0.0,False,False,cartao,  BH,
4328,1156.0,2023-09-15 00:00:00,Móveis,2768.46,2.0,0.0,False,True,dinheiro,ZONA SUL,ok
3116,468.0,2023-01-22 00:00:00,,417.56,3.0,0.0,False,True,cartao, zona sul  ,
1164,47.0,2029-12-25 00:00:00,Escritório,214.95,1.0,0.0,False,True,dinheiro,Sao Paulo Centro,ok
5948,433.0,2024-09-16 00:00:00,Brinquedos,206.3,5.0,0.0,False,True,pix,SP,cliente reclamou
1959,229.0,2023-09-06 00:00:00,Alimentos,80.72,5.0,0.0,False,True,Cartão ,bh,
3439,82.0,2023-08-09 00:00:00,Móveis,1226.45,1.0,0.0,False,True,cartao,CURITIBA,
328,1340.0,2022-12-13 00:00:00,Eletrônicos,829.24,1.0,0.0,False,True,cartao,  INTERIOR,cliente reclamou
803,1265.0,2022-12-03 00:00:00,Escritório,90.54,1.0,0.0,False,True,dinheiro,SÃO PAULO,cliente reclamou
5664,715.0,2022-07-16 00:00:00,Escritório,393.44,3.0,0.0,False,True,,Manaus,telefone inválido
5449,770.0,2024-12-11 00:00:00,Acessórios,31.32,1.0,0.3,False,True,boleto,Manaus,telefone inválido
334,241.0,2023-06-15 00:00:00,Escritório,229.96,1.0,0.0,False,True,dinheiro,bh,telefone inválido
2421,1304.0,2023-03-17 00:00:00,Informática,842.63,1.0,0.0,False,True,,brasília,
830,155.0,2025-07-20 00:00:00,Brinquedos,0.0,2.0,0.0,False,True,pix,  fortaleza,telefone inválido
6943,210.0,2024-04-06 00:00:00,Brinquedos,114.05,2.0,0.0,False,True,boleto,RECIFE,ok
1573,263.0,2023-05-15 00:00:00,Escritório,222.64,1.0,0.0,False,True,pix,,Entrega atrasada
5219,375.0,2024-02-02 00:00:00,Escritório,335.98,2.0,0.0,False,True,Cartão ,Belo Horizonte,Entrega atrasada
3224,22.0,2022-06-09 00:00:00,Eletrônicos,900.36,,0.0,False,True,,  Campians ,
681,1252.0,2022-08-03 00:00:00,Eletrônicos,2232.5,4.0,0.0,False,True,,SãoPaulo,Entrega atrasada
4191,1087.0,2023-10-09 00:00:00,Eletrônicos,1027.0,1.0,0.0,False,True,,RJ,ok
1714,269.0,2024-10-10 00:00:00,Escritório,250.99,1.0,0.0,False,True,boleto, CTBA  ,
5101,764.0,2022-03-13 00:00:00,Eletrônicos,1936.72,2.0,0.0,False,True,pix,rj,
6897,961.0,2022-10-15 00:00:00,Eletrônicos,1915.93,3.0,0.0,False,True,cartao,SÃO PAULO,
3708,189.0,2024-03-19 00:00:00,Informática,2914.74,3.0,0.15,False,True,,brasília,telefone inválido
1093,417.0,2023-06-30 00:00:00,Móveis,1286.95,1.0,0.0,False,True,, BRASÍLIA ,cliente reclamou
6844,1038.0,2023-10-27 00:00:00,Acessórios,60.24,1.0,0.0,False,True,cartao,SAO PAULO CENTRO,
5645,1381.0,2022-08-15 00:00:00,Informática,2285.55,3.0,0.3,True,True,,  Salvaodr ,ok
4136,844.0,2022-11-15 00:00:00,Acessórios,48.95,1.0,0.1,False,True,cartao,POA,
2302,190.0,2022-10-23 00:00:00,Alimentos,14.87,1.0,0.0,False,True,,,Entrega atrasada
4371,699.0,2025-09-12 00:00:00,Acessórios,35.16,1.0,0.0,False,True,,  SJC  ,
3114,179.0,2022-03-21 00:00:00,Brinquedos,217.68,3.0,0.0,False,True,pix,,
3112,3.0,2023-10-26 00:00:00,Eletrônicos,1565.11,3.0,0.0,False,True,Cartão , RJ  ,
1145,1023.0,2023-02-27 00:00:00,Acessórios,59.04,1.0,0.0,False,True,dinheiro,SãoPaulo,
2179,880.0,2024-09-08 00:00:00,Informática,702.17,1.0,0.05,False,True,boleto, SP  ,ok
227,658.0,2022-03-11 00:00:00,Escritório,766.15,3.0,0.0,False,True,Cartão ,SP,Entrega atrasada
4556,908.0,2025-02-22 00:00:00,Informática,1063.19,,0.0,False,True,cartao,  Brasília ,
5203,460.0,2022-05-07 00:00:00,Escritório,422.53,3.0,0.0,False,True,dinheiro,RJ,
6246,247.0,2022-01-14 00:00:00,Escritório,283.58,1.0,0.0,False,True,Cartão ,  porto alegre  ,
2833,118.0,2022-02-21 00:00:00,Eletrônicos,611.44,1.0,0.0,False,True,pix,FORTALEZA,
3980,855.0,2022-05-06 00:00:00,Acessórios,54.88,1.0,0.0,False,True,dinheiro, RJ,cliente reclamou
4940,103.0,2025-04-26 00:00:00,Eletrônicos,0.0,1.0,0.0,False,True,pix,sp,Entrega atrasada
6431,630.0,2024-02-03 00:00:00,Eletrônicos,1957.93,2.0,0.0,False,True,boleto,  SÃOPAULO  ,telefone inválido
1165,632.0,2022-05-20 00:00:00,Alimentos,122.07,5.0,0.0,False,True,,salvador,telefone inválido
5871,1145.0,2024-11-12 00:00:00,Acessórios,48.91,1.0,0.15,False,True,pix,Interior,Entrega atrasada
4628,558.0,2024-12-20 00:00:00,Escritório,201.47,1.0,0.0,False,True,cartao,Rio de Janeiro,
430,68.0,2023-01-30 00:00:00,Eletrônicos,1880.38,3.0,0.0,False,True,cartao,fortaleza,ok
5017,205.0,2022-12-22 00:00:00,Escritório,82.4,1.0,0.3,False,True,dinheiro, cbta,ok
4869,243.0,2025-02-26 00:00:00,Móveis,1120.11,1.0,0.0,False,True,cartao,Sao Paulo Centro,Entrega atrasada
5339,291.0,2025-06-03 00:00:00,Eletrônicos,945.51,3.0,0.0,False,True,,NITEROI,telefone inválido
1597,931.0,2023-02-19 00:00:00,Escritório,444.46,3.0,0.0,False,True,Cartão ,SJC,
3337,950.0,2029-12-25 00:00:00,Móveis,1399.56,1.0,0.0,False,True,boleto,SP,
2036,34.0,2024-10-07 00:00:00,Informática,1295.61,1.0,0.0,False,True,,Interior,Entrega atrasada
6128,948.0,2024-09-22 00:00:00,Eletrônicos,618.69,1.0,0.0,False,True,dinheiro,Fortaleza,Entrega atrasada
1122,36.0,2023-09-15 00:00:00,Informática,776.94,1.0,0.0,False,True,pix,  Salvador ,telefone inválido
2569,,2024-10-12 00:00:00,Acessórios,67.39,1.0,0.0,False,True,,Zona Sul,ok
6669,809.0,2023-10-10 00:00:00,Eletrônicos,544.72,1.0,0.0,False,True,Cartão ,MANAUS,
2947,561.0,2024-09-07 00:00:00,Eletrônicos,973.53,2.0,0.05,False,False,,SALVADOR,cliente reclamou
2232,298.0,2022-08-20 00:00:00,,743.45,1.0,0.0,False,True,,RIO DE JANEIRO,ok
2201,,2023-07-28 00:00:00,Eletrônicos,1533.79,2.0,0.0,False,True,dinheiro,Belo Horizonte ,telefone inválido
6058,305.0,2022-01-24 00:00:00,Alimentos,29.53,3.0,0.0,False,True,cartao,Brasília,telefone inválido
4036,595.0,2024-03-14 00:00:00,Escritório,325.37,2.0,0.0,False,True,cartao,Rio,
6013,1440.0,2023-08-10 00:00:00,Informática,1283.55,2.0,0.0,False,True,, Rio ,telefone inválido
5062,438.0,2022-06-23 00:00:00,Informática,1045.12,1.0,0.0,False,True,boleto,Rio,ok
6974,752.0,2023-10-05 00:00:00,Eletrônicos,1673.09,3.0,0.0,False,True,boleto,Campinas,
848,837.0,2025-04-16 00:00:00,Escritório,124.54,1.0,0.0,False,True,Cartão ,BH,telefone inválido
6778,1151.0,2022-03-22 00:00:00,Brinquedos,171.88,3.0,0.0,False,True,,,cliente reclamou
6898,152.0,2022-04-17 00:00:00,Alimentos,27.42,2.0,0.1,False,True,dinheiro,NITEROI,Entrega atrasada
3293,728.0,2025-03-01 00:00:00,Alimentos,84.25,3.0,0.0,False,True,Cartão ,,telefone inválido
1381,1110.0,2025-01-24 00:00:00,Acessórios,29.99,1.0,0.0,False,True,,rio de janeiro,
2060,1115.0,2024-08-23 00:00:00,Informática,1883.49,3.0,0.0,False,True,,brasilia,ok
206,875.0,2024-08-17 00:00:00,Informática,1849.15,2.0,0.0,False,True,boleto,rio de janeiro,
4309,537.0,2024-04-15 00:00:00,Eletrônicos,676.21,1.0,0.0,False,True,Cartão ,FORTALEZA,
1609,434.0,2023-09-15 00:00:00,Escritório,134.06,1.0,0.0,False,True,Cartão , SJC,Entrega atrasada
325,12.0,2022-07-20 00:00:00,Móveis,1608.72,1.0,0.0,False,True,boleto,  POA ,telefone inválido
1972,528.0,2024-01-13 00:00:00,Informática,953.98,1.0,0.0,False,True,pix,SALVADOR,Entrega atrasada
1110,1011.0,2023-02-20 00:00:00,Eletrônicos,795.83,1.0,0.0,False,True,Cartão , RECIFE,
6719,647.0,2024-05-05 00:00:00,Alimentos,0.0,2.0,0.0,True,True,cartao,sjc  ,
4806,559.0,2024-11-29 00:00:00,Brinquedos,832.78,8.0,0.0,False,True,boleto,SÃO PAULO,telefone inválido
6100,300.0,2023-09-26 00:00:00,Escritório,454.75,2.0,0.0,False,True,cartao,CAMPINAS,cliente reclamou
4757,576.0,2023-02-13 00:00:00,Escritório,149.03,1.0,0.15,False,True,dinheiro,  SAO PAULO ,
872,159.0,2025-06-25 00:00:00,Eletrônicos,1085.52,2.0,0.0,False,True,boleto,SaoPaulo,
3606,724.0,2025-04-01 00:00:00,Eletrônicos,805.21,2.0,0.0,False,True,boleto,,
6151,1310.0,2023-09-30 00:00:00,Escritório,130.13,1.0,0.0,False,True,Cartão ,,telefone inválido
3640,1027.0,2022-09-03 00:00:00,Informática,905.93,1.0,0.0,False,True,,Fortaleza,ok
4447,172.0,2022-05-08 00:00:00,Escritório,214.72,1.0,0.0,False,True,cartao,BH,telefone inválido
2612,830.0,2024-09-03 00:00:00,Informática,918.38,1.0,0.0,False,True,cartao,POA,
6961,1496.0,2025-01-27 00:00:00,Alimentos,47.22,3.0,0.0,False,True,boleto,brasília,Entrega atrasada
5457,324.0,2022-11-28 00:00:00,Acessórios,72.89,1.0,0.0,True,True,boleto,manaus,telefone inválido
4368,931.0,2024-06-08 00:00:00,Escritório,1024.85,4.0,0.0,False,True,,Sao Paulo Centro,
5715,744.0,2023-07-02 00:00:00,Eletrônicos,963.1,1.0,0.0,True,True,boleto,tcba,cliente reclamou
1263,346.0,2023-04-24 00:00:00,Acessórios,74.03,1.0,0.0,False,True,cartao,RIO DE JANEIRO  ,cliente reclamou
2620,901.0,2022-05-31 00:00:00,Eletrônicos,422.06,1.0,0.0,True,True,Cartão ,curitiba,ok
3489,320.0,2023-08-16 00:00:00,Escritório,360.85,2.0,0.0,False,True,dinheiro,Niteroi,
6176,867.0,2023-03-09 00:00:00,Eletrônicos,914.62,1.0,0.0,False,True,cartao,oPrto Alegre,Entrega atrasada
632,625.0,2024-09-07 00:00:00,Brinquedos,45.74,1.0,0.0,False,True,,SãoaPulo,
2450,817.0,2023-03-30 00:00:00,Eletrônicos,608.94,1.0,0.0,False,True,cartao,Niteroi,Entrega atrasada
1848,775.0,2025-09-30 00:00:00,Móveis,1085.35,1.0,0.0,False,True,Cartão ,sao paulo centro,ok
6799,743.0,2022-11-13 00:00:00,Acessórios,61.56,1.0,0.0,False,True,,RJ,
2156,983.0,2022-03-05 00:00:00,Eletrônicos,1541.75,2.0,0.0,False,True,Cartão ,RIO DE JANEIRO,cliente reclamou
5714,1094.0,2025-04-19 00:00:00,Acessórios,92.75,2.0,0.0,False,True,Cartão ,rio de janeiro,ok
2572,291.0,2025-01-23 00:00:00,Escritório,351.8,2.0,0.0,False,True,boleto, SP,
5941,604.0,2024-05-18 00:00:00,Eletrônicos,680.39,1.0,0.0,False,True,pix,Curitiba,
3740,410.0,2024-09-07 00:00:00,Informática,2045.61,2.0,0.0,False,True,cartao,,
2057,741.0,2025-10-27 00:00:00,Brinquedos,80.46,,0.0,False,True,cartao,São Paulo,ok
4813,956.0,2025-06-09 00:00:00,Escritório,177.15,,0.0,False,True,boleto,Recife,
1127,799.0,2024-08-03 00:00:00,Informática,3752.58,4.0,0.0,False,True,, PORTO ALEGRE  ,telefone inválido
809,99.0,2022-11-27 00:00:00,Informática,824.78,1.0,0.0,False,True,dinheiro,,cliente reclamou
5860,791.0,2022-02-03 00:00:00,Eletrônicos,799.21,1.0,0.0,False,True,dinheiro,Belo Horizonte,Entrega atrasada
795,108.0,2023-12-06 00:00:00,Informática,1454.23,1.0,0.0,False,True,pix,Niteroi,ok
5053,254.0,2022-04-09 00:00:00,,439.07,2.0,0.0,False,True,Cartão , rio de janeiro ,ok
4701,,2022-09-25 00:00:00,Eletrônicos,719.61,1.0,0.0,False,True,boleto,GOIANIA,cliente reclamou
1650,907.0,2025-10-12 00:00:00,Acessórios,0.0,1.0,0.0,False,True,cartao,Fortaleza,ok
3693,105.0,2024-08-21 00:00:00,Alimentos,33.32,,0.0,False,True,boleto,RIO DE JANEIRO,ok
5745,187.0,2024-02-23 00:00:00,Informática,2290.43,2.0,0.0,False,True,pix,goiania,
3297,667.0,2024-05-30 00:00:00,Escritório,171.92,1.0,0.05,False,True,,Salvador,Entrega atrasada
1327,675.0,2024-04-06 00:00:00,Eletrônicos,2484.16,3.0,0.0,False,True,boleto, bh ,
5164,936.0,2023-11-08 00:00:00,Acessórios,67.8,1.0,0.0,False,True,cartao,BRASÍLIA,ok
6722,1114.0,2022-12-22 00:00:00,Informática,748.2,1.0,0.0,False,True,boleto,,
395,1103.0,2023-01-08 00:00:00,Acessórios,49.94,1.0,0.05,False,True,,,
4497,1217.0,2024-10-12 00:00:00,Acessórios,49.13,1.0,0.0,False,True,,Curitiba,
880,375.0,2024-08-10 00:00:00,,41.38,1.0,0.0,False,True,pix,  bh  ,
2006,993.0,2024-05-05 00:00:00,Escritório,467.25,2.0,0.0,False,True,cartao,RJ  ,ok
371,1047.0,2022-06-11 00:00:00,Eletrônicos,959.78,2.0,0.0,False,True,dinheiro,Sao Paulo,
3083,44.0,2025-06-05 00:00:00,Acessórios,120.57,2.0,0.0,False,True,cartao,GOIANIA,ok
5049,54.0,2022-04-09 00:00:00,Informática,1938.64,2.0,0.0,False,True,,Fortaleza,
4913,1007.0,2024-01-04 00:00:00,Eletrônicos,918.85,2.0,0.0,False,False,Cartão ,Porto Alegre,Entrega atrasada
1779,748.0,2022-06-22 00:00:00,Escritório,210.28,1.0,0.0,False,True,cartao,CTBA,Entrega atrasada
575,719.0,2024-07-01 00:00:00,Acessórios,28.46,1.0,0.0,False,True,cartao,curitiba,
1277,1455.0,2025-04-12 00:00:00,Acessórios,104.15,2.0,0.0,False,True,,sp,telefone inválido
3916,292.0,2024-10-15 00:00:00,Escritório,271.53,2.0,0.0,False,True,cartao,Brasília,telefone inválido
2693,391.0,2023-01-13 00:00:00,Eletrônicos,1756.51,2.0,0.0,False,True,Cartão ,  Manaus  ,ok
3799,40.0,2023-01-28 00:00:00,Acessórios,26.22,1.0,0.3,False,True,dinheiro,rio de janeiro,
6640,617.0,2023-08-08 00:00:00,Informática,1018.74,1.0,0.0,False,True,cartao,porto alegre,
4780,832.0,2024-12-12 00:00:00,Eletrônicos,0.0,3.0,0.0,False,True,cartao,rio de janeiro,telefone inválido
6508,448.0,2023-08-31 00:00:00,Eletrônicos,2736.35,3.0,0.0,False,True,,SALVADOR,
2923,66.0,2022-01-21 00:00:00,Escritório,416.78,2.0,0.0,False,True,cartao,RIO,
6366,1100.0,2025-02-23 00:00:00,Escritório,644.54,3.0,0.0,False,True,boleto,,
5547,14.0,2025-03-31 00:00:00,Eletrônicos,-901.95,1.0,0.0,False,True,cartao,  CTBA  ,telefone inválido
3927,1083.0,2024-06-18 00:00:00,Móveis,738.26,1.0,0.3,True,True,Cartão ,,ok
3614,29.0,2022-11-05 00:00:00,Escritório,117.44,1.0,0.0,False,True,,bh,telefone inválido
3273,586.0,2025-09-09 00:00:00,Alimentos,48.66,2.0,0.0,False,True,Cartão ,  Niteroi  ,
6685,577.0,2023-10-30 00:00:00,Móveis,2964.74,2.0,0.0,False,True,dinheiro,Zona Sul,Entrega atrasada
6995,30.0,2025-02-25 00:00:00,Escritório,187.87,1.0,0.0,False,True,pix,SJC,Entrega atrasada
1252,1154.0,2024-04-03 00:00:00,Eletrônicos,674.72,1.0,0.0,False,True,boleto,São Paulo,Entrega atrasada
5692,,2022-09-16 00:00:00,Eletrônicos,610.43,1.0,0.0,False,True,,BH,
264,336.0,2022-08-21 00:00:00,Eletrônicos,523.87,1.0,0.0,False,True,boleto,bh ,telefone inválido
997,974.0,2023-12-19 00:00:00,Informática,1315.44,1.0,0.0,False,True,cartao, Vlia Velha ,
3590,343.0,2022-10-07 00:00:00,Escritório,117.33,1.0,0.0,False,False,Cartão ,,
5268,99.0,2022-05-02 00:00:00,Eletrônicos,553.79,1.0,0.0,False,False,Cartão ,  CTBA,cliente reclamou
4501,791.0,2022-05-05 00:00:00,Escritório,163.78,1.0,0.0,False,True,Cartão ,RJ,
263,1192.0,2024-10-13 00:00:00,Acessórios,40.23,1.0,0.0,False,True,pix,Niteroi,ok
2490,727.0,2024-11-27 00:00:00,Escritório,194.41,1.0,0.0,True,True,pix,,Entrega atrasada
3901,453.0,2024-01-22 00:00:00,Móveis,1777.74,2.0,0.0,False,True,boleto,Fortaleza,Entrega atrasada
2649,1042.0,2023-10-23 00:00:00,Acessórios,46.94,1.0,0.0,False,True,dinheiro,,
273,713.0,2022-12-01 00:00:00,Alimentos,76.42,3.0,0.0,False,True,Cartão ,Port oAlegre,
3734,723.0,2023-02-12 00:00:00,Acessórios,47.3,1.0,0.0,False,True,pix,SP,telefone inválido
545,263.0,2023-10-13 00:00:00,Informática,749.44,1.0,0.0,False,True,,sp,Entrega atrasada
3379,841.0,2023-06-18 00:00:00,Eletrônicos,1818.24,2.0,0.0,False,True,cartao,são paulo,Entrega atrasada
5410,190.0,2024-06-04 00:00:00,Alimentos,76.26,3.0,0.05,False,True,dinheiro,sjc,ok
675,551.0,2025-04-27 00:00:00,Eletrônicos,702.03,1.0,0.0,True,True,cartao,SAOPAULO,telefone inválido
877,6.0,2025-10-31 00:00:00,Eletrônicos,1563.41,2.0,0.0,False,True,dinheiro,BRASÍLIA,ok
5013,408.0,2024-07-04 00:00:00,Acessórios,139.87,2.0,0.0,True,True,cartao,  vila velha,Entrega atrasada
5218,,2024-04-18 00:00:00,Eletrônicos,1969.27,3.0,0.0,False,True,dinheiro,SJC,ok
5060,700.0,2022-08-11 00:00:00,Alimentos,15.19,1.0,0.0,False,True,dinheiro,RIO,
4649,1197.0,2024-06-17 00:00:00,Informática,2774.01,2.0,0.0,False,True,Cartão ,Zon aSul,telefone inválido
6121,26.0,2023-11-01 00:00:00,Eletrônicos,731.12,,0.0,False,True,dinheiro,  Campinas,ok
2478,13.0,2022-06-10 00:00:00,Informática,0.0,1.0,0.0,False,True,,Curitiba,
2852,60.0,2022-06-03 00:00:00,Acessórios,63.62,2.0,0.0,False,True,dinheiro, P OA ,ok
2118,389.0,2024-04-11 00:00:00,Informática,872.36,1.0,0.0,False,True,boleto,FORTALEZA,
382,809.0,2024-01-13 00:00:00,Acessórios,54.38,1.0,0.0,False,True,cartao,Manaus,Entrega atrasada
4311,207.0,2025-03-11 00:00:00,Informática,2147.22,2.0,0.0,False,True,boleto,Zona Sul,Entrega atrasada
3716,787.0,2023-12-30 00:00:00,Eletrônicos,925.64,1.0,0.0,False,True,pix,BH,telefone inválido
3006,650.0,2024-04-08 00:00:00,Escritório,646.06,3.0,0.0,False,True,dinheiro, sao paulo centro ,Entrega atrasada
3276,1299.0,2023-02-22 00:00:00,Acessórios,24.16,1.0,0.0,False,True,,POA,ok
4318,1054.0,2024-10-02 00:00:00,Eletrônicos,1074.18,2.0,0.0,False,True,,Salvador,cliente reclamou
5558,1152.0,2024-07-02 00:00:00,,83.05,1.0,0.0,False,True,,niteroi,ok
1023,1223.0,2025-04-10 00:00:00,Informática,1072.47,1.0,0.0,False,True,cartao,zona sul,ok
5728,1131.0,2023-01-24 00:00:00,Eletrônicos,9999999.99,1.0,0.0,False,True,dinheiro,BRASÍLIA,cliente reclamou
6677,307.0,2024-11-19 00:00:00,Brinquedos,110.23,2.0,0.0,False,True,dinheiro,Porto Alegre,cliente reclamou
6971,954.0,2023-03-16 00:00:00,Escritório,173.86,1.0,0.0,False,True,cartao,manaus,
1765,1060.0,2025-08-16 00:00:00,Eletrônicos,1041.69,2.0,0.0,False,True,boleto,NITEROI,telefone inválido
3394,724.0,2024-06-02 00:00:00,Acessórios,35.93,1.0,0.0,False,True,Cartão ,SAO PAULO,ok
5202,37.0,2023-04-05 00:00:00,Eletrônicos,1377.3,2.0,0.15,False,True,,BELO HORIZONTE,cliente reclamou
1213,939.0,2025-09-11 00:00:00,Brinquedos,288.81,4.0,0.0,False,True,Cartão ,BH,cliente reclamou
4286,609.0,2023-09-03 00:00:00,Escritório,178.75,1.0,0.0,False,True,cartao,  Goiania ,
845,1058.0,2023-01-27 00:00:00,Escritório,268.44,1.0,0.0,False,True,pix,RIO,
1690,13.0,2025-05-08 00:00:00,Escritório,182.34,1.0,0.0,False,True,dinheiro,RIO DE JANEIRO,
1070,685.0,2025-09-09 00:00:00,Eletrônicos,1515.95,2.0,0.0,False,True,cartao,Niterói,telefone inválido
5964,519.0,2024-07-24 00:00:00,Escritório,363.8,2.0,0.0,False,True,,campinas,cliente reclamou
4295,1379.0,2022-12-06 00:00:00,Móveis,1350.27,1.0,0.0,False,True,Cartão ,POA,
5069,694.0,2025-07-16 00:00:00,Acessórios,56.6,1.0,0.0,False,True,cartao,SÃO PAULO,
62,345.0,2025-04-27 00:00:00,Alimentos,51.44,3.0,0.0,False,True,,iNteroi,
4540,1432.0,2025-09-11 00:00:00,Alimentos,118.83,5.0,0.0,False,True,pix,sao paulo,Entrega atrasada
2466,222.0,2022-01-15 00:00:00,Informática,0.0,1.0,0.0,False,True,dinheiro,rio de janerio,cliente reclamou
5676,461.0,2025-06-29 00:00:00,Alimentos,88.79,4.0,0.0,False,True,pix,rio,ok
3632,152.0,2025-02-21 00:00:00,Eletrônicos,758.3,2.0,0.0,False,True,boleto,RECIFE,
4971,479.0,2023-10-26 00:00:00,Brinquedos,275.17,3.0,0.0,False,True,Cartão ,Interior,cliente reclamou
2999,1308.0,2023-02-05 00:00:00,Móveis,1010.09,1.0,0.0,False,True,cartao,  são paulo,
4653,770.0,2025-03-26 00:00:00,Informática,1040.08,1.0,0.0,False,True,,niterói,cliente reclamou
3677,192.0,2022-12-10 00:00:00,Eletrônicos,554.18,1.0,0.0,False,True,cartao,bh,cliente reclamou
6104,80.0,2024-11-08 00:00:00,Eletrônicos,3466.73,3.0,0.0,False,True,,Niteroi,
5400,1335.0,2023-12-20 00:00:00,Informática,1702.92,1.0,0.0,False,True,cartao,sp,cliente reclamou
2425,220.0,2024-09-04 00:00:00,Escritório,183.28,1.0,0.0,False,True,dinheiro,campinas,
2332,947.0,2022-07-29 00:00:00,Informática,861.62,1.0,0.0,False,True,pix,Brasilia,telefone inválido
2921,1177.0,2022-11-09 00:00:00,Escritório,265.22,1.0,0.0,False,True,,SAO PAULO,telefone inválido
5958,151.0,2022-11-21 00:00:00,Acessórios,58.67,1.0,0.1,False,True,cartao,são paulo,
1710,43.0,2023-09-05 00:00:00,Alimentos,45.4,3.0,0.3,False,True,dinheiro,SP,ok
840,576.0,2023-06-06 00:00:00,Acessórios,75.86,2.0,0.0,False,True,boleto,  SJC,telefone inválido
5993,853.0,2024-02-01 00:00:00,Eletrônicos,689.7,1.0,0.0,False,True,dinheiro,SP,Entrega atrasada
3539,41.0,2022-03-04 00:00:00,Eletrônicos,641.38,1.0,0.0,False,True,dinheiro,SAO PAULO CENTRO,
2399,57.0,2024-02-22 00:00:00,Móveis,1706.26,2.0,0.0,False,True,Cartão ,SÃO PAULO,
6238,48.0,2024-05-21 00:00:00,Eletrônicos,808.95,1.0,0.0,False,True,pix,Rio de Janeiro,Entrega atrasada
879,1099.0,2023-01-07 00:00:00,Eletrônicos,585.42,1.0,0.0,False,True,cartao,SJC,ok
1770,569.0,2025-03-29 00:00:00,Eletrônicos,1243.22,2.0,0.0,False,True,Cartão ,,ok
5001,465.0,2025-05-20 00:00:00,Informática,1650.3,2.0,0.0,False,True,Cartão ,SAO JOSE DOS CAMPOS,Entrega atrasada
3712,688.0,2023-04-06 00:00:00,Acessórios,82.45,2.0,0.0,True,True,Cartão ,Niteroi,cliente reclamou
6183,219.0,2023-04-06 00:00:00,Informática,895.59,1.0,0.0,False,True,,ZONA SUL,Entrega atrasada
75,1160.0,2024-01-10 00:00:00,Acessórios,0.0,3.0,0.0,False,True,Cartão ,Manaus,
2224,386.0,2024-04-11 00:00:00,Eletrônicos,535.35,1.0,0.0,False,True,,rio de janeiro,telefone inválido
3545,1119.0,2022-11-13 00:00:00,Acessórios,94.97,2.0,0.0,False,True,cartao,curitiba,cliente reclamou
2927,396.0,2023-10-10 00:00:00,Acessórios,46.33,1.0,0.0,False,True,dinheiro,SJC,Entrega atrasada
3988,418.0,2025-08-18 00:00:00,Acessórios,128.73,3.0,0.0,False,True,dinheiro, S alvador ,Entrega atrasada
6000,255.0,2024-11-06 00:00:00,Escritório,303.06,1.0,0.0,False,True,,  rio de janeiro,cliente reclamou
443,982.0,2024-11-24 00:00:00,Escritório,302.85,1.0,0.0,False,True,boleto,SJC,
2662,349.0,2022-04-25 00:00:00,Alimentos,105.93,5.0,0.0,False,True,pix,SALVADOR,cliente reclamou
5536,158.0,2025-05-21 00:00:00,Brinquedos,122.39,2.0,0.0,False,True,boleto,Vila Velha,Entrega atrasada
6353,1029.0,2024-08-11 00:00:00,Alimentos,24.15,1.0,0.0,False,True,dinheiro,SãoPaulo,Entrega atrasada
82,1069.0,2024-08-22 00:00:00,Informática,1004.56,1.0,0.0,False,True,Cartão ,Campinas,
5949,404.0,2022-11-27 00:00:00,Informática,1884.82,2.0,0.1,False,True,Cartão ,GOIANIA,
4044,490.0,2023-09-22 00:00:00,Informática,781.25,1.0,0.0,False,True,boleto, SJC  ,cliente reclamou
392,706.0,2025-02-09 00:00:00,Eletrônicos,2056.18,3.0,0.3,False,True,pix,SÃO PAULO,ok
2717,,2024-04-07 00:00:00,Escritório,264.0,1.0,0.0,False,True,,  Manaus,
1503,1345.0,2023-11-22 00:00:00,Brinquedos,63.26,2.0,0.0,False,True,Cartão , Sao Paulo,
1804,818.0,2024-07-23 00:00:00,,833.2,1.0,0.15,False,True,pix,SJC,cliente reclamou
1667,905.0,2022-05-12 00:00:00,Alimentos,93.84,4.0,0.0,False,True,cartao,FORTALEZA,
6731,1330.0,2023-08-23 00:00:00,Móveis,1361.73,1.0,0.1,False,True,Cartão ,são apulo,telefone inválido
800,930.0,2023-08-14 00:00:00,Acessórios,114.8,2.0,0.0,False,True,boleto,fortaleza,Entrega atrasada
5405,28.0,2023-12-20 00:00:00,Eletrônicos,856.76,1.0,0.0,False,True,boleto,  PORTO ALEGRE ,
4247,432.0,2023-10-29 00:00:00,Móveis,7636.21,5.0,0.0,False,True,Cartão ,cuirtiba,
4642,842.0,2022-08-25 00:00:00,Acessórios,65.85,1.0,0.0,False,True,Cartão ,  PORTO ALEGRE ,
4228,1054.0,2025-02-13 00:00:00,Informática,694.8,,0.0,False,True,Cartão ,bh,ok
5440,889.0,2023-12-20 00:00:00,Eletrônicos,723.37,1.0,0.0,False,True,Cartão ,SP,ok
3684,625.0,2022-12-06 00:00:00,Escritório,267.23,1.0,0.0,False,True,Cartão ,Manaus,
2167,1129.0,2024-10-27 00:00:00,Informática,849.32,1.0,0.0,False,True,,,cliente reclamou
320,299.0,2023-07-24 00:00:00,Acessórios,70.36,,0.0,False,True,Cartão ,INTERIOR,ok
4543,670.0,2025-11-01 00:00:00,Informática,2391.12,2.0,0.0,False,True,Cartão ,Sao Paulo Centro,cliente reclamou
4477,904.0,2024-12-15 00:00:00,Informática,2044.09,2.0,0.0,False,True,Cartão ,são paulo,ok
5021,718.0,2025-08-08 00:00:00,Alimentos,43.74,2.0,0.1,False,True,cartao,,
2344,1142.0,2022-06-07 00:00:00,Escritório,251.0,1.0,0.0,False,True,,Rio,cliente reclamou
5567,91.0,2023-04-29 00:00:00,Acessórios,40.21,1.0,0.0,False,True,pix, CURITIBA ,Entrega atrasada
5368,272.0,2022-06-29 00:00:00,Escritório,142.66,1.0,0.0,False,True,cartao,CTBA,Entrega atrasada
2859,613.0,2024-02-18 00:00:00,Eletrônicos,230.16,1.0,0.0,False,True,boleto,SP,
6658,1266.0,2022-11-13 00:00:00,Informática,1587.91,1.0,0.0,False,True,Cartão ,SALVADOR,
4639,141.0,2023-11-27 00:00:00,Eletrônicos,577.68,1.0,0.0,False,True,,POA,cliente reclamou
5719,658.0,2023-07-31 00:00:00,Eletrônicos,515.01,1.0,0.0,False,True,Cartão , BELO HORIZONTE  ,
5087,851.0,2022-04-06 00:00:00,Informática,783.33,1.0,0.0,False,True,,Rio de Janeiro,ok
5043,1066.0,2022-01-14 00:00:00,Móveis,1533.94,1.0,0.0,False,True,boleto,sp,
2644,433.0,2024-08-19 00:00:00,Acessórios,44.81,1.0,0.0,False,True,pix,Sao Paulo  ,
5092,1135.0,2023-11-15 00:00:00,Informática,2601.79,2.0,0.0,False,True,Cartão ,INTERIOR,Entrega atrasada
3760,1315.0,2024-11-09 00:00:00,Acessórios,59.69,1.0,0.0,False,True,dinheiro,BRASÍLIA,telefone inválido
5601,534.0,2024-05-27 00:00:00,Eletrônicos,956.06,1.0,0.0,False,True,Cartão ,Niteroi,Entrega atrasada
2003,544.0,2022-11-12 00:00:00,Eletrônicos,623.6,1.0,0.15,False,True,pix,BH,cliente reclamou
3607,26.0,2025-02-20 00:00:00,Informática,878.22,,0.0,False,True,Cartão ,Sao Paulo ,
5599,192.0,2024-11-19 00:00:00,Móveis,1417.64,1.0,0.0,False,True,Cartão ,RIO DE JANEIRO,
268,909.0,2022-10-24 00:00:00,Móveis,1450.11,1.0,0.0,True,True,,campinas ,
1210,1180.0,2022-06-13 00:00:00,Escritório,0.0,1.0,0.0,False,True,pix,poa,
1665,258.0,2024-06-05 00:00:00,Brinquedos,91.3,2.0,0.0,False,True,dinheiro,SAO PAULOC ENTRO,telefone inválido
3729,469.0,2023-05-01 00:00:00,Escritório,178.41,1.0,0.0,False,True,,interior ,Entrega atrasada
472,1095.0,2025-08-01 00:00:00,Brinquedos,46.56,1.0,0.0,False,True,dinheiro,RJ,cliente reclamou
1697,1221.0,2024-03-13 00:00:00,Eletrônicos,489.53,1.0,0.0,False,True,,Porto Aelgre,Entrega atrasada
6339,1042.0,2023-02-10 00:00:00,Escritório,218.38,1.0,0.0,False,True,Cartão ,manaus,ok
3403,317.0,2029-12-25 00:00:00,Eletrônicos,1349.14,2.0,0.0,False,True,boleto,SJC,ok
3170,259.0,2024-09-21 00:00:00,Eletrônicos,606.61,1.0,0.15,False,True,dinheiro,Rio de Janeiro,telefone inválido
1242,306.0,2024-12-26 00:00:00,Alimentos,19.91,1.0,0.0,False,True,boleto,Sao Paulo Centro,
3440,672.0,2023-10-21 00:00:00,Móveis,1368.86,1.0,0.0,False,True,cartao,  bh,Entrega atrasada
4882,903.0,2022-02-18 00:00:00,Eletrônicos,1088.56,2.0,0.0,False,True,boleto,Niteroi,Entrega atrasada
1426,166.0,2022-06-26 00:00:00,Eletrônicos,667.61,1.0,0.0,False,False,,NITERÓI,ok
1527,728.0,2023-12-28 00:00:00,Escritório,353.8,1.0,0.0,False,True,pix,MANASU,telefone inválido
555,364.0,2025-06-25 00:00:00,Móveis,1637.87,1.0,0.0,False,True,dinheiro,Niteroi,Entrega atrasada
1692,218.0,2024-02-25 00:00:00,,1475.41,2.0,0.0,False,True,cartao,Curitiba,
4400,665.0,2025-08-08 00:00:00,Acessórios,60.43,1.0,0.0,False,True,Cartão ,sp,
4954,268.0,2023-10-05 00:00:00,Informática,971.05,1.0,0.0,False,True,cartao,,cliente reclamou
345,105.0,2024-01-22 00:00:00,Brinquedos,156.07,3.0,0.05,False,True,pix,RJ,cliente reclamou
859,187.0,2024-03-27 00:00:00,Eletrônicos,1194.25,2.0,0.0,False,True,dinheiro,sp,Entrega atrasada
6293,433.0,2022-03-11 00:00:00,Escritório,141.18,1.0,0.3,False,True,pix,vila velha,
1783,1101.0,2023-06-22 00:00:00,Móveis,1591.2,2.0,0.0,False,True,, SaoPaulo,
1451,128.0,2024-03-15 00:00:00,Alimentos,116.99,5.0,0.0,False,True,cartao,SP,
1820,1006.0,2025-04-05 00:00:00,Escritório,189.59,1.0,0.0,False,True,pix,,ok
1928,90.0,2025-04-11 00:00:00,Informática,1296.26,1.0,0.0,False,True,pix,rio de janeiro,
703,42.0,2022-01-18 00:00:00,Eletrônicos,577.57,1.0,0.0,False,True,,  Goiania,
229,606.0,2024-03-06 00:00:00,Alimentos,44.16,3.0,0.0,False,True,boleto,rio de janeiro,
6281,196.0,2023-04-19 00:00:00,Móveis,2987.65,3.0,0.0,False,True,cartao,Curitiba,
959,873.0,2024-08-31 00:00:00,Acessórios,0.0,2.0,0.0,False,True,, Brasília ,
6441,32.0,2024-08-03 00:00:00,Informática,737.33,1.0,0.0,False,True,dinheiro,Brasília,
1453,1192.0,2023-12-12 00:00:00,Acessórios,68.04,1.0,0.1,False,True,pix,rio de janeiro,cliente reclamou
6520,1107.0,2022-03-16 00:00:00,Escritório,293.08,2.0,0.0,False,True,pix,,
6285,1200.0,2024-12-23 00:00:00,Informática,1183.17,1.0,0.0,False,True,dinheiro, são paulo,telefone inválido
3279,621.0,2022-05-02 00:00:00,Informática,1708.13,2.0,0.0,False,True,cartao,FORTALEZA,
3967,86.0,2025-02-21 00:00:00,,192.96,1.0,0.15,False,True,,SALVADOR,telefone inválido
6079,69.0,2022-07-04 00:00:00,Eletrônicos,845.73,1.0,0.0,False,True,cartao,,
4601,213.0,2024-09-28 00:00:00,Eletrônicos,653.92,1.0,0.1,False,True,boleto,SAO PAULO CENTRO,Entrega atrasada
4366,356.0,2025-05-13 00:00:00,Eletrônicos,1146.56,2.0,0.0,False,True,dinheiro,Goiania,cliente reclamou
4123,963.0,2024-06-28 00:00:00,Alimentos,45.99,2.0,0.0,False,True,boleto,manaus,telefone inválido
545,263.0,2023-10-13 00:00:00,Informática,749.44,1.0,0.0,False,True,,sp,Entrega atrasada
6232,537.0,2022-11-19 00:00:00,Eletrônicos,538.73,1.0,0.0,False,True,pix,campinas,Entrega atrasada
1211,1179.0,2024-12-13 00:00:00,Escritório,254.85,1.0,0.0,False,False,,Campinsa,Entrega atrasada
3118,438.0,2023-12-01 00:00:00,Escritório,152.16,1.0,0.0,False,True,dinheiro,SP,Entrega atrasada
2829,1077.0,2022-08-31 00:00:00,Informática,1028.49,1.0,0.0,False,True,Cartão ,sao jose dos campos,Entrega atrasada
1775,214.0,2024-01-25 00:00:00,Brinquedos,109.05,2.0,0.0,False,True,cartao,Goiania,
1075,689.0,2024-04-05 00:00:00,Escritório,516.86,3.0,0.0,False,True,,Interior,Entrega atrasada
161,,2022-12-15 00:00:00,Eletrônicos,937.52,1.0,0.0,False,True,boleto,SP,Entrega atrasada
3667,1170.0,2023-01-30 00:00:00,Escritório,174.5,1.0,0.0,False,True,Cartão ,  CURITIBA,Entrega atrasada
5173,1104.0,2024-09-25 00:00:00,Móveis,1230.0,1.0,0.0,False,True,boleto,recife,cliente reclamou
6200,540.0,2022-04-08 00:00:00,Informática,1195.66,,0.0,False,True,pix,  bh  ,
1686,403.0,2022-07-06 00:00:00,Eletrônicos,747.24,1.0,0.0,False,True,dinheiro, Goiania,ok
5227,358.0,2023-04-02 00:00:00,,162.41,1.0,0.0,False,True,boleto,  poa  ,cliente reclamou
5885,1343.0,2023-12-26 00:00:00,Acessórios,73.69,1.0,0.0,False,True,boleto,Rio de Janerio,
3955,1258.0,2023-11-18 00:00:00,Eletrônicos,915.75,1.0,0.0,False,True,, SÃOPAULO,ok
1904,769.0,2022-06-20 00:00:00,Acessórios,35.17,1.0,0.0,False,True,cartao,rio de janeior ,Entrega atrasada
210,364.0,2024-12-13 00:00:00,Escritório,407.48,2.0,0.0,False,True,Cartão ,ZONA SUL,cliente reclamou
3864,757.0,2029-12-25 00:00:00,Informática,1130.83,1.0,0.0,False,True,,Niterói,
2804,102.0,2023-12-13 00:00:00,Eletrônicos,1067.77,1.0,0.0,False,True,dinheiro, sãopaulo  ,Entrega atrasada
720,1497.0,2023-06-27 00:00:00,Escritório,184.26,1.0,0.0,False,True,pix,SJC,cliente reclamou
5921,295.0,2024-07-31 00:00:00,Escritório,215.28,1.0,0.0,False,True,cartao,RIO,
1455,84.0,2023-12-11 00:00:00,Eletrônicos,1290.57,1.0,0.0,False,True,boleto,CURITIBA,cliente reclamou
4130,107.0,2024-04-09 00:00:00,Eletrônicos,584.91,1.0,0.0,False,True,boleto,Zona Sul,telefone inválido
6069,772.0,2024-03-31 00:00:00,Eletrônicos,939.23,2.0,0.1,False,True,cartao,bh  ,telefone inválido
6255,770.0,2023-02-07 00:00:00,Eletrônicos,679.32,1.0,0.0,False,True,pix,POA,
6356,42.0,2024-12-18 00:00:00,Informática,1167.59,1.0,0.0,False,True,cartao,SAO PAULO  ,cliente reclamou
468,432.0,2022-08-09 00:00:00,Eletrônicos,513.51,1.0,0.3,False,True,cartao,Porto Alegre  ,cliente reclamou
2092,1105.0,2023-09-10 00:00:00,Móveis,1627.57,1.0,0.0,False,True,pix,SAO PAULO,cliente reclamou
2530,262.0,2022-04-14 00:00:00,Informática,1052.66,1.0,0.0,False,True,pix,Niteroi,
2254,659.0,2022-02-14 00:00:00,Eletrônicos,814.51,1.0,0.0,False,True,Cartão ,RJ,Entrega atrasada
1375,640.0,2023-07-16 00:00:00,Brinquedos,112.45,2.0,0.0,False,True,Cartão ,PROTO ALEGRE,
760,201.0,2023-08-10 00:00:00,Alimentos,34.87,3.0,0.0,False,True,boleto,ri ode janeiro,Entrega atrasada
4545,406.0,2023-05-08 00:00:00,,13.84,2.0,0.0,False,True,boleto,Rio de Janeiro,ok
2601,851.0,2022-05-11 00:00:00,,42.68,1.0,0.0,False,True,cartao,BELO HORIZONTE,telefone inválido
1239,1027.0,2022-03-02 00:00:00,Acessórios,58.08,1.0,0.0,False,True,,VILA VELHA,ok
4983,211.0,2025-10-05 00:00:00,Acessórios,36.28,1.0,0.0,False,True,Cartão ,Brasília,
3570,764.0,2022-06-29 00:00:00,,39.67,1.0,0.0,False,True,dinheiro,sao paulo centro,ok
2477,463.0,2024-11-15 00:00:00,Informática,1122.38,,0.0,False,True,boleto,Goiania,Entrega atrasada
5255,468.0,2023-05-02 00:00:00,Informática,2527.09,2.0,0.05,False,True,Cartão ,,
1521,432.0,2024-02-28 00:00:00,,552.3,1.0,0.0,False,True,boleto,recife,cliente reclamou
4820,,2022-09-10 00:00:00,Alimentos,28.56,1.0,0.0,False,True,dinheiro,rio de janeiro,telefone inválido
2195,705.0,2024-02-10 00:00:00,Eletrônicos,852.6,1.0,0.0,False,True,Cartão ,JR  ,telefone inválido
3368,1036.0,2025-05-06 00:00:00,Eletrônicos,1913.63,3.0,0.0,False,True,boleto,Vila Velha,telefone inválido
1142,1434.0,2025-05-10 00:00:00,Acessórios,119.18,2.0,0.0,False,True,dinheiro, Recife ,telefone inválido
356,1116.0,2022-11-22 00:00:00,Acessórios,38.06,1.0,0.3,False,True,dinheiro, SAO JOSE DOS CAMPOS ,cliente reclamou
6560,6.0,2023-03-18 00:00:00,Brinquedos,110.23,2.0,0.0,False,True,pix,CTBA,telefone inválido
2883,985.0,2023-05-05 00:00:00,Eletrônicos,827.31,1.0,0.0,False,True,cartao,RIO,
2346,940.0,2022-02-02 00:00:00,Informática,600.02,1.0,0.15,False,True,pix,Manaus,cliente reclamou
240,1014.0,2023-11-06 00:00:00,Alimentos,59.77,2.0,0.0,False,True,boleto,curitiba,
6834,969.0,2023-01-28 00:00:00,Informática,1641.46,2.0,0.0,False,True,,NITERÓI,
2366,1068.0,2024-06-16 00:00:00,Alimentos,53.6,2.0,0.0,False,True,dinheiro,SP,ok
6446,561.0,2024-10-05 00:00:00,Eletrônicos,635.93,1.0,0.0,False,True,boleto,,telefone inválido
5080,522.0,2022-12-16 00:00:00,Brinquedos,72.7,1.0,0.0,False,True,cartao,Sao Paulo,cliente reclamou
6674,528.0,2025-08-22 00:00:00,Informática,1945.72,2.0,0.0,False,True,boleto,sp,ok
3244,533.0,2023-09-08 00:00:00,Escritório,199.84,1.0,0.0,False,True,cartao, goiania ,
336,1208.0,2025-02-19 00:00:00,Eletrônicos,496.64,1.0,0.0,False,True,cartao,sao jose dos campos,Entrega atrasada
2887,40.0,2023-10-15 00:00:00,Brinquedos,303.7,4.0,0.0,False,True,Cartão , sao jose dos campos ,telefone inválido
1591,1089.0,2024-03-07 00:00:00,Informática,995.93,1.0,0.0,False,True,Cartão ,niterói,telefone inválido
1787,590.0,2025-06-19 00:00:00,Acessórios,85.78,2.0,0.0,False,True,cartao,  Vila Velha  ,cliente reclamou
4129,517.0,2029-12-25 00:00:00,Informática,782.08,1.0,0.0,False,True,boleto,SAO PAULO,cliente reclamou
3371,76.0,2025-03-22 00:00:00,Eletrônicos,713.11,,0.0,False,True,pix,Niterói,cliente reclamou
1982,,2025-04-14 00:00:00,,476.87,1.0,0.0,False,True,,Rio,Entrega atrasada
6790,62.0,2023-09-13 00:00:00,Eletrônicos,517.07,1.0,0.0,False,True,boleto,  RIO DE JANEIRO,ok
1551,318.0,2024-01-01 00:00:00,Escritório,307.09,2.0,0.0,False,True,Cartão ,rio,cliente reclamou
5660,981.0,2023-08-23 00:00:00,Escritório,168.11,1.0,0.0,False,True,boleto,,
6001,428.0,2029-12-25 00:00:00,Acessórios,151.83,2.0,0.0,False,True,,campinas,Entrega atrasada
1062,447.0,2023-05-27 00:00:00,Escritório,233.9,1.0,0.0,False,True,cartao,sp,Entrega atrasada
851,166.0,2023-09-04 00:00:00,Escritório,151.74,1.0,0.0,False,True,Cartão , sp  ,telefone inválido
5217,1136.0,2022-03-31 00:00:00,Informática,2758.43,3.0,0.0,False,True,pix,SAO JOSE DOS CAMPOS,telefone inválido
1471,347.0,2024-12-20 00:00:00,Informática,2651.1,2.0,0.0,False,True,Cartão ,sp,ok
5036,1374.0,2023-08-31 00:00:00,Escritório,210.51,1.0,0.0,True,True,,RJ,Entrega atrasada
1372,405.0,2022-09-24 00:00:00,Informática,621.62,1.0,0.0,False,True,boleto,zona sul,Entrega atrasada
4100,339.0,2022-01-29 00:00:00,Eletrônicos,1049.85,2.0,0.0,False,True,dinheiro,,
3487,156.0,2023-11-09 00:00:00,Eletrônicos,856.33,1.0,0.0,False,True,boleto,BH,
5614,778.0,2024-12-30 00:00:00,Informática,2136.66,2.0,0.0,False,True,dinheiro,NITEROI,Entrega atrasada
5545,949.0,2023-10-01 00:00:00,Informática,-788.79,1.0,0.0,False,True,pix,Riod e Janeiro,ok
3685,180.0,2024-01-22 00:00:00,Acessórios,51.59,1.0,0.0,False,True,dinheiro,INTERIOR,cliente reclamou
5825,376.0,2022-01-08 00:00:00,Informática,1109.28,1.0,0.0,False,True,dinheiro,Rio de Janeiro,ok
529,1326.0,2023-05-02 00:00:00,Móveis,1253.79,1.0,0.0,False,True,dinheiro,bh,telefone inválido
6633,858.0,2022-02-16 00:00:00,Eletrônicos,376.31,1.0,0.0,False,True,pix,sao paulo,
4790,1043.0,2024-03-14 00:00:00,Acessórios,64.92,1.0,0.0,False,True,cartao,POA,cliente reclamou
5414,491.0,2022-09-21 00:00:00,Informática,945.84,1.0,0.05,False,True,pix, NITERÓI ,
1456,692.0,2022-09-20 00:00:00,Eletrônicos,1686.76,2.0,0.0,False,True,cartao,,Entrega atrasada
1827,1157.0,2022-07-04 00:00:00,Eletrônicos,1660.92,3.0,0.0,False,True,dinheiro,SP,telefone inválido
2988,992.0,2022-10-23 00:00:00,Eletrônicos,1042.52,1.0,0.0,False,True,boleto,fortaleza,ok
138,152.0,2023-11-03 00:00:00,Escritório,296.52,1.0,0.0,False,True,pix, goiania,telefone inválido
2765,110.0,2023-02-16 00:00:00,Eletrônicos,599.59,1.0,0.0,False,True,pix,Porto Alegre,
3710,125.0,2023-09-20 00:00:00,Eletrônicos,936.4,1.0,0.0,False,True,dinheiro,Niterói,ok
6032,1029.0,2022-06-02 00:00:00,Informática,1138.04,1.0,0.0,False,True,cartao,  Braíslia ,cliente reclamou
1748,1172.0,2022-04-24 00:00:00,Escritório,751.14,4.0,0.0,False,True,pix,  Salvador,
6357,,2022-02-28 00:00:00,Móveis,1656.56,1.0,0.0,False,False,boleto,rj,cliente reclamou
2835,328.0,2023-09-08 00:00:00,Escritório,744.5,4.0,0.0,False,True,dinheiro, SJC ,
4460,1262.0,2023-10-20 00:00:00,Informática,735.73,1.0,0.0,False,True,dinheiro,maanus,
5326,18.0,2022-05-19 00:00:00,Eletrônicos,766.51,1.0,0.0,False,True,dinheiro,Goiaina,
2435,874.0,2025-04-15 00:00:00,Eletrônicos,614.14,1.0,0.0,False,True,boleto,BH,cliente reclamou
3318,363.0,2023-08-12 00:00:00,Eletrônicos,2342.77,4.0,0.05,False,True,pix,rio de janeiro,
655,1214.0,2025-01-19 00:00:00,Informática,827.6,1.0,0.0,False,True,Cartão ,SÃO PAULO,cliente reclamou
1632,1027.0,2022-06-15 00:00:00,Informática,1423.56,1.0,0.0,False,True,pix,Niteroi,ok
3185,52.0,2022-02-23 00:00:00,Escritório,228.54,1.0,0.0,False,True,Cartão ,RECIFE,telefone inválido
5472,803.0,2025-02-24 00:00:00,,40.95,1.0,0.0,False,True,,  sjc  ,
5555,843.0,2024-11-30 00:00:00,Acessórios,0.0,1.0,0.05,False,True,dinheiro, SJC  ,
5317,600.0,2023-07-25 00:00:00,Eletrônicos,691.08,1.0,0.1,False,True,boleto,Manaus,Entrega atrasada
6187,361.0,2023-10-30 00:00:00,Acessórios,155.22,3.0,0.0,False,True,pix, Rio  ,ok
3661,26.0,2022-02-21 00:00:00,Eletrônicos,-1180.16,2.0,0.3,False,True,cartao,POA,
2429,1161.0,2029-12-25 00:00:00,Escritório,155.22,1.0,0.0,False,True,boleto,s p ,Entrega atrasada
1192,319.0,2022-06-02 00:00:00,,490.4,1.0,0.05,False,True,,são paulo,ok
4951,,2025-08-15 00:00:00,Eletrônicos,739.63,1.0,0.0,False,True,Cartão ,CTBA,
3838,111.0,2022-06-07 00:00:00,Eletrônicos,952.2,1.0,0.0,False,True,pix,Interior,telefone inválido
5881,1042.0,2025-10-07 00:00:00,Escritório,224.53,1.0,0.0,False,True,boleto,rio de janeiro,telefone inválido
3384,998.0,2022-08-14 00:00:00,Informática,1908.66,2.0,0.0,False,True,pix,SAO PAULO CENTRO,
4330,650.0,2024-05-03 00:00:00,Eletrônicos,1584.42,2.0,0.0,False,True,Cartão ,fortaleza,
2678,311.0,2024-04-17 00:00:00,Escritório,186.65,1.0,0.0,True,True,pix,INTERIOR,telefone inválido
6924,1127.0,2023-06-28 00:00:00,Informática,877.43,1.0,0.0,False,True,boleto,bh  ,Entrega atrasada
2514,640.0,2023-03-27 00:00:00,Acessórios,143.29,3.0,0.0,False,True,Cartão ,Brasília,cliente reclamou
298,,2024-07-11 00:00:00,Eletrônicos,2527.86,3.0,0.0,False,True,boleto,manaus,cliente reclamou
3434,695.0,2024-11-10 00:00:00,,941.63,1.0,0.0,False,True,,uCritiba,ok
737,17.0,2022-07-30 00:00:00,Escritório,282.95,1.0,0.0,False,True,,brasilia,cliente reclamou
6062,479.0,2024-09-14 00:00:00,Informática,1057.91,1.0,0.0,False,True,Cartão ,são apulo,Entrega atrasada
2834,30.0,2023-06-19 00:00:00,Eletrônicos,1245.74,2.0,0.0,False,True,pix,Niteroi,ok
1421,639.0,2023-08-05 00:00:00,Informática,1191.53,1.0,0.0,False,True,boleto,  CTBA ,telefone inválido
3183,80.0,2023-03-04 00:00:00,Eletrônicos,648.41,1.0,0.0,False,True,cartao,SP,
2783,425.0,2023-12-12 00:00:00,Brinquedos,241.82,3.0,0.0,False,True,Cartão ,SÃO PAULO,Entrega atrasada
5097,951.0,2024-05-23 00:00:00,Acessórios,49.27,1.0,0.0,False,True,cartao,brasília,
4805,1313.0,2023-10-09 00:00:00,Eletrônicos,0.0,3.0,0.0,False,True,Cartão ,SP,telefone inválido
2149,330.0,2022-07-25 00:00:00,Eletrônicos,847.23,1.0,0.0,False,True,dinheiro,Curitiba,
1850,1420.0,2023-10-18 00:00:00,Informática,1026.27,1.0,0.0,False,True,, PORTO ALEGRE,cliente reclamou
5873,1031.0,2025-04-18 00:00:00,Acessórios,64.79,1.0,0.0,False,True,cartao,Curitiba,
3142,1105.0,2022-05-21 00:00:00,Móveis,2725.3,2.0,0.0,False,True,boleto,aso paulo,cliente reclamou
4997,38.0,2025-03-14 00:00:00,Escritório,0.0,1.0,0.0,False,True,, BH ,ok
4145,77.0,2023-03-18 00:00:00,Eletrônicos,611.21,1.0,0.0,False,True,pix,CTBA,
4764,808.0,2025-05-30 00:00:00,Acessórios,44.57,1.0,0.0,False,True,Cartão ,São Paulo,cliente reclamou
4563,890.0,2024-10-11 00:00:00,Eletrônicos,1328.6,2.0,0.0,False,True,,GOIANIA ,cliente reclamou
688,32.0,2022-07-24 00:00:00,,1207.45,1.0,0.0,False,True,Cartão ,POA,Entrega atrasada
3241,363.0,2022-10-05 00:00:00,,1737.38,,0.0,False,True,dinheiro,brasília,
47,188.0,2024-10-29 00:00:00,Escritório,425.49,2.0,0.0,False,True,boleto,CURITIBA,telefone inválido
4637,985.0,2024-01-25 00:00:00,Eletrônicos,574.0,1.0,0.0,False,True,pix,salvador ,
5673,703.0,2025-09-05 00:00:00,Informática,1905.89,2.0,0.0,False,False,boleto,Salvador,
3700,174.0,2024-09-01 00:00:00,Alimentos,71.92,4.0,0.0,False,True,pix,Sao Paulo,ok
158,360.0,2023-04-02 00:00:00,Eletrônicos,1380.79,2.0,0.3,False,True,,BRASÍLIA,ok
2619,1062.0,2024-11-19 00:00:00,Informática,1455.06,1.0,0.0,False,True,boleto,Niteroi,cliente reclamou
3582,988.0,2025-10-23 00:00:00,Acessórios,98.88,2.0,0.0,False,True,Cartão ,goiania,
888,206.0,2022-06-23 00:00:00,Móveis,1172.52,1.0,0.0,False,True,dinheiro,CAMPINAS,
5052,,2025-01-01 00:00:00,Acessórios,31.89,1.0,0.0,False,True,, Brasilia ,Entrega atrasada
5892,1155.0,2024-05-21 00:00:00,Acessórios,72.6,1.0,0.0,False,True,dinheiro,campinas,Entrega atrasada
2441,927.0,2023-07-13 00:00:00,Eletrônicos,478.0,1.0,0.0,False,True,cartao,rio de janeiro,Entrega atrasada
6865,21.0,2022-04-05 00:00:00,Eletrônicos,919.51,1.0,0.0,False,True,cartao,SJC,ok
5978,461.0,2025-03-02 00:00:00,Acessórios,127.68,2.0,0.0,False,True,pix,Niteroi ,telefone inválido
3443,1207.0,2023-06-21 00:00:00,,200.29,1.0,0.0,False,True,,belo horizonte,cliente reclamou
3417,308.0,2022-10-17 00:00:00,Eletrônicos,696.9,1.0,0.0,False,True,pix,  SÃO PAULO ,
1912,1432.0,2024-02-15 00:00:00,Informática,712.29,1.0,0.0,False,True,,  sao paulo,cliente reclamou
2639,1204.0,2022-01-23 00:00:00,Acessórios,304.62,5.0,0.0,False,True,Cartão ,  NITEROI ,ok
2052,753.0,2023-07-21 00:00:00,Eletrônicos,1054.51,1.0,0.0,False,True,boleto,Belo Horizonte,
2171,,2022-06-01 00:00:00,Móveis,1519.5,1.0,0.0,False,True,pix,,Entrega atrasada
1942,178.0,2025-08-09 00:00:00,Eletrônicos,881.78,1.0,0.0,False,True,,São Paulo,cliente reclamou
4413,516.0,2022-01-27 00:00:00,Informática,1117.52,3.0,0.0,False,True,cartao,RIO DE JANEIRO,telefone inválido
4849,507.0,2025-04-11 00:00:00,Escritório,181.55,1.0,0.0,False,True,cartao,SP,ok
2919,991.0,2025-05-05 00:00:00,Móveis,1391.27,1.0,0.0,False,True,dinheiro,niterói,ok
4058,367.0,2022-08-22 00:00:00,Eletrônicos,670.82,1.0,0.0,False,True,,SA OJOSE DOS CAMPOS ,cliente reclamou
2131,1195.0,2023-04-08 00:00:00,Escritório,490.69,2.0,0.0,False,True,Cartão ,Curitiba,
183,1197.0,2024-04-21 00:00:00,Escritório,250.6,1.0,0.0,False,True,boleto,POA,
2173,147.0,2022-10-08 00:00:00,Informática,1171.13,1.0,0.0,False,True,boleto,Niteroi,cliente reclamou
1788,46.0,2025-02-14 00:00:00,Eletrônicos,634.69,1.0,0.0,False,True,boleto,SP ,cliente reclamou
65,567.0,2022-01-30 00:00:00,Eletrônicos,477.68,1.0,0.0,False,True,boleto,FORTLAEZA,Entrega atrasada
2433,78.0,2035-01-01 00:00:00,Eletrônicos,636.88,1.0,0.0,False,True,,Belo Horizonte,
1235,588.0,2023-07-02 00:00:00,Acessórios,64.95,2.0,0.0,False,True,,sp,ok
6231,728.0,2022-11-21 00:00:00,Informática,0.0,4.0,0.0,False,True,boleto,,telefone inválido
3355,222.0,2022-03-31 00:00:00,Informática,854.0,1.0,0.0,False,True,Cartão ,sao jose dos campos,telefone inválido
5460,650.0,2022-06-23 00:00:00,Escritório,732.54,3.0,0.0,False,True,pix,sao paulo centro,telefone inválido
5938,547.0,2024-06-18 00:00:00,Eletrônicos,2021.49,3.0,0.0,False,True,dinheiro,Belo Horizonte  ,
1949,447.0,2023-03-11 00:00:00,Escritório,336.21,2.0,0.1,False,True,cartao,campinas,
3810,131.0,2022-05-17 00:00:00,Informática,1459.09,1.0,0.0,False,True,Cartão ,SAO PAULO CENTRO,telefone inválido
5853,199.0,2024-12-04 00:00:00,,54.58,1.0,0.0,False,True,dinheiro,ãso paulo,
116,414.0,2025-10-15 00:00:00,Eletrônicos,925.23,1.0,0.0,False,True,dinheiro,sao paulo,Entrega atrasada
4160,370.0,2022-10-02 00:00:00,Eletrônicos,1223.88,2.0,0.0,False,True,boleto,SP,telefone inválido
6476,1379.0,2025-05-12 00:00:00,Eletrônicos,841.68,1.0,0.0,False,True,boleto,BH,cliente reclamou
3000,744.0,2024-07-14 00:00:00,,97.81,2.0,0.0,False,True,cartao,sp,telefone inválido
6501,1286.0,2022-04-12 00:00:00,Informática,1049.68,1.0,0.0,False,True,boleto,Interior,Entrega atrasada
2968,127.0,2023-10-06 00:00:00,Acessórios,0.0,2.0,0.0,True,True,,Curitiba,telefone inválido
5858,954.0,2023-06-25 00:00:00,,1147.06,2.0,0.0,False,True,cartao,Rio,
587,971.0,2025-05-04 00:00:00,Móveis,1077.44,1.0,0.0,False,True,boleto,sp,
3976,672.0,2022-01-14 00:00:00,Brinquedos,144.66,2.0,0.0,False,False,cartao,Rio,
5755,,2025-04-25 00:00:00,Escritório,213.33,1.0,0.0,False,True,pix,SAO PAULO CENTRO,cliente reclamou
6230,170.0,2024-07-01 00:00:00,Escritório,200.87,1.0,0.0,False,True,dinheiro,  sp  ,ok
1947,1045.0,2025-04-04 00:00:00,Escritório,427.41,2.0,0.0,False,True,Cartão ,salvador,
2737,957.0,2022-01-17 00:00:00,Informática,830.62,,0.0,False,True,cartao,RIO,telefone inválido
860,913.0,2025-09-11 00:00:00,Escritório,213.19,1.0,0.0,False,True,boleto,SJC,ok
2653,28.0,2024-06-07 00:00:00,Eletrônicos,793.56,1.0,0.0,False,True,boleto,SÃO PAULO  ,
5158,692.0,2023-07-30 00:00:00,Escritório,313.06,2.0,0.0,False,True,Cartão ,RJ,
6220,99.0,2024-10-31 00:00:00,Eletrônicos,1641.45,3.0,0.0,False,True,Cartão ,MANAUS,cliente reclamou
5792,968.0,2023-10-23 00:00:00,Escritório,150.47,1.0,0.0,False,True,Cartão ,CTBA,
181,1472.0,2023-08-22 00:00:00,Eletrônicos,768.59,1.0,0.0,False,True,Cartão ,curitiba,cliente reclamou
2206,,2023-06-07 00:00:00,Escritório,544.07,2.0,0.0,False,True,boleto,CURITIBA,
2053,307.0,2022-09-02 00:00:00,Informática,1149.83,1.0,0.0,False,True,boleto,  Vila Velha ,ok
50,291.0,2023-09-17 00:00:00,Acessórios,0.0,1.0,0.0,True,True,dinheiro,Curtiiba ,telefone inválido
5148,491.0,2024-08-22 00:00:00,Escritório,213.31,1.0,0.0,False,True,pix,  sp ,
391,103.0,2025-08-04 00:00:00,Eletrônicos,1597.85,2.0,0.15,False,True,cartao,sao paulo centro,cliente reclamou
996,1336.0,2023-05-18 00:00:00,Acessórios,39.77,1.0,0.1,False,True,Cartão ,SAO PAULO CENTRO,ok
6222,430.0,2022-08-12 00:00:00,Acessórios,36.74,1.0,0.0,False,True,cartao,,
6433,1436.0,2023-10-01 00:00:00,Informática,749.14,1.0,0.0,False,True,,Zona Sul,ok
4089,622.0,2022-01-13 00:00:00,Escritório,701.35,4.0,0.0,False,True,Cartão ,rio de janeiro,
4908,1341.0,2023-08-04 00:00:00,Eletrônicos,1067.33,1.0,0.0,False,True,,  SAO PAULO,cliente reclamou
6673,970.0,2023-07-19 00:00:00,Brinquedos,330.32,4.0,0.0,False,True,cartao,ok,POA
4290,627.0,2023-01-17 00:00:00,Escritório,388.49,2.0,0.1,False,True,cartao,RIOD E JANEIRO ,telefone inválido
2256,923.0,2022-10-25 00:00:00,Eletrônicos,1581.97,2.0,0.0,False,True,cartao,São Paulo,cliente reclamou
1465,994.0,2022-12-15 00:00:00,Móveis,3367.65,2.0,0.0,False,True,cartao,SP,ok
5901,287.0,2025-06-08 00:00:00,Informática,562.81,1.0,0.1,False,True,,recife,telefone inválido
4931,919.0,2024-01-22 00:00:00,Alimentos,45.87,2.0,0.0,False,True,,SP ,ok
5956,1040.0,2023-05-02 00:00:00,Eletrônicos,754.11,1.0,0.0,False,True,pix,  SP  ,
6760,3.0,2023-03-23 00:00:00,Acessórios,35.7,1.0,0.0,False,True,,SJC,ok
3098,873.0,2025-05-22 00:00:00,Brinquedos,91.51,2.0,0.0,False,True,Cartão ,SãoPaulo,cliente reclamou
562,1072.0,2025-05-31 00:00:00,Eletrônicos,416.73,1.0,0.0,False,True,boleto,  RJ,Entrega atrasada
1655,897.0,2023-12-10 00:00:00,Escritório,418.35,2.0,0.0,False,True,cartao,rio de janeiro,
